control_code,control_version_number,evidence_expectation,minimum_evidence,reuse_policy,provenance_ref,business_key
GOV-001,1,política aprobada; acta/revisión; RACI; registro de decisiones,Registro o evidencia verificable de ejecución.,"Puede reutilizarse entre requisitos/marcos sólo si objeto, periodo, alcance y vigencia son compatibles; la reutilización no implica cumplimiento automático.",PROV:TCDX:BASELINE_CONTROLS:v1,GOV-001|1|evidence_expectation
GOV-002,1,política aprobada; acta/revisión; RACI; registro de decisiones,Registro o evidencia verificable de ejecución.,"Puede reutilizarse entre requisitos/marcos sólo si objeto, periodo, alcance y vigencia son compatibles; la reutilización no implica cumplimiento automático.",PROV:TCDX:BASELINE_CONTROLS:v1,GOV-002|1|evidence_expectation
GOV-003,1,política aprobada; acta/revisión; RACI; registro de decisiones,Registro o evidencia verificable de ejecución.,"Puede reutilizarse entre requisitos/marcos sólo si objeto, periodo, alcance y vigencia son compatibles; la reutilización no implica cumplimiento automático.",PROV:TCDX:BASELINE_CONTROLS:v1,GOV-003|1|evidence_expectation
GOV-004,1,política aprobada; acta/revisión; RACI; registro de decisiones,Registro o evidencia verificable de ejecución.,"Puede reutilizarse entre requisitos/marcos sólo si objeto, periodo, alcance y vigencia son compatibles; la reutilización no implica cumplimiento automático.",PROV:TCDX:BASELINE_CONTROLS:v1,GOV-004|1|evidence_expectation
CTX-001,1,política aprobada; acta/revisión; RACI; registro de decisiones,Registro o evidencia verificable de ejecución.,"Puede reutilizarse entre requisitos/marcos sólo si objeto, periodo, alcance y vigencia son compatibles; la reutilización no implica cumplimiento automático.",PROV:TCDX:BASELINE_CONTROLS:v1,CTX-001|1|evidence_expectation
SCOPE-001,1,política aprobada; acta/revisión; RACI; registro de decisiones,Registro o evidencia verificable de ejecución.,"Puede reutilizarse entre requisitos/marcos sólo si objeto, periodo, alcance y vigencia son compatibles; la reutilización no implica cumplimiento automático.",PROV:TCDX:BASELINE_CONTROLS:v1,SCOPE-001|1|evidence_expectation
RISK-001,1,registro de riesgos; evaluación; plan de tratamiento; aceptación,Registro o evidencia verificable de ejecución.,"Puede reutilizarse entre requisitos/marcos sólo si objeto, periodo, alcance y vigencia son compatibles; la reutilización no implica cumplimiento automático.",PROV:TCDX:BASELINE_CONTROLS:v1,RISK-001|1|evidence_expectation
RISK-002,1,registro de riesgos; evaluación; plan de tratamiento; aceptación,Registro o evidencia verificable de ejecución.,"Puede reutilizarse entre requisitos/marcos sólo si objeto, periodo, alcance y vigencia son compatibles; la reutilización no implica cumplimiento automático.",PROV:TCDX:BASELINE_CONTROLS:v1,RISK-002|1|evidence_expectation
OBJ-001,1,política aprobada; acta/revisión; RACI; registro de decisiones,Registro o evidencia verificable de ejecución.,"Puede reutilizarse entre requisitos/marcos sólo si objeto, periodo, alcance y vigencia son compatibles; la reutilización no implica cumplimiento automático.",PROV:TCDX:BASELINE_CONTROLS:v1,OBJ-001|1|evidence_expectation
DOC-001,1,documento versionado; aprobación; historial; retención,Registro o evidencia verificable de ejecución.,"Puede reutilizarse entre requisitos/marcos sólo si objeto, periodo, alcance y vigencia son compatibles; la reutilización no implica cumplimiento automático.",PROV:TCDX:BASELINE_CONTROLS:v1,DOC-001|1|evidence_expectation
REC-001,1,documento versionado; aprobación; historial; retención,Registro o evidencia verificable de ejecución.,"Puede reutilizarse entre requisitos/marcos sólo si objeto, periodo, alcance y vigencia son compatibles; la reutilización no implica cumplimiento automático.",PROV:TCDX:BASELINE_CONTROLS:v1,REC-001|1|evidence_expectation
COMP-001,1,registro de competencia/formación; aceptación; comunicación,Registro o evidencia verificable de ejecución.,"Puede reutilizarse entre requisitos/marcos sólo si objeto, periodo, alcance y vigencia son compatibles; la reutilización no implica cumplimiento automático.",PROV:TCDX:BASELINE_CONTROLS:v1,COMP-001|1|evidence_expectation
AWARE-001,1,registro de competencia/formación; aceptación; comunicación,Registro o evidencia verificable de ejecución.,"Puede reutilizarse entre requisitos/marcos sólo si objeto, periodo, alcance y vigencia son compatibles; la reutilización no implica cumplimiento automático.",PROV:TCDX:BASELINE_CONTROLS:v1,AWARE-001|1|evidence_expectation
COMM-001,1,política aprobada; acta/revisión; RACI; registro de decisiones,Registro o evidencia verificable de ejecución.,"Puede reutilizarse entre requisitos/marcos sólo si objeto, periodo, alcance y vigencia son compatibles; la reutilización no implica cumplimiento automático.",PROV:TCDX:BASELINE_CONTROLS:v1,COMM-001|1|evidence_expectation
ETH-001,1,política aprobada; acta/revisión; RACI; registro de decisiones,Registro o evidencia verificable de ejecución.,"Puede reutilizarse entre requisitos/marcos sólo si objeto, periodo, alcance y vigencia son compatibles; la reutilización no implica cumplimiento automático.",PROV:TCDX:BASELINE_CONTROLS:v1,ETH-001|1|evidence_expectation
PROC-001,1,procedimiento; especificación; registro de revisión; indicador; evidencia de aceptación,Registro o evidencia verificable de ejecución.,"Puede reutilizarse entre requisitos/marcos sólo si objeto, periodo, alcance y vigencia son compatibles; la reutilización no implica cumplimiento automático.",PROV:TCDX:BASELINE_CONTROLS:v1,PROC-001|1|evidence_expectation
CHANGE-001,1,registro verificable; aprobación; evidencia de ejecución,Registro o evidencia verificable de ejecución.,"Puede reutilizarse entre requisitos/marcos sólo si objeto, periodo, alcance y vigencia son compatibles; la reutilización no implica cumplimiento automático.",PROV:TCDX:BASELINE_CONTROLS:v1,CHANGE-001|1|evidence_expectation
SUP-001,1,due diligence; contrato/DPA; evaluación; monitoreo,Registro o evidencia verificable de ejecución.,"Puede reutilizarse entre requisitos/marcos sólo si objeto, periodo, alcance y vigencia son compatibles; la reutilización no implica cumplimiento automático.",PROV:TCDX:BASELINE_CONTROLS:v1,SUP-001|1|evidence_expectation
CONTRACT-001,1,due diligence; contrato/DPA; evaluación; monitoreo,Registro o evidencia verificable de ejecución.,"Puede reutilizarse entre requisitos/marcos sólo si objeto, periodo, alcance y vigencia son compatibles; la reutilización no implica cumplimiento automático.",PROV:TCDX:BASELINE_CONTROLS:v1,CONTRACT-001|1|evidence_expectation
METRIC-001,1,programa; informe; hallazgo; métrica; acta,Registro o evidencia verificable de ejecución.,"Puede reutilizarse entre requisitos/marcos sólo si objeto, periodo, alcance y vigencia son compatibles; la reutilización no implica cumplimiento automático.",PROV:TCDX:BASELINE_CONTROLS:v1,METRIC-001|1|evidence_expectation
AUDIT-001,1,programa; informe; hallazgo; métrica; acta,Registro o evidencia verificable de ejecución.,"Puede reutilizarse entre requisitos/marcos sólo si objeto, periodo, alcance y vigencia son compatibles; la reutilización no implica cumplimiento automático.",PROV:TCDX:BASELINE_CONTROLS:v1,AUDIT-001|1|evidence_expectation
NC-001,1,registro verificable; aprobación; evidencia de ejecución,Registro o evidencia verificable de ejecución.,"Puede reutilizarse entre requisitos/marcos sólo si objeto, periodo, alcance y vigencia son compatibles; la reutilización no implica cumplimiento automático.",PROV:TCDX:BASELINE_CONTROLS:v1,NC-001|1|evidence_expectation
IMPROVE-001,1,registro verificable; aprobación; evidencia de ejecución,Registro o evidencia verificable de ejecución.,"Puede reutilizarse entre requisitos/marcos sólo si objeto, periodo, alcance y vigencia son compatibles; la reutilización no implica cumplimiento automático.",PROV:TCDX:BASELINE_CONTROLS:v1,IMPROVE-001|1|evidence_expectation
ACCESS-001,1,matriz de accesos; tickets alta/baja; revisión periódica; logs IAM,Registro o evidencia verificable de ejecución.,"Puede reutilizarse entre requisitos/marcos sólo si objeto, periodo, alcance y vigencia son compatibles; la reutilización no implica cumplimiento automático.",PROV:TCDX:BASELINE_CONTROLS:v1,ACCESS-001|1|evidence_expectation
ACCESS-002,1,matriz de accesos; tickets alta/baja; revisión periódica; logs IAM,Registro o evidencia verificable de ejecución.,"Puede reutilizarse entre requisitos/marcos sólo si objeto, periodo, alcance y vigencia son compatibles; la reutilización no implica cumplimiento automático.",PROV:TCDX:BASELINE_CONTROLS:v1,ACCESS-002|1|evidence_expectation
IAM-001,1,matriz de accesos; tickets alta/baja; revisión periódica; logs IAM,Registro o evidencia verificable de ejecución.,"Puede reutilizarse entre requisitos/marcos sólo si objeto, periodo, alcance y vigencia son compatibles; la reutilización no implica cumplimiento automático.",PROV:TCDX:BASELINE_CONTROLS:v1,IAM-001|1|evidence_expectation
SOD-001,1,matriz de accesos; tickets alta/baja; revisión periódica; logs IAM,Registro o evidencia verificable de ejecución.,"Puede reutilizarse entre requisitos/marcos sólo si objeto, periodo, alcance y vigencia son compatibles; la reutilización no implica cumplimiento automático.",PROV:TCDX:BASELINE_CONTROLS:v1,SOD-001|1|evidence_expectation
ASSET-001,1,registro verificable; aprobación; evidencia de ejecución,Registro o evidencia verificable de ejecución.,"Puede reutilizarse entre requisitos/marcos sólo si objeto, periodo, alcance y vigencia son compatibles; la reutilización no implica cumplimiento automático.",PROV:TCDX:BASELINE_CONTROLS:v1,ASSET-001|1|evidence_expectation
CLASS-001,1,inventario/clasificación; regla DLP; registro de transferencia/retención,Registro o evidencia verificable de ejecución.,"Puede reutilizarse entre requisitos/marcos sólo si objeto, periodo, alcance y vigencia son compatibles; la reutilización no implica cumplimiento automático.",PROV:TCDX:BASELINE_CONTROLS:v1,CLASS-001|1|evidence_expectation
TRANSFER-001,1,inventario/clasificación; regla DLP; registro de transferencia/retención,Registro o evidencia verificable de ejecución.,"Puede reutilizarse entre requisitos/marcos sólo si objeto, periodo, alcance y vigencia son compatibles; la reutilización no implica cumplimiento automático.",PROV:TCDX:BASELINE_CONTROLS:v1,TRANSFER-001|1|evidence_expectation
CRYPTO-001,1,configuración; reporte técnico; logs; ticket de remediación; prueba,Registro o evidencia verificable de ejecución.,"Puede reutilizarse entre requisitos/marcos sólo si objeto, periodo, alcance y vigencia son compatibles; la reutilización no implica cumplimiento automático.",PROV:TCDX:BASELINE_CONTROLS:v1,CRYPTO-001|1|evidence_expectation
VULN-001,1,configuración; reporte técnico; logs; ticket de remediación; prueba,Registro o evidencia verificable de ejecución.,"Puede reutilizarse entre requisitos/marcos sólo si objeto, periodo, alcance y vigencia son compatibles; la reutilización no implica cumplimiento automático.",PROV:TCDX:BASELINE_CONTROLS:v1,VULN-001|1|evidence_expectation
CONFIG-001,1,configuración; reporte técnico; logs; ticket de remediación; prueba,Registro o evidencia verificable de ejecución.,"Puede reutilizarse entre requisitos/marcos sólo si objeto, periodo, alcance y vigencia son compatibles; la reutilización no implica cumplimiento automático.",PROV:TCDX:BASELINE_CONTROLS:v1,CONFIG-001|1|evidence_expectation
MAL-001,1,configuración; reporte técnico; logs; ticket de remediación; prueba,Registro o evidencia verificable de ejecución.,"Puede reutilizarse entre requisitos/marcos sólo si objeto, periodo, alcance y vigencia son compatibles; la reutilización no implica cumplimiento automático.",PROV:TCDX:BASELINE_CONTROLS:v1,MAL-001|1|evidence_expectation
LOG-001,1,configuración; reporte técnico; logs; ticket de remediación; prueba,Registro o evidencia verificable de ejecución.,"Puede reutilizarse entre requisitos/marcos sólo si objeto, periodo, alcance y vigencia son compatibles; la reutilización no implica cumplimiento automático.",PROV:TCDX:BASELINE_CONTROLS:v1,LOG-001|1|evidence_expectation
MON-001,1,configuración; reporte técnico; logs; ticket de remediación; prueba,Registro o evidencia verificable de ejecución.,"Puede reutilizarse entre requisitos/marcos sólo si objeto, periodo, alcance y vigencia son compatibles; la reutilización no implica cumplimiento automático.",PROV:TCDX:BASELINE_CONTROLS:v1,MON-001|1|evidence_expectation
NET-001,1,configuración; reporte técnico; logs; ticket de remediación; prueba,Registro o evidencia verificable de ejecución.,"Puede reutilizarse entre requisitos/marcos sólo si objeto, periodo, alcance y vigencia son compatibles; la reutilización no implica cumplimiento automático.",PROV:TCDX:BASELINE_CONTROLS:v1,NET-001|1|evidence_expectation
DEV-001,1,requisitos; revisión de código; pruebas; aprobación de cambio,Registro o evidencia verificable de ejecución.,"Puede reutilizarse entre requisitos/marcos sólo si objeto, periodo, alcance y vigencia son compatibles; la reutilización no implica cumplimiento automático.",PROV:TCDX:BASELINE_CONTROLS:v1,DEV-001|1|evidence_expectation
TEST-001,1,requisitos; revisión de código; pruebas; aprobación de cambio,Registro o evidencia verificable de ejecución.,"Puede reutilizarse entre requisitos/marcos sólo si objeto, periodo, alcance y vigencia son compatibles; la reutilización no implica cumplimiento automático.",PROV:TCDX:BASELINE_CONTROLS:v1,TEST-001|1|evidence_expectation
BACKUP-001,1,plan; backup log; resultado de restauración/prueba; RTO/RPO,Registro o evidencia verificable de ejecución.,"Puede reutilizarse entre requisitos/marcos sólo si objeto, periodo, alcance y vigencia son compatibles; la reutilización no implica cumplimiento automático.",PROV:TCDX:BASELINE_CONTROLS:v1,BACKUP-001|1|evidence_expectation
BCM-001,1,plan; backup log; resultado de restauración/prueba; RTO/RPO,Registro o evidencia verificable de ejecución.,"Puede reutilizarse entre requisitos/marcos sólo si objeto, periodo, alcance y vigencia son compatibles; la reutilización no implica cumplimiento automático.",PROV:TCDX:BASELINE_CONTROLS:v1,BCM-001|1|evidence_expectation
INCIDENT-001,1,ticket; timeline; clasificación; evidencia; postmortem,Registro o evidencia verificable de ejecución.,"Puede reutilizarse entre requisitos/marcos sólo si objeto, periodo, alcance y vigencia son compatibles; la reutilización no implica cumplimiento automático.",PROV:TCDX:BASELINE_CONTROLS:v1,INCIDENT-001|1|evidence_expectation
EVIDENCE-001,1,hash; metadata; cadena de custodia; aprobación,Registro o evidencia verificable de ejecución.,"Puede reutilizarse entre requisitos/marcos sólo si objeto, periodo, alcance y vigencia son compatibles; la reutilización no implica cumplimiento automático.",PROV:TCDX:BASELINE_CONTROLS:v1,EVIDENCE-001|1|evidence_expectation
RETENTION-001,1,inventario/clasificación; regla DLP; registro de transferencia/retención,Registro o evidencia verificable de ejecución.,"Puede reutilizarse entre requisitos/marcos sólo si objeto, periodo, alcance y vigencia son compatibles; la reutilización no implica cumplimiento automático.",PROV:TCDX:BASELINE_CONTROLS:v1,RETENTION-001|1|evidence_expectation
PRIV-001,1,registro de tratamiento; aviso; solicitud; contrato; evaluación; log,Registro o evidencia verificable de ejecución.,"Puede reutilizarse entre requisitos/marcos sólo si objeto, periodo, alcance y vigencia son compatibles; la reutilización no implica cumplimiento automático.",PROV:TCDX:BASELINE_CONTROLS:v1,PRIV-001|1|evidence_expectation
PRIV-002,1,registro de tratamiento; aviso; solicitud; contrato; evaluación; log,Registro o evidencia verificable de ejecución.,"Puede reutilizarse entre requisitos/marcos sólo si objeto, periodo, alcance y vigencia son compatibles; la reutilización no implica cumplimiento automático.",PROV:TCDX:BASELINE_CONTROLS:v1,PRIV-002|1|evidence_expectation
PRIV-003,1,registro de tratamiento; aviso; solicitud; contrato; evaluación; log,Registro o evidencia verificable de ejecución.,"Puede reutilizarse entre requisitos/marcos sólo si objeto, periodo, alcance y vigencia son compatibles; la reutilización no implica cumplimiento automático.",PROV:TCDX:BASELINE_CONTROLS:v1,PRIV-003|1|evidence_expectation
PRIV-004,1,registro de tratamiento; aviso; solicitud; contrato; evaluación; log,Registro o evidencia verificable de ejecución.,"Puede reutilizarse entre requisitos/marcos sólo si objeto, periodo, alcance y vigencia son compatibles; la reutilización no implica cumplimiento automático.",PROV:TCDX:BASELINE_CONTROLS:v1,PRIV-004|1|evidence_expectation
PRIV-005,1,registro de tratamiento; aviso; solicitud; contrato; evaluación; log,Registro o evidencia verificable de ejecución.,"Puede reutilizarse entre requisitos/marcos sólo si objeto, periodo, alcance y vigencia son compatibles; la reutilización no implica cumplimiento automático.",PROV:TCDX:BASELINE_CONTROLS:v1,PRIV-005|1|evidence_expectation
PRIV-006,1,registro de tratamiento; aviso; solicitud; contrato; evaluación; log,Registro o evidencia verificable de ejecución.,"Puede reutilizarse entre requisitos/marcos sólo si objeto, periodo, alcance y vigencia son compatibles; la reutilización no implica cumplimiento automático.",PROV:TCDX:BASELINE_CONTROLS:v1,PRIV-006|1|evidence_expectation
PRIV-007,1,registro de tratamiento; aviso; solicitud; contrato; evaluación; log,Registro o evidencia verificable de ejecución.,"Puede reutilizarse entre requisitos/marcos sólo si objeto, periodo, alcance y vigencia son compatibles; la reutilización no implica cumplimiento automático.",PROV:TCDX:BASELINE_CONTROLS:v1,PRIV-007|1|evidence_expectation
PRIV-008,1,registro de tratamiento; aviso; solicitud; contrato; evaluación; log,Registro o evidencia verificable de ejecución.,"Puede reutilizarse entre requisitos/marcos sólo si objeto, periodo, alcance y vigencia son compatibles; la reutilización no implica cumplimiento automático.",PROV:TCDX:BASELINE_CONTROLS:v1,PRIV-008|1|evidence_expectation
PRIV-009,1,registro de tratamiento; aviso; solicitud; contrato; evaluación; log,Registro o evidencia verificable de ejecución.,"Puede reutilizarse entre requisitos/marcos sólo si objeto, periodo, alcance y vigencia son compatibles; la reutilización no implica cumplimiento automático.",PROV:TCDX:BASELINE_CONTROLS:v1,PRIV-009|1|evidence_expectation
PRIV-010,1,registro de tratamiento; aviso; solicitud; contrato; evaluación; log,Registro o evidencia verificable de ejecución.,"Puede reutilizarse entre requisitos/marcos sólo si objeto, periodo, alcance y vigencia son compatibles; la reutilización no implica cumplimiento automático.",PROV:TCDX:BASELINE_CONTROLS:v1,PRIV-010|1|evidence_expectation
PRIV-011,1,registro de tratamiento; aviso; solicitud; contrato; evaluación; log,Registro o evidencia verificable de ejecución.,"Puede reutilizarse entre requisitos/marcos sólo si objeto, periodo, alcance y vigencia son compatibles; la reutilización no implica cumplimiento automático.",PROV:TCDX:BASELINE_CONTROLS:v1,PRIV-011|1|evidence_expectation
PRIV-012,1,registro de tratamiento; aviso; solicitud; contrato; evaluación; log,Registro o evidencia verificable de ejecución.,"Puede reutilizarse entre requisitos/marcos sólo si objeto, periodo, alcance y vigencia son compatibles; la reutilización no implica cumplimiento automático.",PROV:TCDX:BASELINE_CONTROLS:v1,PRIV-012|1|evidence_expectation
AI-001,1,inventario IA; evaluación de impacto; system/model card; pruebas; logs; registros de datos,Registro o evidencia verificable de ejecución.,"Puede reutilizarse entre requisitos/marcos sólo si objeto, periodo, alcance y vigencia son compatibles; la reutilización no implica cumplimiento automático.",PROV:TCDX:BASELINE_CONTROLS:v1,AI-001|1|evidence_expectation
AI-002,1,inventario IA; evaluación de impacto; system/model card; pruebas; logs; registros de datos,Registro o evidencia verificable de ejecución.,"Puede reutilizarse entre requisitos/marcos sólo si objeto, periodo, alcance y vigencia son compatibles; la reutilización no implica cumplimiento automático.",PROV:TCDX:BASELINE_CONTROLS:v1,AI-002|1|evidence_expectation
AI-003,1,inventario IA; evaluación de impacto; system/model card; pruebas; logs; registros de datos,Registro o evidencia verificable de ejecución.,"Puede reutilizarse entre requisitos/marcos sólo si objeto, periodo, alcance y vigencia son compatibles; la reutilización no implica cumplimiento automático.",PROV:TCDX:BASELINE_CONTROLS:v1,AI-003|1|evidence_expectation
AI-004,1,inventario IA; evaluación de impacto; system/model card; pruebas; logs; registros de datos,Registro o evidencia verificable de ejecución.,"Puede reutilizarse entre requisitos/marcos sólo si objeto, periodo, alcance y vigencia son compatibles; la reutilización no implica cumplimiento automático.",PROV:TCDX:BASELINE_CONTROLS:v1,AI-004|1|evidence_expectation
AI-005,1,inventario IA; evaluación de impacto; system/model card; pruebas; logs; registros de datos,Registro o evidencia verificable de ejecución.,"Puede reutilizarse entre requisitos/marcos sólo si objeto, periodo, alcance y vigencia son compatibles; la reutilización no implica cumplimiento automático.",PROV:TCDX:BASELINE_CONTROLS:v1,AI-005|1|evidence_expectation
AI-006,1,inventario IA; evaluación de impacto; system/model card; pruebas; logs; registros de datos,Registro o evidencia verificable de ejecución.,"Puede reutilizarse entre requisitos/marcos sólo si objeto, periodo, alcance y vigencia son compatibles; la reutilización no implica cumplimiento automático.",PROV:TCDX:BASELINE_CONTROLS:v1,AI-006|1|evidence_expectation
AI-007,1,inventario IA; evaluación de impacto; system/model card; pruebas; logs; registros de datos,Registro o evidencia verificable de ejecución.,"Puede reutilizarse entre requisitos/marcos sólo si objeto, periodo, alcance y vigencia son compatibles; la reutilización no implica cumplimiento automático.",PROV:TCDX:BASELINE_CONTROLS:v1,AI-007|1|evidence_expectation
AI-008,1,inventario IA; evaluación de impacto; system/model card; pruebas; logs; registros de datos,Registro o evidencia verificable de ejecución.,"Puede reutilizarse entre requisitos/marcos sólo si objeto, periodo, alcance y vigencia son compatibles; la reutilización no implica cumplimiento automático.",PROV:TCDX:BASELINE_CONTROLS:v1,AI-008|1|evidence_expectation
AI-009,1,inventario IA; evaluación de impacto; system/model card; pruebas; logs; registros de datos,Registro o evidencia verificable de ejecución.,"Puede reutilizarse entre requisitos/marcos sólo si objeto, periodo, alcance y vigencia son compatibles; la reutilización no implica cumplimiento automático.",PROV:TCDX:BASELINE_CONTROLS:v1,AI-009|1|evidence_expectation
AI-010,1,inventario IA; evaluación de impacto; system/model card; pruebas; logs; registros de datos,Registro o evidencia verificable de ejecución.,"Puede reutilizarse entre requisitos/marcos sólo si objeto, periodo, alcance y vigencia son compatibles; la reutilización no implica cumplimiento automático.",PROV:TCDX:BASELINE_CONTROLS:v1,AI-010|1|evidence_expectation
AI-011,1,inventario IA; evaluación de impacto; system/model card; pruebas; logs; registros de datos,Registro o evidencia verificable de ejecución.,"Puede reutilizarse entre requisitos/marcos sólo si objeto, periodo, alcance y vigencia son compatibles; la reutilización no implica cumplimiento automático.",PROV:TCDX:BASELINE_CONTROLS:v1,AI-011|1|evidence_expectation
AI-012,1,inventario IA; evaluación de impacto; system/model card; pruebas; logs; registros de datos,Registro o evidencia verificable de ejecución.,"Puede reutilizarse entre requisitos/marcos sólo si objeto, periodo, alcance y vigencia son compatibles; la reutilización no implica cumplimiento automático.",PROV:TCDX:BASELINE_CONTROLS:v1,AI-012|1|evidence_expectation
AI-013,1,inventario IA; evaluación de impacto; system/model card; pruebas; logs; registros de datos,Registro o evidencia verificable de ejecución.,"Puede reutilizarse entre requisitos/marcos sólo si objeto, periodo, alcance y vigencia son compatibles; la reutilización no implica cumplimiento automático.",PROV:TCDX:BASELINE_CONTROLS:v1,AI-013|1|evidence_expectation
AI-014,1,inventario IA; evaluación de impacto; system/model card; pruebas; logs; registros de datos,Registro o evidencia verificable de ejecución.,"Puede reutilizarse entre requisitos/marcos sólo si objeto, periodo, alcance y vigencia son compatibles; la reutilización no implica cumplimiento automático.",PROV:TCDX:BASELINE_CONTROLS:v1,AI-014|1|evidence_expectation
AI-015,1,inventario IA; evaluación de impacto; system/model card; pruebas; logs; registros de datos,Registro o evidencia verificable de ejecución.,"Puede reutilizarse entre requisitos/marcos sólo si objeto, periodo, alcance y vigencia son compatibles; la reutilización no implica cumplimiento automático.",PROV:TCDX:BASELINE_CONTROLS:v1,AI-015|1|evidence_expectation
QUALITY-001,1,procedimiento; especificación; registro de revisión; indicador; evidencia de aceptación,Registro o evidencia verificable de ejecución.,"Puede reutilizarse entre requisitos/marcos sólo si objeto, periodo, alcance y vigencia son compatibles; la reutilización no implica cumplimiento automático.",PROV:TCDX:BASELINE_CONTROLS:v1,QUALITY-001|1|evidence_expectation
QUALITY-002,1,procedimiento; especificación; registro de revisión; indicador; evidencia de aceptación,Registro o evidencia verificable de ejecución.,"Puede reutilizarse entre requisitos/marcos sólo si objeto, periodo, alcance y vigencia son compatibles; la reutilización no implica cumplimiento automático.",PROV:TCDX:BASELINE_CONTROLS:v1,QUALITY-002|1|evidence_expectation
QUALITY-003,1,procedimiento; especificación; registro de revisión; indicador; evidencia de aceptación,Registro o evidencia verificable de ejecución.,"Puede reutilizarse entre requisitos/marcos sólo si objeto, periodo, alcance y vigencia son compatibles; la reutilización no implica cumplimiento automático.",PROV:TCDX:BASELINE_CONTROLS:v1,QUALITY-003|1|evidence_expectation
QUALITY-004,1,procedimiento; especificación; registro de revisión; indicador; evidencia de aceptación,Registro o evidencia verificable de ejecución.,"Puede reutilizarse entre requisitos/marcos sólo si objeto, periodo, alcance y vigencia son compatibles; la reutilización no implica cumplimiento automático.",PROV:TCDX:BASELINE_CONTROLS:v1,QUALITY-004|1|evidence_expectation
QUALITY-005,1,procedimiento; especificación; registro de revisión; indicador; evidencia de aceptación,Registro o evidencia verificable de ejecución.,"Puede reutilizarse entre requisitos/marcos sólo si objeto, periodo, alcance y vigencia son compatibles; la reutilización no implica cumplimiento automático.",PROV:TCDX:BASELINE_CONTROLS:v1,QUALITY-005|1|evidence_expectation
QUALITY-006,1,procedimiento; especificación; registro de revisión; indicador; evidencia de aceptación,Registro o evidencia verificable de ejecución.,"Puede reutilizarse entre requisitos/marcos sólo si objeto, periodo, alcance y vigencia son compatibles; la reutilización no implica cumplimiento automático.",PROV:TCDX:BASELINE_CONTROLS:v1,QUALITY-006|1|evidence_expectation
QUALITY-007,1,procedimiento; especificación; registro de revisión; indicador; evidencia de aceptación,Registro o evidencia verificable de ejecución.,"Puede reutilizarse entre requisitos/marcos sólo si objeto, periodo, alcance y vigencia son compatibles; la reutilización no implica cumplimiento automático.",PROV:TCDX:BASELINE_CONTROLS:v1,QUALITY-007|1|evidence_expectation
PHYS-001,1,configuración; reporte técnico; logs; ticket de remediación; prueba,Registro o evidencia verificable de ejecución.,"Puede reutilizarse entre requisitos/marcos sólo si objeto, periodo, alcance y vigencia son compatibles; la reutilización no implica cumplimiento automático.",PROV:TCDX:BASELINE_CONTROLS:v1,PHYS-001|1|evidence_expectation
CLOUD-001,1,configuración; reporte técnico; logs; ticket de remediación; prueba,Registro o evidencia verificable de ejecución.,"Puede reutilizarse entre requisitos/marcos sólo si objeto, periodo, alcance y vigencia son compatibles; la reutilización no implica cumplimiento automático.",PROV:TCDX:BASELINE_CONTROLS:v1,CLOUD-001|1|evidence_expectation
DLP-001,1,inventario/clasificación; regla DLP; registro de transferencia/retención,Registro o evidencia verificable de ejecución.,"Puede reutilizarse entre requisitos/marcos sólo si objeto, periodo, alcance y vigencia son compatibles; la reutilización no implica cumplimiento automático.",PROV:TCDX:BASELINE_CONTROLS:v1,DLP-001|1|evidence_expectation
