framework_code,framework_version_number,normative_unit_code,control_code,control_version_number,mapping_purpose,status,review_status,provenance_ref,business_key
ISO_IEC_27001_2022,1,A.5.1,ISO27001-REF-A.5.1,1,editorial_location,provisional,provisional,PROV:ISO_IEC_27001_2022:METADATA,ISO_IEC_27001_2022|1|A.5.1|ISO27001-REF-A.5.1|1
ISO_IEC_27001_2022,1,A.5.2,ISO27001-REF-A.5.2,1,editorial_location,provisional,provisional,PROV:ISO_IEC_27001_2022:METADATA,ISO_IEC_27001_2022|1|A.5.2|ISO27001-REF-A.5.2|1
ISO_IEC_27001_2022,1,A.5.3,ISO27001-REF-A.5.3,1,editorial_location,provisional,provisional,PROV:ISO_IEC_27001_2022:METADATA,ISO_IEC_27001_2022|1|A.5.3|ISO27001-REF-A.5.3|1
ISO_IEC_27001_2022,1,A.5.4,ISO27001-REF-A.5.4,1,editorial_location,provisional,provisional,PROV:ISO_IEC_27001_2022:METADATA,ISO_IEC_27001_2022|1|A.5.4|ISO27001-REF-A.5.4|1
ISO_IEC_27001_2022,1,A.5.5,ISO27001-REF-A.5.5,1,editorial_location,provisional,provisional,PROV:ISO_IEC_27001_2022:METADATA,ISO_IEC_27001_2022|1|A.5.5|ISO27001-REF-A.5.5|1
ISO_IEC_27001_2022,1,A.5.6,ISO27001-REF-A.5.6,1,editorial_location,provisional,provisional,PROV:ISO_IEC_27001_2022:METADATA,ISO_IEC_27001_2022|1|A.5.6|ISO27001-REF-A.5.6|1
ISO_IEC_27001_2022,1,A.5.7,ISO27001-REF-A.5.7,1,editorial_location,provisional,provisional,PROV:ISO_IEC_27001_2022:METADATA,ISO_IEC_27001_2022|1|A.5.7|ISO27001-REF-A.5.7|1
ISO_IEC_27001_2022,1,A.5.8,ISO27001-REF-A.5.8,1,editorial_location,provisional,provisional,PROV:ISO_IEC_27001_2022:METADATA,ISO_IEC_27001_2022|1|A.5.8|ISO27001-REF-A.5.8|1
ISO_IEC_27001_2022,1,A.5.9,ISO27001-REF-A.5.9,1,editorial_location,provisional,provisional,PROV:ISO_IEC_27001_2022:METADATA,ISO_IEC_27001_2022|1|A.5.9|ISO27001-REF-A.5.9|1
ISO_IEC_27001_2022,1,A.5.10,ISO27001-REF-A.5.10,1,editorial_location,provisional,provisional,PROV:ISO_IEC_27001_2022:METADATA,ISO_IEC_27001_2022|1|A.5.10|ISO27001-REF-A.5.10|1
ISO_IEC_27001_2022,1,A.5.11,ISO27001-REF-A.5.11,1,editorial_location,provisional,provisional,PROV:ISO_IEC_27001_2022:METADATA,ISO_IEC_27001_2022|1|A.5.11|ISO27001-REF-A.5.11|1
ISO_IEC_27001_2022,1,A.5.12,ISO27001-REF-A.5.12,1,editorial_location,provisional,provisional,PROV:ISO_IEC_27001_2022:METADATA,ISO_IEC_27001_2022|1|A.5.12|ISO27001-REF-A.5.12|1
ISO_IEC_27001_2022,1,A.5.13,ISO27001-REF-A.5.13,1,editorial_location,provisional,provisional,PROV:ISO_IEC_27001_2022:METADATA,ISO_IEC_27001_2022|1|A.5.13|ISO27001-REF-A.5.13|1
ISO_IEC_27001_2022,1,A.5.14,ISO27001-REF-A.5.14,1,editorial_location,provisional,provisional,PROV:ISO_IEC_27001_2022:METADATA,ISO_IEC_27001_2022|1|A.5.14|ISO27001-REF-A.5.14|1
ISO_IEC_27001_2022,1,A.5.15,ISO27001-REF-A.5.15,1,editorial_location,provisional,provisional,PROV:ISO_IEC_27001_2022:METADATA,ISO_IEC_27001_2022|1|A.5.15|ISO27001-REF-A.5.15|1
ISO_IEC_27001_2022,1,A.5.16,ISO27001-REF-A.5.16,1,editorial_location,provisional,provisional,PROV:ISO_IEC_27001_2022:METADATA,ISO_IEC_27001_2022|1|A.5.16|ISO27001-REF-A.5.16|1
ISO_IEC_27001_2022,1,A.5.17,ISO27001-REF-A.5.17,1,editorial_location,provisional,provisional,PROV:ISO_IEC_27001_2022:METADATA,ISO_IEC_27001_2022|1|A.5.17|ISO27001-REF-A.5.17|1
ISO_IEC_27001_2022,1,A.5.18,ISO27001-REF-A.5.18,1,editorial_location,provisional,provisional,PROV:ISO_IEC_27001_2022:METADATA,ISO_IEC_27001_2022|1|A.5.18|ISO27001-REF-A.5.18|1
ISO_IEC_27001_2022,1,A.5.19,ISO27001-REF-A.5.19,1,editorial_location,provisional,provisional,PROV:ISO_IEC_27001_2022:METADATA,ISO_IEC_27001_2022|1|A.5.19|ISO27001-REF-A.5.19|1
ISO_IEC_27001_2022,1,A.5.20,ISO27001-REF-A.5.20,1,editorial_location,provisional,provisional,PROV:ISO_IEC_27001_2022:METADATA,ISO_IEC_27001_2022|1|A.5.20|ISO27001-REF-A.5.20|1
ISO_IEC_27001_2022,1,A.5.21,ISO27001-REF-A.5.21,1,editorial_location,provisional,provisional,PROV:ISO_IEC_27001_2022:METADATA,ISO_IEC_27001_2022|1|A.5.21|ISO27001-REF-A.5.21|1
ISO_IEC_27001_2022,1,A.5.22,ISO27001-REF-A.5.22,1,editorial_location,provisional,provisional,PROV:ISO_IEC_27001_2022:METADATA,ISO_IEC_27001_2022|1|A.5.22|ISO27001-REF-A.5.22|1
ISO_IEC_27001_2022,1,A.5.23,ISO27001-REF-A.5.23,1,editorial_location,provisional,provisional,PROV:ISO_IEC_27001_2022:METADATA,ISO_IEC_27001_2022|1|A.5.23|ISO27001-REF-A.5.23|1
ISO_IEC_27001_2022,1,A.5.24,ISO27001-REF-A.5.24,1,editorial_location,provisional,provisional,PROV:ISO_IEC_27001_2022:METADATA,ISO_IEC_27001_2022|1|A.5.24|ISO27001-REF-A.5.24|1
ISO_IEC_27001_2022,1,A.5.25,ISO27001-REF-A.5.25,1,editorial_location,provisional,provisional,PROV:ISO_IEC_27001_2022:METADATA,ISO_IEC_27001_2022|1|A.5.25|ISO27001-REF-A.5.25|1
ISO_IEC_27001_2022,1,A.5.26,ISO27001-REF-A.5.26,1,editorial_location,provisional,provisional,PROV:ISO_IEC_27001_2022:METADATA,ISO_IEC_27001_2022|1|A.5.26|ISO27001-REF-A.5.26|1
ISO_IEC_27001_2022,1,A.5.27,ISO27001-REF-A.5.27,1,editorial_location,provisional,provisional,PROV:ISO_IEC_27001_2022:METADATA,ISO_IEC_27001_2022|1|A.5.27|ISO27001-REF-A.5.27|1
ISO_IEC_27001_2022,1,A.5.28,ISO27001-REF-A.5.28,1,editorial_location,provisional,provisional,PROV:ISO_IEC_27001_2022:METADATA,ISO_IEC_27001_2022|1|A.5.28|ISO27001-REF-A.5.28|1
ISO_IEC_27001_2022,1,A.5.29,ISO27001-REF-A.5.29,1,editorial_location,provisional,provisional,PROV:ISO_IEC_27001_2022:METADATA,ISO_IEC_27001_2022|1|A.5.29|ISO27001-REF-A.5.29|1
ISO_IEC_27001_2022,1,A.5.30,ISO27001-REF-A.5.30,1,editorial_location,provisional,provisional,PROV:ISO_IEC_27001_2022:METADATA,ISO_IEC_27001_2022|1|A.5.30|ISO27001-REF-A.5.30|1
ISO_IEC_27001_2022,1,A.5.31,ISO27001-REF-A.5.31,1,editorial_location,provisional,provisional,PROV:ISO_IEC_27001_2022:METADATA,ISO_IEC_27001_2022|1|A.5.31|ISO27001-REF-A.5.31|1
ISO_IEC_27001_2022,1,A.5.32,ISO27001-REF-A.5.32,1,editorial_location,provisional,provisional,PROV:ISO_IEC_27001_2022:METADATA,ISO_IEC_27001_2022|1|A.5.32|ISO27001-REF-A.5.32|1
ISO_IEC_27001_2022,1,A.5.33,ISO27001-REF-A.5.33,1,editorial_location,provisional,provisional,PROV:ISO_IEC_27001_2022:METADATA,ISO_IEC_27001_2022|1|A.5.33|ISO27001-REF-A.5.33|1
ISO_IEC_27001_2022,1,A.5.34,ISO27001-REF-A.5.34,1,editorial_location,provisional,provisional,PROV:ISO_IEC_27001_2022:METADATA,ISO_IEC_27001_2022|1|A.5.34|ISO27001-REF-A.5.34|1
ISO_IEC_27001_2022,1,A.5.35,ISO27001-REF-A.5.35,1,editorial_location,provisional,provisional,PROV:ISO_IEC_27001_2022:METADATA,ISO_IEC_27001_2022|1|A.5.35|ISO27001-REF-A.5.35|1
ISO_IEC_27001_2022,1,A.5.36,ISO27001-REF-A.5.36,1,editorial_location,provisional,provisional,PROV:ISO_IEC_27001_2022:METADATA,ISO_IEC_27001_2022|1|A.5.36|ISO27001-REF-A.5.36|1
ISO_IEC_27001_2022,1,A.5.37,ISO27001-REF-A.5.37,1,editorial_location,provisional,provisional,PROV:ISO_IEC_27001_2022:METADATA,ISO_IEC_27001_2022|1|A.5.37|ISO27001-REF-A.5.37|1
ISO_IEC_27001_2022,1,A.6.1,ISO27001-REF-A.6.1,1,editorial_location,provisional,provisional,PROV:ISO_IEC_27001_2022:METADATA,ISO_IEC_27001_2022|1|A.6.1|ISO27001-REF-A.6.1|1
ISO_IEC_27001_2022,1,A.6.2,ISO27001-REF-A.6.2,1,editorial_location,provisional,provisional,PROV:ISO_IEC_27001_2022:METADATA,ISO_IEC_27001_2022|1|A.6.2|ISO27001-REF-A.6.2|1
ISO_IEC_27001_2022,1,A.6.3,ISO27001-REF-A.6.3,1,editorial_location,provisional,provisional,PROV:ISO_IEC_27001_2022:METADATA,ISO_IEC_27001_2022|1|A.6.3|ISO27001-REF-A.6.3|1
ISO_IEC_27001_2022,1,A.6.4,ISO27001-REF-A.6.4,1,editorial_location,provisional,provisional,PROV:ISO_IEC_27001_2022:METADATA,ISO_IEC_27001_2022|1|A.6.4|ISO27001-REF-A.6.4|1
ISO_IEC_27001_2022,1,A.6.5,ISO27001-REF-A.6.5,1,editorial_location,provisional,provisional,PROV:ISO_IEC_27001_2022:METADATA,ISO_IEC_27001_2022|1|A.6.5|ISO27001-REF-A.6.5|1
ISO_IEC_27001_2022,1,A.6.6,ISO27001-REF-A.6.6,1,editorial_location,provisional,provisional,PROV:ISO_IEC_27001_2022:METADATA,ISO_IEC_27001_2022|1|A.6.6|ISO27001-REF-A.6.6|1
ISO_IEC_27001_2022,1,A.6.7,ISO27001-REF-A.6.7,1,editorial_location,provisional,provisional,PROV:ISO_IEC_27001_2022:METADATA,ISO_IEC_27001_2022|1|A.6.7|ISO27001-REF-A.6.7|1
ISO_IEC_27001_2022,1,A.6.8,ISO27001-REF-A.6.8,1,editorial_location,provisional,provisional,PROV:ISO_IEC_27001_2022:METADATA,ISO_IEC_27001_2022|1|A.6.8|ISO27001-REF-A.6.8|1
ISO_IEC_27001_2022,1,A.7.1,ISO27001-REF-A.7.1,1,editorial_location,provisional,provisional,PROV:ISO_IEC_27001_2022:METADATA,ISO_IEC_27001_2022|1|A.7.1|ISO27001-REF-A.7.1|1
ISO_IEC_27001_2022,1,A.7.2,ISO27001-REF-A.7.2,1,editorial_location,provisional,provisional,PROV:ISO_IEC_27001_2022:METADATA,ISO_IEC_27001_2022|1|A.7.2|ISO27001-REF-A.7.2|1
ISO_IEC_27001_2022,1,A.7.3,ISO27001-REF-A.7.3,1,editorial_location,provisional,provisional,PROV:ISO_IEC_27001_2022:METADATA,ISO_IEC_27001_2022|1|A.7.3|ISO27001-REF-A.7.3|1
ISO_IEC_27001_2022,1,A.7.4,ISO27001-REF-A.7.4,1,editorial_location,provisional,provisional,PROV:ISO_IEC_27001_2022:METADATA,ISO_IEC_27001_2022|1|A.7.4|ISO27001-REF-A.7.4|1
ISO_IEC_27001_2022,1,A.7.5,ISO27001-REF-A.7.5,1,editorial_location,provisional,provisional,PROV:ISO_IEC_27001_2022:METADATA,ISO_IEC_27001_2022|1|A.7.5|ISO27001-REF-A.7.5|1
ISO_IEC_27001_2022,1,A.7.6,ISO27001-REF-A.7.6,1,editorial_location,provisional,provisional,PROV:ISO_IEC_27001_2022:METADATA,ISO_IEC_27001_2022|1|A.7.6|ISO27001-REF-A.7.6|1
ISO_IEC_27001_2022,1,A.7.7,ISO27001-REF-A.7.7,1,editorial_location,provisional,provisional,PROV:ISO_IEC_27001_2022:METADATA,ISO_IEC_27001_2022|1|A.7.7|ISO27001-REF-A.7.7|1
ISO_IEC_27001_2022,1,A.7.8,ISO27001-REF-A.7.8,1,editorial_location,provisional,provisional,PROV:ISO_IEC_27001_2022:METADATA,ISO_IEC_27001_2022|1|A.7.8|ISO27001-REF-A.7.8|1
ISO_IEC_27001_2022,1,A.7.9,ISO27001-REF-A.7.9,1,editorial_location,provisional,provisional,PROV:ISO_IEC_27001_2022:METADATA,ISO_IEC_27001_2022|1|A.7.9|ISO27001-REF-A.7.9|1
ISO_IEC_27001_2022,1,A.7.10,ISO27001-REF-A.7.10,1,editorial_location,provisional,provisional,PROV:ISO_IEC_27001_2022:METADATA,ISO_IEC_27001_2022|1|A.7.10|ISO27001-REF-A.7.10|1
ISO_IEC_27001_2022,1,A.7.11,ISO27001-REF-A.7.11,1,editorial_location,provisional,provisional,PROV:ISO_IEC_27001_2022:METADATA,ISO_IEC_27001_2022|1|A.7.11|ISO27001-REF-A.7.11|1
ISO_IEC_27001_2022,1,A.7.12,ISO27001-REF-A.7.12,1,editorial_location,provisional,provisional,PROV:ISO_IEC_27001_2022:METADATA,ISO_IEC_27001_2022|1|A.7.12|ISO27001-REF-A.7.12|1
ISO_IEC_27001_2022,1,A.7.13,ISO27001-REF-A.7.13,1,editorial_location,provisional,provisional,PROV:ISO_IEC_27001_2022:METADATA,ISO_IEC_27001_2022|1|A.7.13|ISO27001-REF-A.7.13|1
ISO_IEC_27001_2022,1,A.7.14,ISO27001-REF-A.7.14,1,editorial_location,provisional,provisional,PROV:ISO_IEC_27001_2022:METADATA,ISO_IEC_27001_2022|1|A.7.14|ISO27001-REF-A.7.14|1
ISO_IEC_27001_2022,1,A.8.1,ISO27001-REF-A.8.1,1,editorial_location,provisional,provisional,PROV:ISO_IEC_27001_2022:METADATA,ISO_IEC_27001_2022|1|A.8.1|ISO27001-REF-A.8.1|1
ISO_IEC_27001_2022,1,A.8.2,ISO27001-REF-A.8.2,1,editorial_location,provisional,provisional,PROV:ISO_IEC_27001_2022:METADATA,ISO_IEC_27001_2022|1|A.8.2|ISO27001-REF-A.8.2|1
ISO_IEC_27001_2022,1,A.8.3,ISO27001-REF-A.8.3,1,editorial_location,provisional,provisional,PROV:ISO_IEC_27001_2022:METADATA,ISO_IEC_27001_2022|1|A.8.3|ISO27001-REF-A.8.3|1
ISO_IEC_27001_2022,1,A.8.4,ISO27001-REF-A.8.4,1,editorial_location,provisional,provisional,PROV:ISO_IEC_27001_2022:METADATA,ISO_IEC_27001_2022|1|A.8.4|ISO27001-REF-A.8.4|1
ISO_IEC_27001_2022,1,A.8.5,ISO27001-REF-A.8.5,1,editorial_location,provisional,provisional,PROV:ISO_IEC_27001_2022:METADATA,ISO_IEC_27001_2022|1|A.8.5|ISO27001-REF-A.8.5|1
ISO_IEC_27001_2022,1,A.8.6,ISO27001-REF-A.8.6,1,editorial_location,provisional,provisional,PROV:ISO_IEC_27001_2022:METADATA,ISO_IEC_27001_2022|1|A.8.6|ISO27001-REF-A.8.6|1
ISO_IEC_27001_2022,1,A.8.7,ISO27001-REF-A.8.7,1,editorial_location,provisional,provisional,PROV:ISO_IEC_27001_2022:METADATA,ISO_IEC_27001_2022|1|A.8.7|ISO27001-REF-A.8.7|1
ISO_IEC_27001_2022,1,A.8.8,ISO27001-REF-A.8.8,1,editorial_location,provisional,provisional,PROV:ISO_IEC_27001_2022:METADATA,ISO_IEC_27001_2022|1|A.8.8|ISO27001-REF-A.8.8|1
ISO_IEC_27001_2022,1,A.8.9,ISO27001-REF-A.8.9,1,editorial_location,provisional,provisional,PROV:ISO_IEC_27001_2022:METADATA,ISO_IEC_27001_2022|1|A.8.9|ISO27001-REF-A.8.9|1
ISO_IEC_27001_2022,1,A.8.10,ISO27001-REF-A.8.10,1,editorial_location,provisional,provisional,PROV:ISO_IEC_27001_2022:METADATA,ISO_IEC_27001_2022|1|A.8.10|ISO27001-REF-A.8.10|1
ISO_IEC_27001_2022,1,A.8.11,ISO27001-REF-A.8.11,1,editorial_location,provisional,provisional,PROV:ISO_IEC_27001_2022:METADATA,ISO_IEC_27001_2022|1|A.8.11|ISO27001-REF-A.8.11|1
ISO_IEC_27001_2022,1,A.8.12,ISO27001-REF-A.8.12,1,editorial_location,provisional,provisional,PROV:ISO_IEC_27001_2022:METADATA,ISO_IEC_27001_2022|1|A.8.12|ISO27001-REF-A.8.12|1
ISO_IEC_27001_2022,1,A.8.13,ISO27001-REF-A.8.13,1,editorial_location,provisional,provisional,PROV:ISO_IEC_27001_2022:METADATA,ISO_IEC_27001_2022|1|A.8.13|ISO27001-REF-A.8.13|1
ISO_IEC_27001_2022,1,A.8.14,ISO27001-REF-A.8.14,1,editorial_location,provisional,provisional,PROV:ISO_IEC_27001_2022:METADATA,ISO_IEC_27001_2022|1|A.8.14|ISO27001-REF-A.8.14|1
ISO_IEC_27001_2022,1,A.8.15,ISO27001-REF-A.8.15,1,editorial_location,provisional,provisional,PROV:ISO_IEC_27001_2022:METADATA,ISO_IEC_27001_2022|1|A.8.15|ISO27001-REF-A.8.15|1
ISO_IEC_27001_2022,1,A.8.16,ISO27001-REF-A.8.16,1,editorial_location,provisional,provisional,PROV:ISO_IEC_27001_2022:METADATA,ISO_IEC_27001_2022|1|A.8.16|ISO27001-REF-A.8.16|1
ISO_IEC_27001_2022,1,A.8.17,ISO27001-REF-A.8.17,1,editorial_location,provisional,provisional,PROV:ISO_IEC_27001_2022:METADATA,ISO_IEC_27001_2022|1|A.8.17|ISO27001-REF-A.8.17|1
ISO_IEC_27001_2022,1,A.8.18,ISO27001-REF-A.8.18,1,editorial_location,provisional,provisional,PROV:ISO_IEC_27001_2022:METADATA,ISO_IEC_27001_2022|1|A.8.18|ISO27001-REF-A.8.18|1
ISO_IEC_27001_2022,1,A.8.19,ISO27001-REF-A.8.19,1,editorial_location,provisional,provisional,PROV:ISO_IEC_27001_2022:METADATA,ISO_IEC_27001_2022|1|A.8.19|ISO27001-REF-A.8.19|1
ISO_IEC_27001_2022,1,A.8.20,ISO27001-REF-A.8.20,1,editorial_location,provisional,provisional,PROV:ISO_IEC_27001_2022:METADATA,ISO_IEC_27001_2022|1|A.8.20|ISO27001-REF-A.8.20|1
ISO_IEC_27001_2022,1,A.8.21,ISO27001-REF-A.8.21,1,editorial_location,provisional,provisional,PROV:ISO_IEC_27001_2022:METADATA,ISO_IEC_27001_2022|1|A.8.21|ISO27001-REF-A.8.21|1
ISO_IEC_27001_2022,1,A.8.22,ISO27001-REF-A.8.22,1,editorial_location,provisional,provisional,PROV:ISO_IEC_27001_2022:METADATA,ISO_IEC_27001_2022|1|A.8.22|ISO27001-REF-A.8.22|1
ISO_IEC_27001_2022,1,A.8.23,ISO27001-REF-A.8.23,1,editorial_location,provisional,provisional,PROV:ISO_IEC_27001_2022:METADATA,ISO_IEC_27001_2022|1|A.8.23|ISO27001-REF-A.8.23|1
ISO_IEC_27001_2022,1,A.8.24,ISO27001-REF-A.8.24,1,editorial_location,provisional,provisional,PROV:ISO_IEC_27001_2022:METADATA,ISO_IEC_27001_2022|1|A.8.24|ISO27001-REF-A.8.24|1
ISO_IEC_27001_2022,1,A.8.25,ISO27001-REF-A.8.25,1,editorial_location,provisional,provisional,PROV:ISO_IEC_27001_2022:METADATA,ISO_IEC_27001_2022|1|A.8.25|ISO27001-REF-A.8.25|1
ISO_IEC_27001_2022,1,A.8.26,ISO27001-REF-A.8.26,1,editorial_location,provisional,provisional,PROV:ISO_IEC_27001_2022:METADATA,ISO_IEC_27001_2022|1|A.8.26|ISO27001-REF-A.8.26|1
ISO_IEC_27001_2022,1,A.8.27,ISO27001-REF-A.8.27,1,editorial_location,provisional,provisional,PROV:ISO_IEC_27001_2022:METADATA,ISO_IEC_27001_2022|1|A.8.27|ISO27001-REF-A.8.27|1
ISO_IEC_27001_2022,1,A.8.28,ISO27001-REF-A.8.28,1,editorial_location,provisional,provisional,PROV:ISO_IEC_27001_2022:METADATA,ISO_IEC_27001_2022|1|A.8.28|ISO27001-REF-A.8.28|1
ISO_IEC_27001_2022,1,A.8.29,ISO27001-REF-A.8.29,1,editorial_location,provisional,provisional,PROV:ISO_IEC_27001_2022:METADATA,ISO_IEC_27001_2022|1|A.8.29|ISO27001-REF-A.8.29|1
ISO_IEC_27001_2022,1,A.8.30,ISO27001-REF-A.8.30,1,editorial_location,provisional,provisional,PROV:ISO_IEC_27001_2022:METADATA,ISO_IEC_27001_2022|1|A.8.30|ISO27001-REF-A.8.30|1
ISO_IEC_27001_2022,1,A.8.31,ISO27001-REF-A.8.31,1,editorial_location,provisional,provisional,PROV:ISO_IEC_27001_2022:METADATA,ISO_IEC_27001_2022|1|A.8.31|ISO27001-REF-A.8.31|1
ISO_IEC_27001_2022,1,A.8.32,ISO27001-REF-A.8.32,1,editorial_location,provisional,provisional,PROV:ISO_IEC_27001_2022:METADATA,ISO_IEC_27001_2022|1|A.8.32|ISO27001-REF-A.8.32|1
ISO_IEC_27001_2022,1,A.8.33,ISO27001-REF-A.8.33,1,editorial_location,provisional,provisional,PROV:ISO_IEC_27001_2022:METADATA,ISO_IEC_27001_2022|1|A.8.33|ISO27001-REF-A.8.33|1
ISO_IEC_27001_2022,1,A.8.34,ISO27001-REF-A.8.34,1,editorial_location,provisional,provisional,PROV:ISO_IEC_27001_2022:METADATA,ISO_IEC_27001_2022|1|A.8.34|ISO27001-REF-A.8.34|1
ISO_IEC_42001_2023,1,A.2.2,ISO42001-REF-A.2.2,1,editorial_location,provisional,provisional,PROV:ISO_IEC_42001_2023:METADATA,ISO_IEC_42001_2023|1|A.2.2|ISO42001-REF-A.2.2|1
ISO_IEC_42001_2023,1,A.2.3,ISO42001-REF-A.2.3,1,editorial_location,provisional,provisional,PROV:ISO_IEC_42001_2023:METADATA,ISO_IEC_42001_2023|1|A.2.3|ISO42001-REF-A.2.3|1
ISO_IEC_42001_2023,1,A.2.4,ISO42001-REF-A.2.4,1,editorial_location,provisional,provisional,PROV:ISO_IEC_42001_2023:METADATA,ISO_IEC_42001_2023|1|A.2.4|ISO42001-REF-A.2.4|1
ISO_IEC_42001_2023,1,A.3.2,ISO42001-REF-A.3.2,1,editorial_location,provisional,provisional,PROV:ISO_IEC_42001_2023:METADATA,ISO_IEC_42001_2023|1|A.3.2|ISO42001-REF-A.3.2|1
ISO_IEC_42001_2023,1,A.3.3,ISO42001-REF-A.3.3,1,editorial_location,provisional,provisional,PROV:ISO_IEC_42001_2023:METADATA,ISO_IEC_42001_2023|1|A.3.3|ISO42001-REF-A.3.3|1
ISO_IEC_42001_2023,1,A.4.2,ISO42001-REF-A.4.2,1,editorial_location,provisional,provisional,PROV:ISO_IEC_42001_2023:METADATA,ISO_IEC_42001_2023|1|A.4.2|ISO42001-REF-A.4.2|1
ISO_IEC_42001_2023,1,A.4.3,ISO42001-REF-A.4.3,1,editorial_location,provisional,provisional,PROV:ISO_IEC_42001_2023:METADATA,ISO_IEC_42001_2023|1|A.4.3|ISO42001-REF-A.4.3|1
ISO_IEC_42001_2023,1,A.4.4,ISO42001-REF-A.4.4,1,editorial_location,provisional,provisional,PROV:ISO_IEC_42001_2023:METADATA,ISO_IEC_42001_2023|1|A.4.4|ISO42001-REF-A.4.4|1
ISO_IEC_42001_2023,1,A.4.5,ISO42001-REF-A.4.5,1,editorial_location,provisional,provisional,PROV:ISO_IEC_42001_2023:METADATA,ISO_IEC_42001_2023|1|A.4.5|ISO42001-REF-A.4.5|1
ISO_IEC_42001_2023,1,A.4.6,ISO42001-REF-A.4.6,1,editorial_location,provisional,provisional,PROV:ISO_IEC_42001_2023:METADATA,ISO_IEC_42001_2023|1|A.4.6|ISO42001-REF-A.4.6|1
ISO_IEC_42001_2023,1,A.5.2,ISO42001-REF-A.5.2,1,editorial_location,provisional,provisional,PROV:ISO_IEC_42001_2023:METADATA,ISO_IEC_42001_2023|1|A.5.2|ISO42001-REF-A.5.2|1
ISO_IEC_42001_2023,1,A.5.3,ISO42001-REF-A.5.3,1,editorial_location,provisional,provisional,PROV:ISO_IEC_42001_2023:METADATA,ISO_IEC_42001_2023|1|A.5.3|ISO42001-REF-A.5.3|1
ISO_IEC_42001_2023,1,A.5.4,ISO42001-REF-A.5.4,1,editorial_location,provisional,provisional,PROV:ISO_IEC_42001_2023:METADATA,ISO_IEC_42001_2023|1|A.5.4|ISO42001-REF-A.5.4|1
ISO_IEC_42001_2023,1,A.5.5,ISO42001-REF-A.5.5,1,editorial_location,provisional,provisional,PROV:ISO_IEC_42001_2023:METADATA,ISO_IEC_42001_2023|1|A.5.5|ISO42001-REF-A.5.5|1
ISO_IEC_42001_2023,1,A.6.2,ISO42001-REF-A.6.2,1,editorial_location,provisional,provisional,PROV:ISO_IEC_42001_2023:METADATA,ISO_IEC_42001_2023|1|A.6.2|ISO42001-REF-A.6.2|1
ISO_IEC_42001_2023,1,A.6.3,ISO42001-REF-A.6.3,1,editorial_location,provisional,provisional,PROV:ISO_IEC_42001_2023:METADATA,ISO_IEC_42001_2023|1|A.6.3|ISO42001-REF-A.6.3|1
ISO_IEC_42001_2023,1,A.6.4,ISO42001-REF-A.6.4,1,editorial_location,provisional,provisional,PROV:ISO_IEC_42001_2023:METADATA,ISO_IEC_42001_2023|1|A.6.4|ISO42001-REF-A.6.4|1
ISO_IEC_42001_2023,1,A.6.5,ISO42001-REF-A.6.5,1,editorial_location,provisional,provisional,PROV:ISO_IEC_42001_2023:METADATA,ISO_IEC_42001_2023|1|A.6.5|ISO42001-REF-A.6.5|1
ISO_IEC_42001_2023,1,A.6.6,ISO42001-REF-A.6.6,1,editorial_location,provisional,provisional,PROV:ISO_IEC_42001_2023:METADATA,ISO_IEC_42001_2023|1|A.6.6|ISO42001-REF-A.6.6|1
ISO_IEC_42001_2023,1,A.6.7,ISO42001-REF-A.6.7,1,editorial_location,provisional,provisional,PROV:ISO_IEC_42001_2023:METADATA,ISO_IEC_42001_2023|1|A.6.7|ISO42001-REF-A.6.7|1
ISO_IEC_42001_2023,1,A.6.8,ISO42001-REF-A.6.8,1,editorial_location,provisional,provisional,PROV:ISO_IEC_42001_2023:METADATA,ISO_IEC_42001_2023|1|A.6.8|ISO42001-REF-A.6.8|1
ISO_IEC_42001_2023,1,A.6.9,ISO42001-REF-A.6.9,1,editorial_location,provisional,provisional,PROV:ISO_IEC_42001_2023:METADATA,ISO_IEC_42001_2023|1|A.6.9|ISO42001-REF-A.6.9|1
ISO_IEC_42001_2023,1,A.6.10,ISO42001-REF-A.6.10,1,editorial_location,provisional,provisional,PROV:ISO_IEC_42001_2023:METADATA,ISO_IEC_42001_2023|1|A.6.10|ISO42001-REF-A.6.10|1
ISO_IEC_42001_2023,1,A.7.2,ISO42001-REF-A.7.2,1,editorial_location,provisional,provisional,PROV:ISO_IEC_42001_2023:METADATA,ISO_IEC_42001_2023|1|A.7.2|ISO42001-REF-A.7.2|1
ISO_IEC_42001_2023,1,A.7.3,ISO42001-REF-A.7.3,1,editorial_location,provisional,provisional,PROV:ISO_IEC_42001_2023:METADATA,ISO_IEC_42001_2023|1|A.7.3|ISO42001-REF-A.7.3|1
ISO_IEC_42001_2023,1,A.7.4,ISO42001-REF-A.7.4,1,editorial_location,provisional,provisional,PROV:ISO_IEC_42001_2023:METADATA,ISO_IEC_42001_2023|1|A.7.4|ISO42001-REF-A.7.4|1
ISO_IEC_42001_2023,1,A.7.5,ISO42001-REF-A.7.5,1,editorial_location,provisional,provisional,PROV:ISO_IEC_42001_2023:METADATA,ISO_IEC_42001_2023|1|A.7.5|ISO42001-REF-A.7.5|1
ISO_IEC_42001_2023,1,A.7.6,ISO42001-REF-A.7.6,1,editorial_location,provisional,provisional,PROV:ISO_IEC_42001_2023:METADATA,ISO_IEC_42001_2023|1|A.7.6|ISO42001-REF-A.7.6|1
ISO_IEC_42001_2023,1,A.8.2,ISO42001-REF-A.8.2,1,editorial_location,provisional,provisional,PROV:ISO_IEC_42001_2023:METADATA,ISO_IEC_42001_2023|1|A.8.2|ISO42001-REF-A.8.2|1
ISO_IEC_42001_2023,1,A.8.3,ISO42001-REF-A.8.3,1,editorial_location,provisional,provisional,PROV:ISO_IEC_42001_2023:METADATA,ISO_IEC_42001_2023|1|A.8.3|ISO42001-REF-A.8.3|1
ISO_IEC_42001_2023,1,A.8.4,ISO42001-REF-A.8.4,1,editorial_location,provisional,provisional,PROV:ISO_IEC_42001_2023:METADATA,ISO_IEC_42001_2023|1|A.8.4|ISO42001-REF-A.8.4|1
ISO_IEC_42001_2023,1,A.8.5,ISO42001-REF-A.8.5,1,editorial_location,provisional,provisional,PROV:ISO_IEC_42001_2023:METADATA,ISO_IEC_42001_2023|1|A.8.5|ISO42001-REF-A.8.5|1
ISO_IEC_42001_2023,1,A.9.2,ISO42001-REF-A.9.2,1,editorial_location,provisional,provisional,PROV:ISO_IEC_42001_2023:METADATA,ISO_IEC_42001_2023|1|A.9.2|ISO42001-REF-A.9.2|1
ISO_IEC_42001_2023,1,A.9.3,ISO42001-REF-A.9.3,1,editorial_location,provisional,provisional,PROV:ISO_IEC_42001_2023:METADATA,ISO_IEC_42001_2023|1|A.9.3|ISO42001-REF-A.9.3|1
ISO_IEC_42001_2023,1,A.9.4,ISO42001-REF-A.9.4,1,editorial_location,provisional,provisional,PROV:ISO_IEC_42001_2023:METADATA,ISO_IEC_42001_2023|1|A.9.4|ISO42001-REF-A.9.4|1
ISO_IEC_42001_2023,1,A.10.2,ISO42001-REF-A.10.2,1,editorial_location,provisional,provisional,PROV:ISO_IEC_42001_2023:METADATA,ISO_IEC_42001_2023|1|A.10.2|ISO42001-REF-A.10.2|1
ISO_IEC_42001_2023,1,A.10.3,ISO42001-REF-A.10.3,1,editorial_location,provisional,provisional,PROV:ISO_IEC_42001_2023:METADATA,ISO_IEC_42001_2023|1|A.10.3|ISO42001-REF-A.10.3|1
ISO_IEC_42001_2023,1,A.10.4,ISO42001-REF-A.10.4,1,editorial_location,provisional,provisional,PROV:ISO_IEC_42001_2023:METADATA,ISO_IEC_42001_2023|1|A.10.4|ISO42001-REF-A.10.4|1
