framework_code,framework_version_number,normative_unit_code,parent_normative_unit_code,unit_type,original_unit_type,title,display_order,source_locator,content_language,licensed_content,licensed_content_ref,content_hash,effective_from,effective_to,license_classification,ownership_class,tenant_id,provenance_ref,source_status,review_status,business_key,publication_eligibility
ISO_9001_2015,1,4,,clause,clause,Contexto de la organización,1,4,es,,,cf23fa02526439ef57f60f4fec6acf8b70a3990d238ed7a30a0e23fe48e7d7f0,2015-09-22,2026-09-16,NOT_YET_LICENSED,GLOBAL_REFERENCE,,PROV:ISO_9001_2015:METADATA,OFFICIAL_PUBLIC_METADATA_PLUS_TCDX_SUMMARY,provisional,ISO_9001_2015|1|4,blocked_until_licensed_content_and_human_review
ISO_9001_2015,1,5,,clause,clause,Liderazgo,2,5,es,,,5d3bfe616457f7a68ea94ced868d5b2fc211b5eb79f19b9b566ccf9dffb28219,2015-09-22,2026-09-16,NOT_YET_LICENSED,GLOBAL_REFERENCE,,PROV:ISO_9001_2015:METADATA,OFFICIAL_PUBLIC_METADATA_PLUS_TCDX_SUMMARY,provisional,ISO_9001_2015|1|5,blocked_until_licensed_content_and_human_review
ISO_9001_2015,1,6,,clause,clause,Planificación,3,6,es,,,ae069135da1507fac9f86e004db5e77c8cac10e54e03913421e5f1fcbe09daea,2015-09-22,2026-09-16,NOT_YET_LICENSED,GLOBAL_REFERENCE,,PROV:ISO_9001_2015:METADATA,OFFICIAL_PUBLIC_METADATA_PLUS_TCDX_SUMMARY,provisional,ISO_9001_2015|1|6,blocked_until_licensed_content_and_human_review
ISO_9001_2015,1,7,,clause,clause,Apoyo,4,7,es,,,295f346e02d3d6fc67af2c4d0f9b947f8a1e69ba6e0a54f444f6de51cc706e82,2015-09-22,2026-09-16,NOT_YET_LICENSED,GLOBAL_REFERENCE,,PROV:ISO_9001_2015:METADATA,OFFICIAL_PUBLIC_METADATA_PLUS_TCDX_SUMMARY,provisional,ISO_9001_2015|1|7,blocked_until_licensed_content_and_human_review
ISO_9001_2015,1,8,,clause,clause,Operación,5,8,es,,,124381c0d9f98d07dd272375439a70a5e0890799aa820a82d1d90c1e11e9e9d2,2015-09-22,2026-09-16,NOT_YET_LICENSED,GLOBAL_REFERENCE,,PROV:ISO_9001_2015:METADATA,OFFICIAL_PUBLIC_METADATA_PLUS_TCDX_SUMMARY,provisional,ISO_9001_2015|1|8,blocked_until_licensed_content_and_human_review
ISO_9001_2015,1,9,,clause,clause,Evaluación del desempeño,6,9,es,,,9788909cc71e984e563bac009892257f648cfd6f1e5d6352297961e6b2e4acea,2015-09-22,2026-09-16,NOT_YET_LICENSED,GLOBAL_REFERENCE,,PROV:ISO_9001_2015:METADATA,OFFICIAL_PUBLIC_METADATA_PLUS_TCDX_SUMMARY,provisional,ISO_9001_2015|1|9,blocked_until_licensed_content_and_human_review
ISO_9001_2015,1,10,,clause,clause,Mejora,7,10,es,,,2296082c84ace7342500459578356e1d0920cef35b961bc3413e91ad78c5c183,2015-09-22,2026-09-16,NOT_YET_LICENSED,GLOBAL_REFERENCE,,PROV:ISO_9001_2015:METADATA,OFFICIAL_PUBLIC_METADATA_PLUS_TCDX_SUMMARY,provisional,ISO_9001_2015|1|10,blocked_until_licensed_content_and_human_review
ISO_9001_2026,1,4,,clause,clause,Contexto de la organización,1,4,es,,,da295e586946759e33ec3e8019aeccfd35ba941f3ce28a21bf255fed591940ca,2026-09-16,,NOT_YET_LICENSED,GLOBAL_REFERENCE,,PROV:ISO_9001_2026:METADATA,OFFICIAL_PUBLIC_METADATA_PLUS_TCDX_SUMMARY,provisional,ISO_9001_2026|1|4,blocked_until_licensed_content_and_human_review
ISO_9001_2026,1,5,,clause,clause,Liderazgo,2,5,es,,,fdf4dd1c067c5dea6317b95ad7c9bd719c3f077900e0d9a6a40cb4c5fada5888,2026-09-16,,NOT_YET_LICENSED,GLOBAL_REFERENCE,,PROV:ISO_9001_2026:METADATA,OFFICIAL_PUBLIC_METADATA_PLUS_TCDX_SUMMARY,provisional,ISO_9001_2026|1|5,blocked_until_licensed_content_and_human_review
ISO_9001_2026,1,6,,clause,clause,Planificación,3,6,es,,,f7bd158652ddc4d960c2610b59385da42d2e73eed5b34e696b99b1d1f517a7a6,2026-09-16,,NOT_YET_LICENSED,GLOBAL_REFERENCE,,PROV:ISO_9001_2026:METADATA,OFFICIAL_PUBLIC_METADATA_PLUS_TCDX_SUMMARY,provisional,ISO_9001_2026|1|6,blocked_until_licensed_content_and_human_review
ISO_9001_2026,1,7,,clause,clause,Apoyo,4,7,es,,,5be5854b528e54583867acffd6d5f345d31c14226850d03306ee4679b283f80e,2026-09-16,,NOT_YET_LICENSED,GLOBAL_REFERENCE,,PROV:ISO_9001_2026:METADATA,OFFICIAL_PUBLIC_METADATA_PLUS_TCDX_SUMMARY,provisional,ISO_9001_2026|1|7,blocked_until_licensed_content_and_human_review
ISO_9001_2026,1,8,,clause,clause,Operación,5,8,es,,,81f6603b444f69b0b848dbfccb5a3733a55b8e2c11c67a6298aaa5c46fa8b48f,2026-09-16,,NOT_YET_LICENSED,GLOBAL_REFERENCE,,PROV:ISO_9001_2026:METADATA,OFFICIAL_PUBLIC_METADATA_PLUS_TCDX_SUMMARY,provisional,ISO_9001_2026|1|8,blocked_until_licensed_content_and_human_review
ISO_9001_2026,1,9,,clause,clause,Evaluación del desempeño,6,9,es,,,d72d0a7003477650f03d88c4ac3844e7527939b762979aa119da7b71f61dc27b,2026-09-16,,NOT_YET_LICENSED,GLOBAL_REFERENCE,,PROV:ISO_9001_2026:METADATA,OFFICIAL_PUBLIC_METADATA_PLUS_TCDX_SUMMARY,provisional,ISO_9001_2026|1|9,blocked_until_licensed_content_and_human_review
ISO_9001_2026,1,10,,clause,clause,Mejora,7,10,es,,,7a88824ec09c9ad17830682abf608f7696fef9292f353dedfdbb732ce1b6c2cc,2026-09-16,,NOT_YET_LICENSED,GLOBAL_REFERENCE,,PROV:ISO_9001_2026:METADATA,OFFICIAL_PUBLIC_METADATA_PLUS_TCDX_SUMMARY,provisional,ISO_9001_2026|1|10,blocked_until_licensed_content_and_human_review
ISO_IEC_27001_2022,1,4,,clause,clause,Contexto de la organización,1,4,es,,,3c16e85ac3b89410e8e8181e917cb9c59e4d0eba374287fc94b8e965e0353c28,2022-10-25,,NOT_YET_LICENSED,GLOBAL_REFERENCE,,PROV:ISO_IEC_27001_2022:METADATA,OFFICIAL_PUBLIC_METADATA_PLUS_TCDX_SUMMARY,provisional,ISO_IEC_27001_2022|1|4,blocked_until_licensed_content_and_human_review
ISO_IEC_27001_2022,1,5,,clause,clause,Liderazgo,2,5,es,,,e9767363af942a2b94ce36b53dffab607dba6ec5f6f9aa6af28c268269a8ce4d,2022-10-25,,NOT_YET_LICENSED,GLOBAL_REFERENCE,,PROV:ISO_IEC_27001_2022:METADATA,OFFICIAL_PUBLIC_METADATA_PLUS_TCDX_SUMMARY,provisional,ISO_IEC_27001_2022|1|5,blocked_until_licensed_content_and_human_review
ISO_IEC_27001_2022,1,6,,clause,clause,Planificación,3,6,es,,,da7368f59f54034c554b33962b13e127fe0ac4ad5a3a7fee1c492e71448de270,2022-10-25,,NOT_YET_LICENSED,GLOBAL_REFERENCE,,PROV:ISO_IEC_27001_2022:METADATA,OFFICIAL_PUBLIC_METADATA_PLUS_TCDX_SUMMARY,provisional,ISO_IEC_27001_2022|1|6,blocked_until_licensed_content_and_human_review
ISO_IEC_27001_2022,1,7,,clause,clause,Apoyo,4,7,es,,,83440e7e675beb08da44483f962cf08311460ed6ad997e7fc803c4e82dca6f10,2022-10-25,,NOT_YET_LICENSED,GLOBAL_REFERENCE,,PROV:ISO_IEC_27001_2022:METADATA,OFFICIAL_PUBLIC_METADATA_PLUS_TCDX_SUMMARY,provisional,ISO_IEC_27001_2022|1|7,blocked_until_licensed_content_and_human_review
ISO_IEC_27001_2022,1,8,,clause,clause,Operación,5,8,es,,,3794389fbef026d644590d1cd81d31b43076a7f33da6aa3f9745fa628ea2168e,2022-10-25,,NOT_YET_LICENSED,GLOBAL_REFERENCE,,PROV:ISO_IEC_27001_2022:METADATA,OFFICIAL_PUBLIC_METADATA_PLUS_TCDX_SUMMARY,provisional,ISO_IEC_27001_2022|1|8,blocked_until_licensed_content_and_human_review
ISO_IEC_27001_2022,1,9,,clause,clause,Evaluación del desempeño,6,9,es,,,f8b641a2346e4c4a122c19b4d7648efa34bf48b0ffa3a4359789433407755b58,2022-10-25,,NOT_YET_LICENSED,GLOBAL_REFERENCE,,PROV:ISO_IEC_27001_2022:METADATA,OFFICIAL_PUBLIC_METADATA_PLUS_TCDX_SUMMARY,provisional,ISO_IEC_27001_2022|1|9,blocked_until_licensed_content_and_human_review
ISO_IEC_27001_2022,1,10,,clause,clause,Mejora,7,10,es,,,4011d9401b5cfd5dde7c0b156db032357cbef26fe293096b0d1726966e22fed7,2022-10-25,,NOT_YET_LICENSED,GLOBAL_REFERENCE,,PROV:ISO_IEC_27001_2022:METADATA,OFFICIAL_PUBLIC_METADATA_PLUS_TCDX_SUMMARY,provisional,ISO_IEC_27001_2022|1|10,blocked_until_licensed_content_and_human_review
ISO_IEC_42001_2023,1,4,,clause,clause,Contexto de la organización,1,4,es,,,119f2b832672c87c1d0431895ae135ad909470e33f676c189dc3ae6290a7d4df,2023-12,,NOT_YET_LICENSED,GLOBAL_REFERENCE,,PROV:ISO_IEC_42001_2023:METADATA,OFFICIAL_PUBLIC_METADATA_PLUS_TCDX_SUMMARY,provisional,ISO_IEC_42001_2023|1|4,blocked_until_licensed_content_and_human_review
ISO_IEC_42001_2023,1,5,,clause,clause,Liderazgo,2,5,es,,,38ee07e8729b9bd4785d63f737f805c9e5e712ce4b98a31a24571f7de30af649,2023-12,,NOT_YET_LICENSED,GLOBAL_REFERENCE,,PROV:ISO_IEC_42001_2023:METADATA,OFFICIAL_PUBLIC_METADATA_PLUS_TCDX_SUMMARY,provisional,ISO_IEC_42001_2023|1|5,blocked_until_licensed_content_and_human_review
ISO_IEC_42001_2023,1,6,,clause,clause,Planificación,3,6,es,,,8ce8bdf41e4033377ebc822b33bae9320f24c56ea4a03f64e9dbf1cf51294096,2023-12,,NOT_YET_LICENSED,GLOBAL_REFERENCE,,PROV:ISO_IEC_42001_2023:METADATA,OFFICIAL_PUBLIC_METADATA_PLUS_TCDX_SUMMARY,provisional,ISO_IEC_42001_2023|1|6,blocked_until_licensed_content_and_human_review
ISO_IEC_42001_2023,1,7,,clause,clause,Apoyo,4,7,es,,,459bb6c62183521670a5a083c9ba98d5fc747c832f5920d9b60a35639d01b023,2023-12,,NOT_YET_LICENSED,GLOBAL_REFERENCE,,PROV:ISO_IEC_42001_2023:METADATA,OFFICIAL_PUBLIC_METADATA_PLUS_TCDX_SUMMARY,provisional,ISO_IEC_42001_2023|1|7,blocked_until_licensed_content_and_human_review
ISO_IEC_42001_2023,1,8,,clause,clause,Operación,5,8,es,,,97941ed7865c9103248a9f36e7093752e9f2225df27c6c18bc74b3aa3166690d,2023-12,,NOT_YET_LICENSED,GLOBAL_REFERENCE,,PROV:ISO_IEC_42001_2023:METADATA,OFFICIAL_PUBLIC_METADATA_PLUS_TCDX_SUMMARY,provisional,ISO_IEC_42001_2023|1|8,blocked_until_licensed_content_and_human_review
ISO_IEC_42001_2023,1,9,,clause,clause,Evaluación del desempeño,6,9,es,,,af2d3b46a62e6a9902e5307a79299a7851c9a12c817abcf89cba0a5b9e9bc833,2023-12,,NOT_YET_LICENSED,GLOBAL_REFERENCE,,PROV:ISO_IEC_42001_2023:METADATA,OFFICIAL_PUBLIC_METADATA_PLUS_TCDX_SUMMARY,provisional,ISO_IEC_42001_2023|1|9,blocked_until_licensed_content_and_human_review
ISO_IEC_42001_2023,1,10,,clause,clause,Mejora,7,10,es,,,7f151a30df418ff3cf3c0393651d582b5bf4eb4b4edb37e1e4b30d29884de74f,2023-12,,NOT_YET_LICENSED,GLOBAL_REFERENCE,,PROV:ISO_IEC_42001_2023:METADATA,OFFICIAL_PUBLIC_METADATA_PLUS_TCDX_SUMMARY,provisional,ISO_IEC_42001_2023|1|10,blocked_until_licensed_content_and_human_review
ISO_9001_2015,1,4.1,4,subclause,subclause,Contexto interno y externo,1,4.1,es,,,caad43aa6fce63501f247c9c6bae7b7a7430ad8a82ed4206d1e5beddc1e70756,2015-09-22,2026-09-16,NOT_YET_LICENSED,GLOBAL_REFERENCE,,PROV:ISO_9001_2015:METADATA,PROVISIONAL_SUPPORTING_REFERENCE,provisional,ISO_9001_2015|1|4.1,blocked_until_licensed_content_and_human_review
ISO_9001_2015,1,4.2,4,subclause,subclause,Partes interesadas,2,4.2,es,,,e372e10911a83499013c97ae74d9787f6385b8ccd97298230d298b0586b0e4d9,2015-09-22,2026-09-16,NOT_YET_LICENSED,GLOBAL_REFERENCE,,PROV:ISO_9001_2015:METADATA,PROVISIONAL_SUPPORTING_REFERENCE,provisional,ISO_9001_2015|1|4.2,blocked_until_licensed_content_and_human_review
ISO_9001_2015,1,4.3,4,subclause,subclause,Alcance del SGC,3,4.3,es,,,682d9514a285cd39b3662339d691be3c9d39e3fc81270bf766728b85faa40e2b,2015-09-22,2026-09-16,NOT_YET_LICENSED,GLOBAL_REFERENCE,,PROV:ISO_9001_2015:METADATA,PROVISIONAL_SUPPORTING_REFERENCE,provisional,ISO_9001_2015|1|4.3,blocked_until_licensed_content_and_human_review
ISO_9001_2015,1,4.4,4,subclause,subclause,Procesos del SGC,4,4.4,es,,,c304be88fbc5f36a3701dedf5967c14edd69b0a8b83d45c0bab058af2d6c06e7,2015-09-22,2026-09-16,NOT_YET_LICENSED,GLOBAL_REFERENCE,,PROV:ISO_9001_2015:METADATA,PROVISIONAL_SUPPORTING_REFERENCE,provisional,ISO_9001_2015|1|4.4,blocked_until_licensed_content_and_human_review
ISO_9001_2015,1,5.1,5,subclause,subclause,Liderazgo y compromiso,1,5.1,es,,,532ddd7f98382f3820a97cadb02753be1a14284c4b8ac447e577042f843e96e3,2015-09-22,2026-09-16,NOT_YET_LICENSED,GLOBAL_REFERENCE,,PROV:ISO_9001_2015:METADATA,PROVISIONAL_SUPPORTING_REFERENCE,provisional,ISO_9001_2015|1|5.1,blocked_until_licensed_content_and_human_review
ISO_9001_2015,1,5.2,5,subclause,subclause,Política de calidad,2,5.2,es,,,81646c44a9753e2c5d14a34f42e926d3f4135daadd844b71de72a9fa1319f218,2015-09-22,2026-09-16,NOT_YET_LICENSED,GLOBAL_REFERENCE,,PROV:ISO_9001_2015:METADATA,PROVISIONAL_SUPPORTING_REFERENCE,provisional,ISO_9001_2015|1|5.2,blocked_until_licensed_content_and_human_review
ISO_9001_2015,1,5.3,5,subclause,subclause,Roles y responsabilidades,3,5.3,es,,,ba78c09c6e395e6f8f5639c17318b939d28a173ae14e8396759ce5c4e2aad9cb,2015-09-22,2026-09-16,NOT_YET_LICENSED,GLOBAL_REFERENCE,,PROV:ISO_9001_2015:METADATA,PROVISIONAL_SUPPORTING_REFERENCE,provisional,ISO_9001_2015|1|5.3,blocked_until_licensed_content_and_human_review
ISO_9001_2015,1,6.1,6,subclause,subclause,Riesgos y oportunidades,1,6.1,es,,,171bf4828b35cb2b326eb49803fdfd85c940c94b4161a413ab0554f11c004206,2015-09-22,2026-09-16,NOT_YET_LICENSED,GLOBAL_REFERENCE,,PROV:ISO_9001_2015:METADATA,PROVISIONAL_SUPPORTING_REFERENCE,provisional,ISO_9001_2015|1|6.1,blocked_until_licensed_content_and_human_review
ISO_9001_2015,1,6.2,6,subclause,subclause,Objetivos de calidad,2,6.2,es,,,7a46a50b2591346d8bea96c00a62c57467308c00d0894566aaa346f4f19629d6,2015-09-22,2026-09-16,NOT_YET_LICENSED,GLOBAL_REFERENCE,,PROV:ISO_9001_2015:METADATA,PROVISIONAL_SUPPORTING_REFERENCE,provisional,ISO_9001_2015|1|6.2,blocked_until_licensed_content_and_human_review
ISO_9001_2015,1,6.3,6,subclause,subclause,Planificación de cambios,3,6.3,es,,,1102a5e9d1f3276a53a28a46a18a64e51136191c31411b7a3979b682c2a7f2b7,2015-09-22,2026-09-16,NOT_YET_LICENSED,GLOBAL_REFERENCE,,PROV:ISO_9001_2015:METADATA,PROVISIONAL_SUPPORTING_REFERENCE,provisional,ISO_9001_2015|1|6.3,blocked_until_licensed_content_and_human_review
ISO_9001_2015,1,7.1,7,subclause,subclause,Recursos,1,7.1,es,,,cee2fd84fa6753bc28408d14e0062a8213a6b66c1f3ebbdab535cc7a55531872,2015-09-22,2026-09-16,NOT_YET_LICENSED,GLOBAL_REFERENCE,,PROV:ISO_9001_2015:METADATA,PROVISIONAL_SUPPORTING_REFERENCE,provisional,ISO_9001_2015|1|7.1,blocked_until_licensed_content_and_human_review
ISO_9001_2015,1,7.2,7,subclause,subclause,Competencia,2,7.2,es,,,8d0d50fafe7f9cd1f41058d36a401d20543e49e12af18d5f215cc11918d47bd2,2015-09-22,2026-09-16,NOT_YET_LICENSED,GLOBAL_REFERENCE,,PROV:ISO_9001_2015:METADATA,PROVISIONAL_SUPPORTING_REFERENCE,provisional,ISO_9001_2015|1|7.2,blocked_until_licensed_content_and_human_review
ISO_9001_2015,1,7.3,7,subclause,subclause,Toma de conciencia,3,7.3,es,,,b3fcfee0d6935a16accb04ad5e604f64834fcb854a12fe4d979588ed8077f25e,2015-09-22,2026-09-16,NOT_YET_LICENSED,GLOBAL_REFERENCE,,PROV:ISO_9001_2015:METADATA,PROVISIONAL_SUPPORTING_REFERENCE,provisional,ISO_9001_2015|1|7.3,blocked_until_licensed_content_and_human_review
ISO_9001_2015,1,7.4,7,subclause,subclause,Comunicación,4,7.4,es,,,60f2f6953fe74967293cc7eb8a849484410eb1c0a2e5e4bb272163931866f7d2,2015-09-22,2026-09-16,NOT_YET_LICENSED,GLOBAL_REFERENCE,,PROV:ISO_9001_2015:METADATA,PROVISIONAL_SUPPORTING_REFERENCE,provisional,ISO_9001_2015|1|7.4,blocked_until_licensed_content_and_human_review
ISO_9001_2015,1,7.5,7,subclause,subclause,Información documentada,5,7.5,es,,,f27b5f3a75a3538606ebd6b4cf897ef9ba5d1864965b715c941eb81b33acb386,2015-09-22,2026-09-16,NOT_YET_LICENSED,GLOBAL_REFERENCE,,PROV:ISO_9001_2015:METADATA,PROVISIONAL_SUPPORTING_REFERENCE,provisional,ISO_9001_2015|1|7.5,blocked_until_licensed_content_and_human_review
ISO_9001_2015,1,8.1,8,subclause,subclause,Planificación y control operacional,1,8.1,es,,,6190d25fa77d0a4cb8749dec845cb3f54b1118862b6322ff1a120b04cb2e8a86,2015-09-22,2026-09-16,NOT_YET_LICENSED,GLOBAL_REFERENCE,,PROV:ISO_9001_2015:METADATA,PROVISIONAL_SUPPORTING_REFERENCE,provisional,ISO_9001_2015|1|8.1,blocked_until_licensed_content_and_human_review
ISO_9001_2015,1,8.2,8,subclause,subclause,Requisitos de productos y servicios,2,8.2,es,,,a41823f58b238192e1cef851686f7f2dfa9059302b22a58379067259b504e714,2015-09-22,2026-09-16,NOT_YET_LICENSED,GLOBAL_REFERENCE,,PROV:ISO_9001_2015:METADATA,PROVISIONAL_SUPPORTING_REFERENCE,provisional,ISO_9001_2015|1|8.2,blocked_until_licensed_content_and_human_review
ISO_9001_2015,1,8.3,8,subclause,subclause,Diseño y desarrollo,3,8.3,es,,,19c6635fb5c38de05758b70df20d12c61e1d6b6c47722aea7f99f172e7f86000,2015-09-22,2026-09-16,NOT_YET_LICENSED,GLOBAL_REFERENCE,,PROV:ISO_9001_2015:METADATA,PROVISIONAL_SUPPORTING_REFERENCE,provisional,ISO_9001_2015|1|8.3,blocked_until_licensed_content_and_human_review
ISO_9001_2015,1,8.4,8,subclause,subclause,Proveedores externos,4,8.4,es,,,614e55572e8da1ba06c3136b5d6208eb93009a1ea7cee94783ff98a33bfbf373,2015-09-22,2026-09-16,NOT_YET_LICENSED,GLOBAL_REFERENCE,,PROV:ISO_9001_2015:METADATA,PROVISIONAL_SUPPORTING_REFERENCE,provisional,ISO_9001_2015|1|8.4,blocked_until_licensed_content_and_human_review
ISO_9001_2015,1,8.5,8,subclause,subclause,Producción y provisión del servicio,5,8.5,es,,,d7eed84227f6fb23d4cf10b7a29d755ba90e02d3d184b3619e09b1f7ade280af,2015-09-22,2026-09-16,NOT_YET_LICENSED,GLOBAL_REFERENCE,,PROV:ISO_9001_2015:METADATA,PROVISIONAL_SUPPORTING_REFERENCE,provisional,ISO_9001_2015|1|8.5,blocked_until_licensed_content_and_human_review
ISO_9001_2015,1,8.6,8,subclause,subclause,Liberación,6,8.6,es,,,77fbb41b47000fc2f75fbc59efbcad24a42065826e57c384e085c77e0e06b77e,2015-09-22,2026-09-16,NOT_YET_LICENSED,GLOBAL_REFERENCE,,PROV:ISO_9001_2015:METADATA,PROVISIONAL_SUPPORTING_REFERENCE,provisional,ISO_9001_2015|1|8.6,blocked_until_licensed_content_and_human_review
ISO_9001_2015,1,8.7,8,subclause,subclause,Salidas no conformes,7,8.7,es,,,3a0a3fd1c9c9fc3e5701266ca619ec92d6a4882996d98beac275fed5db188853,2015-09-22,2026-09-16,NOT_YET_LICENSED,GLOBAL_REFERENCE,,PROV:ISO_9001_2015:METADATA,PROVISIONAL_SUPPORTING_REFERENCE,provisional,ISO_9001_2015|1|8.7,blocked_until_licensed_content_and_human_review
ISO_9001_2015,1,9.1,9,subclause,subclause,Seguimiento y análisis,1,9.1,es,,,ca850ff99dbe8583bb747935fe2f31ccb2a5b8b3c3766c43e1e001c408424d15,2015-09-22,2026-09-16,NOT_YET_LICENSED,GLOBAL_REFERENCE,,PROV:ISO_9001_2015:METADATA,PROVISIONAL_SUPPORTING_REFERENCE,provisional,ISO_9001_2015|1|9.1,blocked_until_licensed_content_and_human_review
ISO_9001_2015,1,9.2,9,subclause,subclause,Auditoría interna,2,9.2,es,,,f74d0d1d9c330dc09922f65c0823ff16951b4592ab287501d001527c86e9f64e,2015-09-22,2026-09-16,NOT_YET_LICENSED,GLOBAL_REFERENCE,,PROV:ISO_9001_2015:METADATA,PROVISIONAL_SUPPORTING_REFERENCE,provisional,ISO_9001_2015|1|9.2,blocked_until_licensed_content_and_human_review
ISO_9001_2015,1,9.3,9,subclause,subclause,Revisión por la dirección,3,9.3,es,,,0ecfccbbbacc5e84865d1f53841c710f8a0c118eb1d4f43649dd94c533d93a6e,2015-09-22,2026-09-16,NOT_YET_LICENSED,GLOBAL_REFERENCE,,PROV:ISO_9001_2015:METADATA,PROVISIONAL_SUPPORTING_REFERENCE,provisional,ISO_9001_2015|1|9.3,blocked_until_licensed_content_and_human_review
ISO_9001_2015,1,10.1,10,subclause,subclause,Mejora general,1,10.1,es,,,75899a05aec1072ddbae435e6ec448d5ad387b256d0887be41def02644b40db5,2015-09-22,2026-09-16,NOT_YET_LICENSED,GLOBAL_REFERENCE,,PROV:ISO_9001_2015:METADATA,PROVISIONAL_SUPPORTING_REFERENCE,provisional,ISO_9001_2015|1|10.1,blocked_until_licensed_content_and_human_review
ISO_9001_2015,1,10.2,10,subclause,subclause,No conformidad y acción correctiva,2,10.2,es,,,b92387dc5e17b583ab381e9f99b6fb0b7201c4957fa667aa95e1378e13c622d2,2015-09-22,2026-09-16,NOT_YET_LICENSED,GLOBAL_REFERENCE,,PROV:ISO_9001_2015:METADATA,PROVISIONAL_SUPPORTING_REFERENCE,provisional,ISO_9001_2015|1|10.2,blocked_until_licensed_content_and_human_review
ISO_9001_2015,1,10.3,10,subclause,subclause,Mejora continua,3,10.3,es,,,ff06cda8f4ec5226082271d936078f0819b4f8ee7d09c5652224280c22e9305f,2015-09-22,2026-09-16,NOT_YET_LICENSED,GLOBAL_REFERENCE,,PROV:ISO_9001_2015:METADATA,PROVISIONAL_SUPPORTING_REFERENCE,provisional,ISO_9001_2015|1|10.3,blocked_until_licensed_content_and_human_review
ISO_9001_2026,1,4.1,4,subclause,subclause,Contexto interno y externo,1,4.1,es,,,23e30708bdf5228a98de94051abe88776832ed94475b7642eab8dfe0e1f7737f,2026-09-16,,NOT_YET_LICENSED,GLOBAL_REFERENCE,,PROV:ISO_9001_2026:METADATA,PROVISIONAL_SUPPORTING_REFERENCE,provisional,ISO_9001_2026|1|4.1,blocked_until_licensed_content_and_human_review
ISO_9001_2026,1,4.2,4,subclause,subclause,Partes interesadas,2,4.2,es,,,021c29edab2b2f52c6f5143119dafaca3081516b6af243e04fff3fcec01c1f74,2026-09-16,,NOT_YET_LICENSED,GLOBAL_REFERENCE,,PROV:ISO_9001_2026:METADATA,PROVISIONAL_SUPPORTING_REFERENCE,provisional,ISO_9001_2026|1|4.2,blocked_until_licensed_content_and_human_review
ISO_9001_2026,1,4.3,4,subclause,subclause,Alcance del SGC,3,4.3,es,,,e1bedb3b3378c3ca1656c4f3a91f7a0de8cc32248e36916e86d447617d3a08c9,2026-09-16,,NOT_YET_LICENSED,GLOBAL_REFERENCE,,PROV:ISO_9001_2026:METADATA,PROVISIONAL_SUPPORTING_REFERENCE,provisional,ISO_9001_2026|1|4.3,blocked_until_licensed_content_and_human_review
ISO_9001_2026,1,4.4,4,subclause,subclause,Procesos del SGC,4,4.4,es,,,3524313b8dcbcfabb6d5bbe4115852068265bc27850f4103dbfb46c3f38f1f9c,2026-09-16,,NOT_YET_LICENSED,GLOBAL_REFERENCE,,PROV:ISO_9001_2026:METADATA,PROVISIONAL_SUPPORTING_REFERENCE,provisional,ISO_9001_2026|1|4.4,blocked_until_licensed_content_and_human_review
ISO_9001_2026,1,5.1,5,subclause,subclause,Liderazgo y compromiso,1,5.1,es,,,40d312a68aaa9f0e2179486f97d7d4e534e5d461c065f62c7299a65d2663dd38,2026-09-16,,NOT_YET_LICENSED,GLOBAL_REFERENCE,,PROV:ISO_9001_2026:METADATA,PROVISIONAL_SUPPORTING_REFERENCE,provisional,ISO_9001_2026|1|5.1,blocked_until_licensed_content_and_human_review
ISO_9001_2026,1,5.2,5,subclause,subclause,Política de calidad,2,5.2,es,,,3b6cf44822242370d566c8b1b680709a62d6c75b2166b280d4d4fe3db02b8da9,2026-09-16,,NOT_YET_LICENSED,GLOBAL_REFERENCE,,PROV:ISO_9001_2026:METADATA,PROVISIONAL_SUPPORTING_REFERENCE,provisional,ISO_9001_2026|1|5.2,blocked_until_licensed_content_and_human_review
ISO_9001_2026,1,5.3,5,subclause,subclause,Roles y responsabilidades,3,5.3,es,,,41fa95ec24ef50280846e3d6ba61eec04c55b4af0ad121c3b970eb5e1ed9cb9b,2026-09-16,,NOT_YET_LICENSED,GLOBAL_REFERENCE,,PROV:ISO_9001_2026:METADATA,PROVISIONAL_SUPPORTING_REFERENCE,provisional,ISO_9001_2026|1|5.3,blocked_until_licensed_content_and_human_review
ISO_9001_2026,1,6.1,6,subclause,subclause,Riesgos y oportunidades,1,6.1,es,,,e1fbd5e12ab7f926ae85313facfe092254df59fe67813f98f5b9029ebdc681b9,2026-09-16,,NOT_YET_LICENSED,GLOBAL_REFERENCE,,PROV:ISO_9001_2026:METADATA,PROVISIONAL_SUPPORTING_REFERENCE,provisional,ISO_9001_2026|1|6.1,blocked_until_licensed_content_and_human_review
ISO_9001_2026,1,6.2,6,subclause,subclause,Objetivos de calidad,2,6.2,es,,,9eb319238020a978ea383bfbaf44ababd1ed28ee4c0b476643b93c6f06cd59e6,2026-09-16,,NOT_YET_LICENSED,GLOBAL_REFERENCE,,PROV:ISO_9001_2026:METADATA,PROVISIONAL_SUPPORTING_REFERENCE,provisional,ISO_9001_2026|1|6.2,blocked_until_licensed_content_and_human_review
ISO_9001_2026,1,6.3,6,subclause,subclause,Planificación de cambios,3,6.3,es,,,f9c2e85a6e5cb0eaa3b8b40d241b0bb09174f0356544311d5bfe8acb99d3c8fe,2026-09-16,,NOT_YET_LICENSED,GLOBAL_REFERENCE,,PROV:ISO_9001_2026:METADATA,PROVISIONAL_SUPPORTING_REFERENCE,provisional,ISO_9001_2026|1|6.3,blocked_until_licensed_content_and_human_review
ISO_9001_2026,1,7.1,7,subclause,subclause,Recursos,1,7.1,es,,,74853cd9c46af542a847114842ad253be7512327839252f8d8fb46254ccc21fb,2026-09-16,,NOT_YET_LICENSED,GLOBAL_REFERENCE,,PROV:ISO_9001_2026:METADATA,PROVISIONAL_SUPPORTING_REFERENCE,provisional,ISO_9001_2026|1|7.1,blocked_until_licensed_content_and_human_review
ISO_9001_2026,1,7.2,7,subclause,subclause,Competencia,2,7.2,es,,,154d22874c76b3bdc2b1d3ca2ebec4c29b7a77ea1980aefcd244890e5b369f23,2026-09-16,,NOT_YET_LICENSED,GLOBAL_REFERENCE,,PROV:ISO_9001_2026:METADATA,PROVISIONAL_SUPPORTING_REFERENCE,provisional,ISO_9001_2026|1|7.2,blocked_until_licensed_content_and_human_review
ISO_9001_2026,1,7.3,7,subclause,subclause,Toma de conciencia,3,7.3,es,,,f9e4a97948de0da016ecc56d36331ce49606079a59b75aacf5a9a6f6d87b4636,2026-09-16,,NOT_YET_LICENSED,GLOBAL_REFERENCE,,PROV:ISO_9001_2026:METADATA,PROVISIONAL_SUPPORTING_REFERENCE,provisional,ISO_9001_2026|1|7.3,blocked_until_licensed_content_and_human_review
ISO_9001_2026,1,7.4,7,subclause,subclause,Comunicación,4,7.4,es,,,5738ea3f1950be08d9e76726384389e004333f04b9a07a7b31ff3a1918db719e,2026-09-16,,NOT_YET_LICENSED,GLOBAL_REFERENCE,,PROV:ISO_9001_2026:METADATA,PROVISIONAL_SUPPORTING_REFERENCE,provisional,ISO_9001_2026|1|7.4,blocked_until_licensed_content_and_human_review
ISO_9001_2026,1,7.5,7,subclause,subclause,Información documentada,5,7.5,es,,,73dde35ec564b5003949ba0178a2de31775c34f99dadbeeb8076858c8afb0378,2026-09-16,,NOT_YET_LICENSED,GLOBAL_REFERENCE,,PROV:ISO_9001_2026:METADATA,PROVISIONAL_SUPPORTING_REFERENCE,provisional,ISO_9001_2026|1|7.5,blocked_until_licensed_content_and_human_review
ISO_9001_2026,1,8.1,8,subclause,subclause,Planificación y control operacional,1,8.1,es,,,09c44d5e962aef0c6a5ab2c98e27c708133efe23e1d6141f27fc2ade3fb76ccf,2026-09-16,,NOT_YET_LICENSED,GLOBAL_REFERENCE,,PROV:ISO_9001_2026:METADATA,PROVISIONAL_SUPPORTING_REFERENCE,provisional,ISO_9001_2026|1|8.1,blocked_until_licensed_content_and_human_review
ISO_9001_2026,1,8.2,8,subclause,subclause,Requisitos de productos y servicios,2,8.2,es,,,1419626e1aab3e5793a1a2484e698e24d109b2b676bed1823ffe59e5fc6ffa04,2026-09-16,,NOT_YET_LICENSED,GLOBAL_REFERENCE,,PROV:ISO_9001_2026:METADATA,PROVISIONAL_SUPPORTING_REFERENCE,provisional,ISO_9001_2026|1|8.2,blocked_until_licensed_content_and_human_review
ISO_9001_2026,1,8.3,8,subclause,subclause,Diseño y desarrollo,3,8.3,es,,,00686c98bf1dc5e5da3deee8c4e6a794feff4a0946d2f4bde52a2882f3505414,2026-09-16,,NOT_YET_LICENSED,GLOBAL_REFERENCE,,PROV:ISO_9001_2026:METADATA,PROVISIONAL_SUPPORTING_REFERENCE,provisional,ISO_9001_2026|1|8.3,blocked_until_licensed_content_and_human_review
ISO_9001_2026,1,8.4,8,subclause,subclause,Proveedores externos,4,8.4,es,,,a98988f6aa9252e5bd239a309ff516aada41e06aaa271bb10ce3bb325d5dda68,2026-09-16,,NOT_YET_LICENSED,GLOBAL_REFERENCE,,PROV:ISO_9001_2026:METADATA,PROVISIONAL_SUPPORTING_REFERENCE,provisional,ISO_9001_2026|1|8.4,blocked_until_licensed_content_and_human_review
ISO_9001_2026,1,8.5,8,subclause,subclause,Producción y provisión del servicio,5,8.5,es,,,689556d96e7b89879fe0e27f739eaa6147981b24938b18803a1787aefe7f9e78,2026-09-16,,NOT_YET_LICENSED,GLOBAL_REFERENCE,,PROV:ISO_9001_2026:METADATA,PROVISIONAL_SUPPORTING_REFERENCE,provisional,ISO_9001_2026|1|8.5,blocked_until_licensed_content_and_human_review
ISO_9001_2026,1,8.6,8,subclause,subclause,Liberación,6,8.6,es,,,8377c34f4e499cdbfeb03808f68c60a43c09966aa60bf565c77a175d3fefa25f,2026-09-16,,NOT_YET_LICENSED,GLOBAL_REFERENCE,,PROV:ISO_9001_2026:METADATA,PROVISIONAL_SUPPORTING_REFERENCE,provisional,ISO_9001_2026|1|8.6,blocked_until_licensed_content_and_human_review
ISO_9001_2026,1,8.7,8,subclause,subclause,Salidas no conformes,7,8.7,es,,,e7b37f27f197a329f2bdf55bcea05d2161e67cbe176a0564ad1d38b8067829d3,2026-09-16,,NOT_YET_LICENSED,GLOBAL_REFERENCE,,PROV:ISO_9001_2026:METADATA,PROVISIONAL_SUPPORTING_REFERENCE,provisional,ISO_9001_2026|1|8.7,blocked_until_licensed_content_and_human_review
ISO_9001_2026,1,9.1,9,subclause,subclause,Seguimiento y análisis,1,9.1,es,,,98a84df3acd4efd941f6731220075004583daa73b065a6f6502c6dd3bcb4611b,2026-09-16,,NOT_YET_LICENSED,GLOBAL_REFERENCE,,PROV:ISO_9001_2026:METADATA,PROVISIONAL_SUPPORTING_REFERENCE,provisional,ISO_9001_2026|1|9.1,blocked_until_licensed_content_and_human_review
ISO_9001_2026,1,9.2,9,subclause,subclause,Auditoría interna,2,9.2,es,,,451a3e88188661f8130968d643b21af38243d46daeb607960bfc97e8ea69aa2e,2026-09-16,,NOT_YET_LICENSED,GLOBAL_REFERENCE,,PROV:ISO_9001_2026:METADATA,PROVISIONAL_SUPPORTING_REFERENCE,provisional,ISO_9001_2026|1|9.2,blocked_until_licensed_content_and_human_review
ISO_9001_2026,1,9.3,9,subclause,subclause,Revisión por la dirección,3,9.3,es,,,fb8ae1ba8d35782841fef902cc3dc245cc825e91c6bef012c276d82810805b2b,2026-09-16,,NOT_YET_LICENSED,GLOBAL_REFERENCE,,PROV:ISO_9001_2026:METADATA,PROVISIONAL_SUPPORTING_REFERENCE,provisional,ISO_9001_2026|1|9.3,blocked_until_licensed_content_and_human_review
ISO_9001_2026,1,10.1,10,subclause,subclause,Mejora general,1,10.1,es,,,6218f19a114f1aca189f0cceadcf66f0fdee4d43a468767eb6b27f0451569dac,2026-09-16,,NOT_YET_LICENSED,GLOBAL_REFERENCE,,PROV:ISO_9001_2026:METADATA,PROVISIONAL_SUPPORTING_REFERENCE,provisional,ISO_9001_2026|1|10.1,blocked_until_licensed_content_and_human_review
ISO_9001_2026,1,10.2,10,subclause,subclause,No conformidad y acción correctiva,2,10.2,es,,,58fcb423e78a0dde050e6a21b1d76b3fd3932b86759272464fd72aad021140cb,2026-09-16,,NOT_YET_LICENSED,GLOBAL_REFERENCE,,PROV:ISO_9001_2026:METADATA,PROVISIONAL_SUPPORTING_REFERENCE,provisional,ISO_9001_2026|1|10.2,blocked_until_licensed_content_and_human_review
ISO_9001_2026,1,10.3,10,subclause,subclause,Mejora continua,3,10.3,es,,,4c4e59ae84065c2abd9ba4536f58dfd77c6ef99c877025fe1942e2513e45c07a,2026-09-16,,NOT_YET_LICENSED,GLOBAL_REFERENCE,,PROV:ISO_9001_2026:METADATA,PROVISIONAL_SUPPORTING_REFERENCE,provisional,ISO_9001_2026|1|10.3,blocked_until_licensed_content_and_human_review
ISO_IEC_27001_2022,1,A.5,A,control_group,annex_control_group,Annex A - grupo 5,1,A.5,es,,,862d1896ddfd399c0153f4aea2e9a44b2ee696cf80092399aeaa4f4c359f4647,2022-10-25,,NOT_YET_LICENSED,GLOBAL_REFERENCE,,PROV:ISO_IEC_27001_2022:METADATA,PROVISIONAL_SUPPORTING_REFERENCE,provisional,ISO_IEC_27001_2022|1|A.5,blocked_until_licensed_content_and_human_review
ISO_IEC_27001_2022,1,A.5.1,A.5,other,annex_control,Políticas de seguridad,1,A.5.1,es,,,e0970e3eecf543803d177a0dd1491d4914001c37cbc35cc481548815d5409162,2022-10-25,,NOT_YET_LICENSED,GLOBAL_REFERENCE,,PROV:ISO_IEC_27001_2022:METADATA,PROVISIONAL_SUPPORTING_REFERENCE,provisional,ISO_IEC_27001_2022|1|A.5.1,blocked_until_licensed_content_and_human_review
ISO_IEC_27001_2022,1,A.5.2,A.5,other,annex_control,Roles y responsabilidades de seguridad,2,A.5.2,es,,,b86a19930d80d783b16e4afaa592c66115e6cb1f22ef3ed3e193e911fbb0f4ff,2022-10-25,,NOT_YET_LICENSED,GLOBAL_REFERENCE,,PROV:ISO_IEC_27001_2022:METADATA,PROVISIONAL_SUPPORTING_REFERENCE,provisional,ISO_IEC_27001_2022|1|A.5.2,blocked_until_licensed_content_and_human_review
ISO_IEC_27001_2022,1,A.5.3,A.5,other,annex_control,Segregación de funciones,3,A.5.3,es,,,f27c90d451c02961b4da1560d78857e4d1387d9372530f4c33c79eed62b7955b,2022-10-25,,NOT_YET_LICENSED,GLOBAL_REFERENCE,,PROV:ISO_IEC_27001_2022:METADATA,PROVISIONAL_SUPPORTING_REFERENCE,provisional,ISO_IEC_27001_2022|1|A.5.3,blocked_until_licensed_content_and_human_review
ISO_IEC_27001_2022,1,A.5.4,A.5,other,annex_control,Responsabilidades de dirección,4,A.5.4,es,,,6719fff8a4457fb3234bd4cb0385228436572e0f2e01c35a3add29f5b70b99fd,2022-10-25,,NOT_YET_LICENSED,GLOBAL_REFERENCE,,PROV:ISO_IEC_27001_2022:METADATA,PROVISIONAL_SUPPORTING_REFERENCE,provisional,ISO_IEC_27001_2022|1|A.5.4,blocked_until_licensed_content_and_human_review
ISO_IEC_27001_2022,1,A.5.5,A.5,other,annex_control,Contacto con autoridades,5,A.5.5,es,,,92c373cb6812261ea07151301e7028e96ddf25bc5439e0a8e258ebf9e1b4cc24,2022-10-25,,NOT_YET_LICENSED,GLOBAL_REFERENCE,,PROV:ISO_IEC_27001_2022:METADATA,PROVISIONAL_SUPPORTING_REFERENCE,provisional,ISO_IEC_27001_2022|1|A.5.5,blocked_until_licensed_content_and_human_review
ISO_IEC_27001_2022,1,A.5.6,A.5,other,annex_control,Contacto con grupos especializados,6,A.5.6,es,,,56b20ef2c26f2ed19e2cb04678315d7b144b9abb61d9c37e8992f4b6ee23446e,2022-10-25,,NOT_YET_LICENSED,GLOBAL_REFERENCE,,PROV:ISO_IEC_27001_2022:METADATA,PROVISIONAL_SUPPORTING_REFERENCE,provisional,ISO_IEC_27001_2022|1|A.5.6,blocked_until_licensed_content_and_human_review
ISO_IEC_27001_2022,1,A.5.7,A.5,other,annex_control,Inteligencia de amenazas,7,A.5.7,es,,,3cc27e9e7abb6c65eadab144c0bed83ba5fd1537a27490a58244b331c4fffef1,2022-10-25,,NOT_YET_LICENSED,GLOBAL_REFERENCE,,PROV:ISO_IEC_27001_2022:METADATA,PROVISIONAL_SUPPORTING_REFERENCE,provisional,ISO_IEC_27001_2022|1|A.5.7,blocked_until_licensed_content_and_human_review
ISO_IEC_27001_2022,1,A.5.8,A.5,other,annex_control,Seguridad en gestión de proyectos,8,A.5.8,es,,,9edc1ec3bafa13090a0ae6c86bca7201cd306232b25c49a9afaeb05762245d23,2022-10-25,,NOT_YET_LICENSED,GLOBAL_REFERENCE,,PROV:ISO_IEC_27001_2022:METADATA,PROVISIONAL_SUPPORTING_REFERENCE,provisional,ISO_IEC_27001_2022|1|A.5.8,blocked_until_licensed_content_and_human_review
ISO_IEC_27001_2022,1,A.5.9,A.5,other,annex_control,Inventario de información y activos,9,A.5.9,es,,,a4e58d078bf855883d21f0acfa8b03566148d8be2657ad4757730dfbde5b701e,2022-10-25,,NOT_YET_LICENSED,GLOBAL_REFERENCE,,PROV:ISO_IEC_27001_2022:METADATA,PROVISIONAL_SUPPORTING_REFERENCE,provisional,ISO_IEC_27001_2022|1|A.5.9,blocked_until_licensed_content_and_human_review
ISO_IEC_27001_2022,1,A.5.10,A.5,other,annex_control,Uso aceptable de activos,10,A.5.10,es,,,26e6263ad28156a140eba89bed5db030f9580afffd8d43caca4f00c53e24d00a,2022-10-25,,NOT_YET_LICENSED,GLOBAL_REFERENCE,,PROV:ISO_IEC_27001_2022:METADATA,PROVISIONAL_SUPPORTING_REFERENCE,provisional,ISO_IEC_27001_2022|1|A.5.10,blocked_until_licensed_content_and_human_review
ISO_IEC_27001_2022,1,A.5.11,A.5,other,annex_control,Devolución de activos,11,A.5.11,es,,,edb67e5eae6f39965738ee465be673bda487ff0ef42d15c23df35c2237aeab6e,2022-10-25,,NOT_YET_LICENSED,GLOBAL_REFERENCE,,PROV:ISO_IEC_27001_2022:METADATA,PROVISIONAL_SUPPORTING_REFERENCE,provisional,ISO_IEC_27001_2022|1|A.5.11,blocked_until_licensed_content_and_human_review
ISO_IEC_27001_2022,1,A.5.12,A.5,other,annex_control,Clasificación de información,12,A.5.12,es,,,04a9223d34aca81c5d0293992b14e3a5fe7db307b4692595df43fcec8bf67fe8,2022-10-25,,NOT_YET_LICENSED,GLOBAL_REFERENCE,,PROV:ISO_IEC_27001_2022:METADATA,PROVISIONAL_SUPPORTING_REFERENCE,provisional,ISO_IEC_27001_2022|1|A.5.12,blocked_until_licensed_content_and_human_review
ISO_IEC_27001_2022,1,A.5.13,A.5,other,annex_control,Etiquetado de información,13,A.5.13,es,,,1fc6ccf74f57314682b4e0b20ee8db3de8cb2ed1bb68e485cc2ff340b50869f4,2022-10-25,,NOT_YET_LICENSED,GLOBAL_REFERENCE,,PROV:ISO_IEC_27001_2022:METADATA,PROVISIONAL_SUPPORTING_REFERENCE,provisional,ISO_IEC_27001_2022|1|A.5.13,blocked_until_licensed_content_and_human_review
ISO_IEC_27001_2022,1,A.5.14,A.5,other,annex_control,Transferencia de información,14,A.5.14,es,,,e42dd08c042bb3ee3986dca069da04a5f59a6ddc09d4e98407e842c62f4a3f72,2022-10-25,,NOT_YET_LICENSED,GLOBAL_REFERENCE,,PROV:ISO_IEC_27001_2022:METADATA,PROVISIONAL_SUPPORTING_REFERENCE,provisional,ISO_IEC_27001_2022|1|A.5.14,blocked_until_licensed_content_and_human_review
ISO_IEC_27001_2022,1,A.5.15,A.5,other,annex_control,Control de acceso,15,A.5.15,es,,,7eda1e16541c1413b76f01e9e9d0c929f7c4143e51821d6c6113da31e5141c35,2022-10-25,,NOT_YET_LICENSED,GLOBAL_REFERENCE,,PROV:ISO_IEC_27001_2022:METADATA,PROVISIONAL_SUPPORTING_REFERENCE,provisional,ISO_IEC_27001_2022|1|A.5.15,blocked_until_licensed_content_and_human_review
ISO_IEC_27001_2022,1,A.5.16,A.5,other,annex_control,Gestión de identidades,16,A.5.16,es,,,40395b5417b6675de14880320039e38af6b19c9598348a722a2d60735798f49b,2022-10-25,,NOT_YET_LICENSED,GLOBAL_REFERENCE,,PROV:ISO_IEC_27001_2022:METADATA,PROVISIONAL_SUPPORTING_REFERENCE,provisional,ISO_IEC_27001_2022|1|A.5.16,blocked_until_licensed_content_and_human_review
ISO_IEC_27001_2022,1,A.5.17,A.5,other,annex_control,Información de autenticación,17,A.5.17,es,,,a81a61844d8ce0767d84c7a463803c2c37dffd9d5887c088295754ec1e6f1b3b,2022-10-25,,NOT_YET_LICENSED,GLOBAL_REFERENCE,,PROV:ISO_IEC_27001_2022:METADATA,PROVISIONAL_SUPPORTING_REFERENCE,provisional,ISO_IEC_27001_2022|1|A.5.17,blocked_until_licensed_content_and_human_review
ISO_IEC_27001_2022,1,A.5.18,A.5,other,annex_control,Derechos de acceso,18,A.5.18,es,,,72c8abe81c1d1487e77a09a4d411a7685780ade9fd35da35435e30db1626eed9,2022-10-25,,NOT_YET_LICENSED,GLOBAL_REFERENCE,,PROV:ISO_IEC_27001_2022:METADATA,PROVISIONAL_SUPPORTING_REFERENCE,provisional,ISO_IEC_27001_2022|1|A.5.18,blocked_until_licensed_content_and_human_review
ISO_IEC_27001_2022,1,A.5.19,A.5,other,annex_control,Seguridad en relaciones con proveedores,19,A.5.19,es,,,0970929fba0018b8ec48a9141aceece521bfafdbb7a45def30be4af5e7c140a6,2022-10-25,,NOT_YET_LICENSED,GLOBAL_REFERENCE,,PROV:ISO_IEC_27001_2022:METADATA,PROVISIONAL_SUPPORTING_REFERENCE,provisional,ISO_IEC_27001_2022|1|A.5.19,blocked_until_licensed_content_and_human_review
ISO_IEC_27001_2022,1,A.5.20,A.5,other,annex_control,Seguridad en acuerdos con proveedores,20,A.5.20,es,,,62a7750ad75a11cce25237d12975b2937313e25367b5e2270759c303e60c1f45,2022-10-25,,NOT_YET_LICENSED,GLOBAL_REFERENCE,,PROV:ISO_IEC_27001_2022:METADATA,PROVISIONAL_SUPPORTING_REFERENCE,provisional,ISO_IEC_27001_2022|1|A.5.20,blocked_until_licensed_content_and_human_review
ISO_IEC_27001_2022,1,A.5.21,A.5,other,annex_control,Cadena de suministro TIC,21,A.5.21,es,,,62473262dca2ac57d52f65a0e0e8762c0bc49835e7b1a78c3cd4451d8a28a825,2022-10-25,,NOT_YET_LICENSED,GLOBAL_REFERENCE,,PROV:ISO_IEC_27001_2022:METADATA,PROVISIONAL_SUPPORTING_REFERENCE,provisional,ISO_IEC_27001_2022|1|A.5.21,blocked_until_licensed_content_and_human_review
ISO_IEC_27001_2022,1,A.5.22,A.5,other,annex_control,Monitoreo y cambios de servicios de proveedores,22,A.5.22,es,,,93002765d3151032165870ad6996048f5dde9d6640cf2eaee424c364e7cfb7d3,2022-10-25,,NOT_YET_LICENSED,GLOBAL_REFERENCE,,PROV:ISO_IEC_27001_2022:METADATA,PROVISIONAL_SUPPORTING_REFERENCE,provisional,ISO_IEC_27001_2022|1|A.5.22,blocked_until_licensed_content_and_human_review
ISO_IEC_27001_2022,1,A.5.23,A.5,other,annex_control,Seguridad para uso de nube,23,A.5.23,es,,,3fd9f0a33fee653088976874c2f75e4b73891daf97b6480d8e0451458fde1cca,2022-10-25,,NOT_YET_LICENSED,GLOBAL_REFERENCE,,PROV:ISO_IEC_27001_2022:METADATA,PROVISIONAL_SUPPORTING_REFERENCE,provisional,ISO_IEC_27001_2022|1|A.5.23,blocked_until_licensed_content_and_human_review
ISO_IEC_27001_2022,1,A.5.24,A.5,other,annex_control,Preparación para gestión de incidentes,24,A.5.24,es,,,c5146f6b1629f2bca35f00aac292a263585a3a2e2329158c1384b1c811f20c4b,2022-10-25,,NOT_YET_LICENSED,GLOBAL_REFERENCE,,PROV:ISO_IEC_27001_2022:METADATA,PROVISIONAL_SUPPORTING_REFERENCE,provisional,ISO_IEC_27001_2022|1|A.5.24,blocked_until_licensed_content_and_human_review
ISO_IEC_27001_2022,1,A.5.25,A.5,other,annex_control,Evaluación de eventos de seguridad,25,A.5.25,es,,,d2abc23947175e0d0efd2dfa0982ef2740ef23bc5d95d1af7b8cffdab5973aa4,2022-10-25,,NOT_YET_LICENSED,GLOBAL_REFERENCE,,PROV:ISO_IEC_27001_2022:METADATA,PROVISIONAL_SUPPORTING_REFERENCE,provisional,ISO_IEC_27001_2022|1|A.5.25,blocked_until_licensed_content_and_human_review
ISO_IEC_27001_2022,1,A.5.26,A.5,other,annex_control,Respuesta a incidentes,26,A.5.26,es,,,422789bc838b9719e78263392b8c048193a1cda73ddb6a8781d385effa2957e4,2022-10-25,,NOT_YET_LICENSED,GLOBAL_REFERENCE,,PROV:ISO_IEC_27001_2022:METADATA,PROVISIONAL_SUPPORTING_REFERENCE,provisional,ISO_IEC_27001_2022|1|A.5.26,blocked_until_licensed_content_and_human_review
ISO_IEC_27001_2022,1,A.5.27,A.5,other,annex_control,Aprendizaje de incidentes,27,A.5.27,es,,,e221d7b7f3d6d5f1c932af0fd9e17579b01d8f8dd3613442b3cd1a76b545aa38,2022-10-25,,NOT_YET_LICENSED,GLOBAL_REFERENCE,,PROV:ISO_IEC_27001_2022:METADATA,PROVISIONAL_SUPPORTING_REFERENCE,provisional,ISO_IEC_27001_2022|1|A.5.27,blocked_until_licensed_content_and_human_review
ISO_IEC_27001_2022,1,A.5.28,A.5,other,annex_control,Recolección de evidencia,28,A.5.28,es,,,f70fa0f3bf724bbcc1870504403d3a17cfea774486fe54ab54b2ce39040226b2,2022-10-25,,NOT_YET_LICENSED,GLOBAL_REFERENCE,,PROV:ISO_IEC_27001_2022:METADATA,PROVISIONAL_SUPPORTING_REFERENCE,provisional,ISO_IEC_27001_2022|1|A.5.28,blocked_until_licensed_content_and_human_review
ISO_IEC_27001_2022,1,A.5.29,A.5,other,annex_control,Seguridad durante interrupciones,29,A.5.29,es,,,722e4c84ef0e669ca725132e59e171c57fb35ad3a304bd697e99c4ad2e78f176,2022-10-25,,NOT_YET_LICENSED,GLOBAL_REFERENCE,,PROV:ISO_IEC_27001_2022:METADATA,PROVISIONAL_SUPPORTING_REFERENCE,provisional,ISO_IEC_27001_2022|1|A.5.29,blocked_until_licensed_content_and_human_review
ISO_IEC_27001_2022,1,A.5.30,A.5,other,annex_control,Preparación TIC para continuidad,30,A.5.30,es,,,62f80ece100c682ef55d76b12bef3e29282d43aaf3a29e127545e9fa4c6ddb1b,2022-10-25,,NOT_YET_LICENSED,GLOBAL_REFERENCE,,PROV:ISO_IEC_27001_2022:METADATA,PROVISIONAL_SUPPORTING_REFERENCE,provisional,ISO_IEC_27001_2022|1|A.5.30,blocked_until_licensed_content_and_human_review
ISO_IEC_27001_2022,1,A.5.31,A.5,other,annex_control,Requisitos legales/regulatorios/contractuales,31,A.5.31,es,,,30451d421bd4c54b956af6c3f243f21770b3c257f0624662f81fc4a8ce5ae3e7,2022-10-25,,NOT_YET_LICENSED,GLOBAL_REFERENCE,,PROV:ISO_IEC_27001_2022:METADATA,PROVISIONAL_SUPPORTING_REFERENCE,provisional,ISO_IEC_27001_2022|1|A.5.31,blocked_until_licensed_content_and_human_review
ISO_IEC_27001_2022,1,A.5.32,A.5,other,annex_control,Derechos de propiedad intelectual,32,A.5.32,es,,,db626016e85679e42872c6a08069ec52dd1f2a6e6fda1bb238aeae8481c87d5f,2022-10-25,,NOT_YET_LICENSED,GLOBAL_REFERENCE,,PROV:ISO_IEC_27001_2022:METADATA,PROVISIONAL_SUPPORTING_REFERENCE,provisional,ISO_IEC_27001_2022|1|A.5.32,blocked_until_licensed_content_and_human_review
ISO_IEC_27001_2022,1,A.5.33,A.5,other,annex_control,Protección de registros,33,A.5.33,es,,,fd442fdf90dcc99e4bc45067795d9f8fb84bcf2cbbb553125ea9d40e6bcfe32c,2022-10-25,,NOT_YET_LICENSED,GLOBAL_REFERENCE,,PROV:ISO_IEC_27001_2022:METADATA,PROVISIONAL_SUPPORTING_REFERENCE,provisional,ISO_IEC_27001_2022|1|A.5.33,blocked_until_licensed_content_and_human_review
ISO_IEC_27001_2022,1,A.5.34,A.5,other,annex_control,Privacidad y protección de PII,34,A.5.34,es,,,e19c1a7fe052dc700e3fb89bbadcf4d61b06185d0887acc8cab8987574dbdba4,2022-10-25,,NOT_YET_LICENSED,GLOBAL_REFERENCE,,PROV:ISO_IEC_27001_2022:METADATA,PROVISIONAL_SUPPORTING_REFERENCE,provisional,ISO_IEC_27001_2022|1|A.5.34,blocked_until_licensed_content_and_human_review
ISO_IEC_27001_2022,1,A.5.35,A.5,other,annex_control,Revisión independiente de seguridad,35,A.5.35,es,,,e33c6e941dba6ccdebf86289909806015eac0a884200cf07842039f351cf8dc4,2022-10-25,,NOT_YET_LICENSED,GLOBAL_REFERENCE,,PROV:ISO_IEC_27001_2022:METADATA,PROVISIONAL_SUPPORTING_REFERENCE,provisional,ISO_IEC_27001_2022|1|A.5.35,blocked_until_licensed_content_and_human_review
ISO_IEC_27001_2022,1,A.5.36,A.5,other,annex_control,Cumplimiento de políticas y estándares,36,A.5.36,es,,,1eedafb71dce87089ef4ae87fb1a6cfac7cd5dc5dc3fe1c7a9bc9c0344fd9201,2022-10-25,,NOT_YET_LICENSED,GLOBAL_REFERENCE,,PROV:ISO_IEC_27001_2022:METADATA,PROVISIONAL_SUPPORTING_REFERENCE,provisional,ISO_IEC_27001_2022|1|A.5.36,blocked_until_licensed_content_and_human_review
ISO_IEC_27001_2022,1,A.5.37,A.5,other,annex_control,Procedimientos operativos documentados,37,A.5.37,es,,,914a80e162b892304f8e656b2d845e624ee66b2a6da1424cdb225f84a6b0bc3d,2022-10-25,,NOT_YET_LICENSED,GLOBAL_REFERENCE,,PROV:ISO_IEC_27001_2022:METADATA,PROVISIONAL_SUPPORTING_REFERENCE,provisional,ISO_IEC_27001_2022|1|A.5.37,blocked_until_licensed_content_and_human_review
ISO_IEC_27001_2022,1,A.6,A,control_group,annex_control_group,Annex A - grupo 6,2,A.6,es,,,f3a8c1e42e1161281e1a7c3ada2a74c78f0a562c6a7e6c53ef1a8e6b5bc67f68,2022-10-25,,NOT_YET_LICENSED,GLOBAL_REFERENCE,,PROV:ISO_IEC_27001_2022:METADATA,PROVISIONAL_SUPPORTING_REFERENCE,provisional,ISO_IEC_27001_2022|1|A.6,blocked_until_licensed_content_and_human_review
ISO_IEC_27001_2022,1,A.6.1,A.6,other,annex_control,Selección de personal,1,A.6.1,es,,,0a77de6d6393a4fdff5e4afe560359f4f1487a661f5480443dda84893e62ad5b,2022-10-25,,NOT_YET_LICENSED,GLOBAL_REFERENCE,,PROV:ISO_IEC_27001_2022:METADATA,PROVISIONAL_SUPPORTING_REFERENCE,provisional,ISO_IEC_27001_2022|1|A.6.1,blocked_until_licensed_content_and_human_review
ISO_IEC_27001_2022,1,A.6.2,A.6,other,annex_control,Términos y condiciones laborales,2,A.6.2,es,,,42d6b98e9fd3ad74ae70961be3589aaa90b5504d3d24614c7029844de26d15bd,2022-10-25,,NOT_YET_LICENSED,GLOBAL_REFERENCE,,PROV:ISO_IEC_27001_2022:METADATA,PROVISIONAL_SUPPORTING_REFERENCE,provisional,ISO_IEC_27001_2022|1|A.6.2,blocked_until_licensed_content_and_human_review
ISO_IEC_27001_2022,1,A.6.3,A.6,other,annex_control,Conciencia y formación en seguridad,3,A.6.3,es,,,51358504586d6e66c38457d286813148bf65d7abdc689401c2ae2757958bc366,2022-10-25,,NOT_YET_LICENSED,GLOBAL_REFERENCE,,PROV:ISO_IEC_27001_2022:METADATA,PROVISIONAL_SUPPORTING_REFERENCE,provisional,ISO_IEC_27001_2022|1|A.6.3,blocked_until_licensed_content_and_human_review
ISO_IEC_27001_2022,1,A.6.4,A.6,other,annex_control,Proceso disciplinario,4,A.6.4,es,,,71dbc5c4739f2664e5582e7c821f670908640b25a64c728e5751f03eda613653,2022-10-25,,NOT_YET_LICENSED,GLOBAL_REFERENCE,,PROV:ISO_IEC_27001_2022:METADATA,PROVISIONAL_SUPPORTING_REFERENCE,provisional,ISO_IEC_27001_2022|1|A.6.4,blocked_until_licensed_content_and_human_review
ISO_IEC_27001_2022,1,A.6.5,A.6,other,annex_control,Responsabilidades tras cambio o término,5,A.6.5,es,,,10a472418e795638cb0626d4672be5e230e39850fd7f84f9a868dd8b723a84b9,2022-10-25,,NOT_YET_LICENSED,GLOBAL_REFERENCE,,PROV:ISO_IEC_27001_2022:METADATA,PROVISIONAL_SUPPORTING_REFERENCE,provisional,ISO_IEC_27001_2022|1|A.6.5,blocked_until_licensed_content_and_human_review
ISO_IEC_27001_2022,1,A.6.6,A.6,other,annex_control,Acuerdos de confidencialidad,6,A.6.6,es,,,2cb3b08f99d33499817e27044cd63117a150c45d43cd2c06457796ce7b315c5e,2022-10-25,,NOT_YET_LICENSED,GLOBAL_REFERENCE,,PROV:ISO_IEC_27001_2022:METADATA,PROVISIONAL_SUPPORTING_REFERENCE,provisional,ISO_IEC_27001_2022|1|A.6.6,blocked_until_licensed_content_and_human_review
ISO_IEC_27001_2022,1,A.6.7,A.6,other,annex_control,Trabajo remoto,7,A.6.7,es,,,7a5a69353b6fd86ce6184a64a4b7248796b8709a91a22178bfeae9ff3fab1acd,2022-10-25,,NOT_YET_LICENSED,GLOBAL_REFERENCE,,PROV:ISO_IEC_27001_2022:METADATA,PROVISIONAL_SUPPORTING_REFERENCE,provisional,ISO_IEC_27001_2022|1|A.6.7,blocked_until_licensed_content_and_human_review
ISO_IEC_27001_2022,1,A.6.8,A.6,other,annex_control,Reporte de eventos de seguridad,8,A.6.8,es,,,87479fecd7a0eddaf823bd57ace0c113113167e4af9e59d671c2a4681838ec8a,2022-10-25,,NOT_YET_LICENSED,GLOBAL_REFERENCE,,PROV:ISO_IEC_27001_2022:METADATA,PROVISIONAL_SUPPORTING_REFERENCE,provisional,ISO_IEC_27001_2022|1|A.6.8,blocked_until_licensed_content_and_human_review
ISO_IEC_27001_2022,1,A.7,A,control_group,annex_control_group,Annex A - grupo 7,3,A.7,es,,,0b2a635f4402fbd9b9a82b22dc824a69eba7ce1c67519e54a41a0ceec88f60b9,2022-10-25,,NOT_YET_LICENSED,GLOBAL_REFERENCE,,PROV:ISO_IEC_27001_2022:METADATA,PROVISIONAL_SUPPORTING_REFERENCE,provisional,ISO_IEC_27001_2022|1|A.7,blocked_until_licensed_content_and_human_review
ISO_IEC_27001_2022,1,A.7.1,A.7,other,annex_control,Perímetros físicos,1,A.7.1,es,,,471448b249fbcafbc2779e66a96aa4b7158a36a53542ecd480838a53c8ae4e84,2022-10-25,,NOT_YET_LICENSED,GLOBAL_REFERENCE,,PROV:ISO_IEC_27001_2022:METADATA,PROVISIONAL_SUPPORTING_REFERENCE,provisional,ISO_IEC_27001_2022|1|A.7.1,blocked_until_licensed_content_and_human_review
ISO_IEC_27001_2022,1,A.7.2,A.7,other,annex_control,Entrada física,2,A.7.2,es,,,fb40adf9dddd2c80b00dffa69f840feb2f9211aed51fcbb775881b1a5aa25675,2022-10-25,,NOT_YET_LICENSED,GLOBAL_REFERENCE,,PROV:ISO_IEC_27001_2022:METADATA,PROVISIONAL_SUPPORTING_REFERENCE,provisional,ISO_IEC_27001_2022|1|A.7.2,blocked_until_licensed_content_and_human_review
ISO_IEC_27001_2022,1,A.7.3,A.7,other,annex_control,Protección de oficinas e instalaciones,3,A.7.3,es,,,e516aa8138a2aeef0e5a5f659a183f5a1fbe440520b84f1d7bacc6aac7ba06ae,2022-10-25,,NOT_YET_LICENSED,GLOBAL_REFERENCE,,PROV:ISO_IEC_27001_2022:METADATA,PROVISIONAL_SUPPORTING_REFERENCE,provisional,ISO_IEC_27001_2022|1|A.7.3,blocked_until_licensed_content_and_human_review
ISO_IEC_27001_2022,1,A.7.4,A.7,other,annex_control,Monitoreo de seguridad física,4,A.7.4,es,,,97a6ca571f06b1970cb08dd54a82fbb1acff9c7d9720c483a17e4c2322a4205f,2022-10-25,,NOT_YET_LICENSED,GLOBAL_REFERENCE,,PROV:ISO_IEC_27001_2022:METADATA,PROVISIONAL_SUPPORTING_REFERENCE,provisional,ISO_IEC_27001_2022|1|A.7.4,blocked_until_licensed_content_and_human_review
ISO_IEC_27001_2022,1,A.7.5,A.7,other,annex_control,Protección contra amenazas físicas/ambientales,5,A.7.5,es,,,4f590fd32ba12a629bf27618c7b4c5c148b437256521c9be99eb72fe13c63a00,2022-10-25,,NOT_YET_LICENSED,GLOBAL_REFERENCE,,PROV:ISO_IEC_27001_2022:METADATA,PROVISIONAL_SUPPORTING_REFERENCE,provisional,ISO_IEC_27001_2022|1|A.7.5,blocked_until_licensed_content_and_human_review
ISO_IEC_27001_2022,1,A.7.6,A.7,other,annex_control,Trabajo en áreas seguras,6,A.7.6,es,,,91820c808f6eac7e256b20f98ba5cba49222c79ce8a1ba8b1867997e0a114f34,2022-10-25,,NOT_YET_LICENSED,GLOBAL_REFERENCE,,PROV:ISO_IEC_27001_2022:METADATA,PROVISIONAL_SUPPORTING_REFERENCE,provisional,ISO_IEC_27001_2022|1|A.7.6,blocked_until_licensed_content_and_human_review
ISO_IEC_27001_2022,1,A.7.7,A.7,other,annex_control,Escritorio y pantalla limpia,7,A.7.7,es,,,5991b22201d10004129ad169e7f202edb591451f99ab96cf1f7a136850d0ccb8,2022-10-25,,NOT_YET_LICENSED,GLOBAL_REFERENCE,,PROV:ISO_IEC_27001_2022:METADATA,PROVISIONAL_SUPPORTING_REFERENCE,provisional,ISO_IEC_27001_2022|1|A.7.7,blocked_until_licensed_content_and_human_review
ISO_IEC_27001_2022,1,A.7.8,A.7,other,annex_control,Ubicación y protección de equipos,8,A.7.8,es,,,9b48c27a5cb78f2a0c8a58a8c5fb921c6bba19ebe756734c2d25a94888dd050c,2022-10-25,,NOT_YET_LICENSED,GLOBAL_REFERENCE,,PROV:ISO_IEC_27001_2022:METADATA,PROVISIONAL_SUPPORTING_REFERENCE,provisional,ISO_IEC_27001_2022|1|A.7.8,blocked_until_licensed_content_and_human_review
ISO_IEC_27001_2022,1,A.7.9,A.7,other,annex_control,Activos fuera de instalaciones,9,A.7.9,es,,,a82ba341f5882643b1e91f76a3c77291654d420aa0460a2433cd9873dec10b5c,2022-10-25,,NOT_YET_LICENSED,GLOBAL_REFERENCE,,PROV:ISO_IEC_27001_2022:METADATA,PROVISIONAL_SUPPORTING_REFERENCE,provisional,ISO_IEC_27001_2022|1|A.7.9,blocked_until_licensed_content_and_human_review
ISO_IEC_27001_2022,1,A.7.10,A.7,other,annex_control,Medios de almacenamiento,10,A.7.10,es,,,4dbc23b09a6be6456b6ea39dee474d19ae9b3e501e1dfb8e28a4418a57329c2a,2022-10-25,,NOT_YET_LICENSED,GLOBAL_REFERENCE,,PROV:ISO_IEC_27001_2022:METADATA,PROVISIONAL_SUPPORTING_REFERENCE,provisional,ISO_IEC_27001_2022|1|A.7.10,blocked_until_licensed_content_and_human_review
ISO_IEC_27001_2022,1,A.7.11,A.7,other,annex_control,Servicios de soporte,11,A.7.11,es,,,9d9aae44abb1dcc430a129ffc1d391dbf25cebef51fa8edd3e2e5460f2b794d3,2022-10-25,,NOT_YET_LICENSED,GLOBAL_REFERENCE,,PROV:ISO_IEC_27001_2022:METADATA,PROVISIONAL_SUPPORTING_REFERENCE,provisional,ISO_IEC_27001_2022|1|A.7.11,blocked_until_licensed_content_and_human_review
ISO_IEC_27001_2022,1,A.7.12,A.7,other,annex_control,Seguridad del cableado,12,A.7.12,es,,,0d8dc32eca189e64a39bf88397c580e35c53b3a80250afedf69a437bae5e46a4,2022-10-25,,NOT_YET_LICENSED,GLOBAL_REFERENCE,,PROV:ISO_IEC_27001_2022:METADATA,PROVISIONAL_SUPPORTING_REFERENCE,provisional,ISO_IEC_27001_2022|1|A.7.12,blocked_until_licensed_content_and_human_review
ISO_IEC_27001_2022,1,A.7.13,A.7,other,annex_control,Mantenimiento de equipos,13,A.7.13,es,,,f343db41131dfc2bb2ef80fe632e6447a42fcad79f6c539e5e6fbb34f2e38be8,2022-10-25,,NOT_YET_LICENSED,GLOBAL_REFERENCE,,PROV:ISO_IEC_27001_2022:METADATA,PROVISIONAL_SUPPORTING_REFERENCE,provisional,ISO_IEC_27001_2022|1|A.7.13,blocked_until_licensed_content_and_human_review
ISO_IEC_27001_2022,1,A.7.14,A.7,other,annex_control,Eliminación o reutilización segura de equipos,14,A.7.14,es,,,f687fd5efeec156e56b72024c00ea9a349b14b21370160dac5ebdaa57cef7723,2022-10-25,,NOT_YET_LICENSED,GLOBAL_REFERENCE,,PROV:ISO_IEC_27001_2022:METADATA,PROVISIONAL_SUPPORTING_REFERENCE,provisional,ISO_IEC_27001_2022|1|A.7.14,blocked_until_licensed_content_and_human_review
ISO_IEC_27001_2022,1,A.8,A,control_group,annex_control_group,Annex A - grupo 8,4,A.8,es,,,34021638687c3f425b8298675f8b2355147ddfb78051e2ba43cc38cf214c3534,2022-10-25,,NOT_YET_LICENSED,GLOBAL_REFERENCE,,PROV:ISO_IEC_27001_2022:METADATA,PROVISIONAL_SUPPORTING_REFERENCE,provisional,ISO_IEC_27001_2022|1|A.8,blocked_until_licensed_content_and_human_review
ISO_IEC_27001_2022,1,A.8.1,A.8,other,annex_control,Dispositivos endpoint,1,A.8.1,es,,,96e2d7f4c3926697f22a9c23b6344deb5eb97b4c9f4b941e199d5aff009b5a79,2022-10-25,,NOT_YET_LICENSED,GLOBAL_REFERENCE,,PROV:ISO_IEC_27001_2022:METADATA,PROVISIONAL_SUPPORTING_REFERENCE,provisional,ISO_IEC_27001_2022|1|A.8.1,blocked_until_licensed_content_and_human_review
ISO_IEC_27001_2022,1,A.8.2,A.8,other,annex_control,Accesos privilegiados,2,A.8.2,es,,,ec8545d3889a68a17153abc7d8d5f763698a9e3ceac23a5d5ffa41d8d7cb79bb,2022-10-25,,NOT_YET_LICENSED,GLOBAL_REFERENCE,,PROV:ISO_IEC_27001_2022:METADATA,PROVISIONAL_SUPPORTING_REFERENCE,provisional,ISO_IEC_27001_2022|1|A.8.2,blocked_until_licensed_content_and_human_review
ISO_IEC_27001_2022,1,A.8.3,A.8,other,annex_control,Restricción de acceso a información,3,A.8.3,es,,,726e1092fe6b528a3c16bd182bb1c94d328a6a9f62485bf3b586a352fc435851,2022-10-25,,NOT_YET_LICENSED,GLOBAL_REFERENCE,,PROV:ISO_IEC_27001_2022:METADATA,PROVISIONAL_SUPPORTING_REFERENCE,provisional,ISO_IEC_27001_2022|1|A.8.3,blocked_until_licensed_content_and_human_review
ISO_IEC_27001_2022,1,A.8.4,A.8,other,annex_control,Acceso a código fuente,4,A.8.4,es,,,c25601a55ac028d73cde2d52c2c9991d79b08dde7cc64f874d3987cc78533320,2022-10-25,,NOT_YET_LICENSED,GLOBAL_REFERENCE,,PROV:ISO_IEC_27001_2022:METADATA,PROVISIONAL_SUPPORTING_REFERENCE,provisional,ISO_IEC_27001_2022|1|A.8.4,blocked_until_licensed_content_and_human_review
ISO_IEC_27001_2022,1,A.8.5,A.8,other,annex_control,Autenticación segura,5,A.8.5,es,,,352ae27e98a300129f9768aafbb8235ac1dd40acba91428137fd55939c5c5387,2022-10-25,,NOT_YET_LICENSED,GLOBAL_REFERENCE,,PROV:ISO_IEC_27001_2022:METADATA,PROVISIONAL_SUPPORTING_REFERENCE,provisional,ISO_IEC_27001_2022|1|A.8.5,blocked_until_licensed_content_and_human_review
ISO_IEC_27001_2022,1,A.8.6,A.8,other,annex_control,Gestión de capacidad,6,A.8.6,es,,,0ee9d1324b2a136df9fe9654435058532bd11b9c1e235d940e2f82d05eba5fec,2022-10-25,,NOT_YET_LICENSED,GLOBAL_REFERENCE,,PROV:ISO_IEC_27001_2022:METADATA,PROVISIONAL_SUPPORTING_REFERENCE,provisional,ISO_IEC_27001_2022|1|A.8.6,blocked_until_licensed_content_and_human_review
ISO_IEC_27001_2022,1,A.8.7,A.8,other,annex_control,Protección contra malware,7,A.8.7,es,,,7b647244a6760cd0f988754ee1490035318fd99357180b463471855152a47dd1,2022-10-25,,NOT_YET_LICENSED,GLOBAL_REFERENCE,,PROV:ISO_IEC_27001_2022:METADATA,PROVISIONAL_SUPPORTING_REFERENCE,provisional,ISO_IEC_27001_2022|1|A.8.7,blocked_until_licensed_content_and_human_review
ISO_IEC_27001_2022,1,A.8.8,A.8,other,annex_control,Vulnerabilidades técnicas,8,A.8.8,es,,,b6ea6cb774b61985d855192036e6bbdba6e33fe564b2e5adb482cee1775f3a8e,2022-10-25,,NOT_YET_LICENSED,GLOBAL_REFERENCE,,PROV:ISO_IEC_27001_2022:METADATA,PROVISIONAL_SUPPORTING_REFERENCE,provisional,ISO_IEC_27001_2022|1|A.8.8,blocked_until_licensed_content_and_human_review
ISO_IEC_27001_2022,1,A.8.9,A.8,other,annex_control,Gestión de configuración,9,A.8.9,es,,,8870fe46f7a3182b1a1cb20ce66872bf2ce09bd04be28e1744826bdcf06a504f,2022-10-25,,NOT_YET_LICENSED,GLOBAL_REFERENCE,,PROV:ISO_IEC_27001_2022:METADATA,PROVISIONAL_SUPPORTING_REFERENCE,provisional,ISO_IEC_27001_2022|1|A.8.9,blocked_until_licensed_content_and_human_review
ISO_IEC_27001_2022,1,A.8.10,A.8,other,annex_control,Eliminación de información,10,A.8.10,es,,,d3877470b48cbba1884f41d2fb7e6747b2b879e2fb55b7431f1a7f861546dc41,2022-10-25,,NOT_YET_LICENSED,GLOBAL_REFERENCE,,PROV:ISO_IEC_27001_2022:METADATA,PROVISIONAL_SUPPORTING_REFERENCE,provisional,ISO_IEC_27001_2022|1|A.8.10,blocked_until_licensed_content_and_human_review
ISO_IEC_27001_2022,1,A.8.11,A.8,other,annex_control,Enmascaramiento de datos,11,A.8.11,es,,,7754ed65ec5fc5c5c4e768c19a1a6dc602a5770e4a59de7d52e2dbb68442fe4d,2022-10-25,,NOT_YET_LICENSED,GLOBAL_REFERENCE,,PROV:ISO_IEC_27001_2022:METADATA,PROVISIONAL_SUPPORTING_REFERENCE,provisional,ISO_IEC_27001_2022|1|A.8.11,blocked_until_licensed_content_and_human_review
ISO_IEC_27001_2022,1,A.8.12,A.8,other,annex_control,Prevención de fuga de datos,12,A.8.12,es,,,ba1020f9e7efbd3fbd66b8f807d049469e9d28768a7083c435e8aa8fe5baf0aa,2022-10-25,,NOT_YET_LICENSED,GLOBAL_REFERENCE,,PROV:ISO_IEC_27001_2022:METADATA,PROVISIONAL_SUPPORTING_REFERENCE,provisional,ISO_IEC_27001_2022|1|A.8.12,blocked_until_licensed_content_and_human_review
ISO_IEC_27001_2022,1,A.8.13,A.8,other,annex_control,Respaldo de información,13,A.8.13,es,,,3bdd0e5bd2c4ff038d6090514d4d60d6eabc234b415b613caec4853e57681036,2022-10-25,,NOT_YET_LICENSED,GLOBAL_REFERENCE,,PROV:ISO_IEC_27001_2022:METADATA,PROVISIONAL_SUPPORTING_REFERENCE,provisional,ISO_IEC_27001_2022|1|A.8.13,blocked_until_licensed_content_and_human_review
ISO_IEC_27001_2022,1,A.8.14,A.8,other,annex_control,Redundancia de procesamiento,14,A.8.14,es,,,e8abe41a67fb689a080ac08b4eb72daec7dad29de4f6b4076b1a479a1ed4aa1c,2022-10-25,,NOT_YET_LICENSED,GLOBAL_REFERENCE,,PROV:ISO_IEC_27001_2022:METADATA,PROVISIONAL_SUPPORTING_REFERENCE,provisional,ISO_IEC_27001_2022|1|A.8.14,blocked_until_licensed_content_and_human_review
ISO_IEC_27001_2022,1,A.8.15,A.8,other,annex_control,Logging,15,A.8.15,es,,,22ca882e18d8223519935dcb28532ba7dd6f90bff7664500badce9b71aff1d50,2022-10-25,,NOT_YET_LICENSED,GLOBAL_REFERENCE,,PROV:ISO_IEC_27001_2022:METADATA,PROVISIONAL_SUPPORTING_REFERENCE,provisional,ISO_IEC_27001_2022|1|A.8.15,blocked_until_licensed_content_and_human_review
ISO_IEC_27001_2022,1,A.8.16,A.8,other,annex_control,Monitoreo de actividades,16,A.8.16,es,,,f03ad1a4285f4edc4a54f73e57274e75adbf750f3012f001a58d249629714432,2022-10-25,,NOT_YET_LICENSED,GLOBAL_REFERENCE,,PROV:ISO_IEC_27001_2022:METADATA,PROVISIONAL_SUPPORTING_REFERENCE,provisional,ISO_IEC_27001_2022|1|A.8.16,blocked_until_licensed_content_and_human_review
ISO_IEC_27001_2022,1,A.8.17,A.8,other,annex_control,Sincronización de relojes,17,A.8.17,es,,,e6e95afc5875d6017c5e77a5acccf40887b0fa2683410bcb01d1972b89dd9537,2022-10-25,,NOT_YET_LICENSED,GLOBAL_REFERENCE,,PROV:ISO_IEC_27001_2022:METADATA,PROVISIONAL_SUPPORTING_REFERENCE,provisional,ISO_IEC_27001_2022|1|A.8.17,blocked_until_licensed_content_and_human_review
ISO_IEC_27001_2022,1,A.8.18,A.8,other,annex_control,Uso de utilitarios privilegiados,18,A.8.18,es,,,2a76b3f1a0a971f94a7f27953c69d0d00373f4710a2958a85d302a33a17cec7d,2022-10-25,,NOT_YET_LICENSED,GLOBAL_REFERENCE,,PROV:ISO_IEC_27001_2022:METADATA,PROVISIONAL_SUPPORTING_REFERENCE,provisional,ISO_IEC_27001_2022|1|A.8.18,blocked_until_licensed_content_and_human_review
ISO_IEC_27001_2022,1,A.8.19,A.8,other,annex_control,Instalación de software,19,A.8.19,es,,,e1ddcc33396bd8fb412484f46d1205073761af540f3ed8788a4debb4adf72636,2022-10-25,,NOT_YET_LICENSED,GLOBAL_REFERENCE,,PROV:ISO_IEC_27001_2022:METADATA,PROVISIONAL_SUPPORTING_REFERENCE,provisional,ISO_IEC_27001_2022|1|A.8.19,blocked_until_licensed_content_and_human_review
ISO_IEC_27001_2022,1,A.8.20,A.8,other,annex_control,Seguridad de redes,20,A.8.20,es,,,25df92c13d82d3f2e3655cf60e050745985103ff8cfb718fb310360872652091,2022-10-25,,NOT_YET_LICENSED,GLOBAL_REFERENCE,,PROV:ISO_IEC_27001_2022:METADATA,PROVISIONAL_SUPPORTING_REFERENCE,provisional,ISO_IEC_27001_2022|1|A.8.20,blocked_until_licensed_content_and_human_review
ISO_IEC_27001_2022,1,A.8.21,A.8,other,annex_control,Seguridad de servicios de red,21,A.8.21,es,,,1df0da9c5fc8f3df9101ffb75ae315b145c2d49de6b484d5056667d11134220c,2022-10-25,,NOT_YET_LICENSED,GLOBAL_REFERENCE,,PROV:ISO_IEC_27001_2022:METADATA,PROVISIONAL_SUPPORTING_REFERENCE,provisional,ISO_IEC_27001_2022|1|A.8.21,blocked_until_licensed_content_and_human_review
ISO_IEC_27001_2022,1,A.8.22,A.8,other,annex_control,Segregación de redes,22,A.8.22,es,,,3fe47e0b03fa5329d7d89f12fe020987ea759c922249da3dd29651d447eb601a,2022-10-25,,NOT_YET_LICENSED,GLOBAL_REFERENCE,,PROV:ISO_IEC_27001_2022:METADATA,PROVISIONAL_SUPPORTING_REFERENCE,provisional,ISO_IEC_27001_2022|1|A.8.22,blocked_until_licensed_content_and_human_review
ISO_IEC_27001_2022,1,A.8.23,A.8,other,annex_control,Filtrado web,23,A.8.23,es,,,bdcb13daff712462aa91cedbdf4ba3772c60ebeea11c7ec7a0cbfca9fa706b13,2022-10-25,,NOT_YET_LICENSED,GLOBAL_REFERENCE,,PROV:ISO_IEC_27001_2022:METADATA,PROVISIONAL_SUPPORTING_REFERENCE,provisional,ISO_IEC_27001_2022|1|A.8.23,blocked_until_licensed_content_and_human_review
ISO_IEC_27001_2022,1,A.8.24,A.8,other,annex_control,Criptografía,24,A.8.24,es,,,a10002cd430f190f6b45a2c42a9b574973793eddd76e961618cc5cb78c7ac4f2,2022-10-25,,NOT_YET_LICENSED,GLOBAL_REFERENCE,,PROV:ISO_IEC_27001_2022:METADATA,PROVISIONAL_SUPPORTING_REFERENCE,provisional,ISO_IEC_27001_2022|1|A.8.24,blocked_until_licensed_content_and_human_review
ISO_IEC_27001_2022,1,A.8.25,A.8,other,annex_control,Ciclo de desarrollo seguro,25,A.8.25,es,,,fffe570776c14766c5c7d6c8b20ee96a9e0ec82eff58c81a0ab593e298e4e6b3,2022-10-25,,NOT_YET_LICENSED,GLOBAL_REFERENCE,,PROV:ISO_IEC_27001_2022:METADATA,PROVISIONAL_SUPPORTING_REFERENCE,provisional,ISO_IEC_27001_2022|1|A.8.25,blocked_until_licensed_content_and_human_review
ISO_IEC_27001_2022,1,A.8.26,A.8,other,annex_control,Requisitos de seguridad de aplicaciones,26,A.8.26,es,,,852839003a07ac681ba6ca853645ec77e484448a20b39d76fe693f464efb16af,2022-10-25,,NOT_YET_LICENSED,GLOBAL_REFERENCE,,PROV:ISO_IEC_27001_2022:METADATA,PROVISIONAL_SUPPORTING_REFERENCE,provisional,ISO_IEC_27001_2022|1|A.8.26,blocked_until_licensed_content_and_human_review
ISO_IEC_27001_2022,1,A.8.27,A.8,other,annex_control,Arquitectura e ingeniería segura,27,A.8.27,es,,,bbd2f973d873ac9064708565b6d64ecf6e08de5463190269832c5b94fa23dd3b,2022-10-25,,NOT_YET_LICENSED,GLOBAL_REFERENCE,,PROV:ISO_IEC_27001_2022:METADATA,PROVISIONAL_SUPPORTING_REFERENCE,provisional,ISO_IEC_27001_2022|1|A.8.27,blocked_until_licensed_content_and_human_review
ISO_IEC_27001_2022,1,A.8.28,A.8,other,annex_control,Codificación segura,28,A.8.28,es,,,6c46c360a0fd9cc201e871914da97e8c3afdc8c16fad2af4e828c7178f7f1bcd,2022-10-25,,NOT_YET_LICENSED,GLOBAL_REFERENCE,,PROV:ISO_IEC_27001_2022:METADATA,PROVISIONAL_SUPPORTING_REFERENCE,provisional,ISO_IEC_27001_2022|1|A.8.28,blocked_until_licensed_content_and_human_review
ISO_IEC_27001_2022,1,A.8.29,A.8,other,annex_control,Pruebas de seguridad en desarrollo/aceptación,29,A.8.29,es,,,d58dc4fbf43409d1192907e686d872ee347cf133d3625c9adfe94e64a5f7bb8c,2022-10-25,,NOT_YET_LICENSED,GLOBAL_REFERENCE,,PROV:ISO_IEC_27001_2022:METADATA,PROVISIONAL_SUPPORTING_REFERENCE,provisional,ISO_IEC_27001_2022|1|A.8.29,blocked_until_licensed_content_and_human_review
ISO_IEC_27001_2022,1,A.8.30,A.8,other,annex_control,Desarrollo externalizado,30,A.8.30,es,,,95484d25e120f44c3926a88baace0a3c06444c17d93dc77d7c744d38e682f12e,2022-10-25,,NOT_YET_LICENSED,GLOBAL_REFERENCE,,PROV:ISO_IEC_27001_2022:METADATA,PROVISIONAL_SUPPORTING_REFERENCE,provisional,ISO_IEC_27001_2022|1|A.8.30,blocked_until_licensed_content_and_human_review
ISO_IEC_27001_2022,1,A.8.31,A.8,other,annex_control,Separación desarrollo/prueba/producción,31,A.8.31,es,,,da7998aac131df97095a51bb2a589be7813e8db8e0371dd4a95c76ef1bffc3c9,2022-10-25,,NOT_YET_LICENSED,GLOBAL_REFERENCE,,PROV:ISO_IEC_27001_2022:METADATA,PROVISIONAL_SUPPORTING_REFERENCE,provisional,ISO_IEC_27001_2022|1|A.8.31,blocked_until_licensed_content_and_human_review
ISO_IEC_27001_2022,1,A.8.32,A.8,other,annex_control,Gestión de cambios,32,A.8.32,es,,,f8d5e431cd7a0dcb3fe584438c36bb8813349f4085c6c36238c178f3c9e6bada,2022-10-25,,NOT_YET_LICENSED,GLOBAL_REFERENCE,,PROV:ISO_IEC_27001_2022:METADATA,PROVISIONAL_SUPPORTING_REFERENCE,provisional,ISO_IEC_27001_2022|1|A.8.32,blocked_until_licensed_content_and_human_review
ISO_IEC_27001_2022,1,A.8.33,A.8,other,annex_control,Datos de prueba,33,A.8.33,es,,,921f24e1f0669d29fbb65e2ccee72872f196083d279c67bc9ccb097c3ac3a1b3,2022-10-25,,NOT_YET_LICENSED,GLOBAL_REFERENCE,,PROV:ISO_IEC_27001_2022:METADATA,PROVISIONAL_SUPPORTING_REFERENCE,provisional,ISO_IEC_27001_2022|1|A.8.33,blocked_until_licensed_content_and_human_review
ISO_IEC_27001_2022,1,A.8.34,A.8,other,annex_control,Protección durante pruebas de auditoría,34,A.8.34,es,,,d98444b4f2d6bf195bbea287b1578d2adefbba50a69c06f0bf9901742dfd3231,2022-10-25,,NOT_YET_LICENSED,GLOBAL_REFERENCE,,PROV:ISO_IEC_27001_2022:METADATA,PROVISIONAL_SUPPORTING_REFERENCE,provisional,ISO_IEC_27001_2022|1|A.8.34,blocked_until_licensed_content_and_human_review
ISO_IEC_42001_2023,1,A.2,A,control_group,annex_control_group,Annex A - objetivo 2,1,A.2,es,,,16f3e0f65d8ab4a46a035c679bbd1b331464169bce67eead2e05262de435b703,2023-12,,NOT_YET_LICENSED,GLOBAL_REFERENCE,,PROV:ISO_IEC_42001_2023:METADATA,PROVISIONAL_SUPPORTING_REFERENCE,provisional,ISO_IEC_42001_2023|1|A.2,blocked_until_licensed_content_and_human_review
ISO_IEC_42001_2023,1,A.2.2,A.2,other,annex_control,Política de IA,1,A.2.2,es,,,eed92cd1d9aec100b08328ab6da3273be67e04d36124d25a7328400452467afa,2023-12,,NOT_YET_LICENSED,GLOBAL_REFERENCE,,PROV:ISO_IEC_42001_2023:METADATA,PROVISIONAL_SUPPORTING_REFERENCE,provisional,ISO_IEC_42001_2023|1|A.2.2,blocked_until_licensed_content_and_human_review
ISO_IEC_42001_2023,1,A.2.3,A.2,other,annex_control,Alineación de política de IA con otras políticas,2,A.2.3,es,,,ea387b1c312a324c22471d408d57654383b070c05ea6487f7a7873240383f440,2023-12,,NOT_YET_LICENSED,GLOBAL_REFERENCE,,PROV:ISO_IEC_42001_2023:METADATA,PROVISIONAL_SUPPORTING_REFERENCE,provisional,ISO_IEC_42001_2023|1|A.2.3,blocked_until_licensed_content_and_human_review
ISO_IEC_42001_2023,1,A.2.4,A.2,other,annex_control,Revisión de política de IA,3,A.2.4,es,,,65ac004a7205f45fef7ba2d6f46cbc604b0d66da2d043ea6bfb8835c0303c36e,2023-12,,NOT_YET_LICENSED,GLOBAL_REFERENCE,,PROV:ISO_IEC_42001_2023:METADATA,PROVISIONAL_SUPPORTING_REFERENCE,provisional,ISO_IEC_42001_2023|1|A.2.4,blocked_until_licensed_content_and_human_review
ISO_IEC_42001_2023,1,A.3,A,control_group,annex_control_group,Annex A - objetivo 3,2,A.3,es,,,881438abf72aa36e45d01f7b342ca7b48be21b9d02cc13a3ea2190fa84f778fe,2023-12,,NOT_YET_LICENSED,GLOBAL_REFERENCE,,PROV:ISO_IEC_42001_2023:METADATA,PROVISIONAL_SUPPORTING_REFERENCE,provisional,ISO_IEC_42001_2023|1|A.3,blocked_until_licensed_content_and_human_review
ISO_IEC_42001_2023,1,A.3.2,A.3,other,annex_control,Roles y responsabilidades de IA,1,A.3.2,es,,,7446515b35cafe48b5c7eb8082069549c47e875e2a250bca6d3d0263b1ca4620,2023-12,,NOT_YET_LICENSED,GLOBAL_REFERENCE,,PROV:ISO_IEC_42001_2023:METADATA,PROVISIONAL_SUPPORTING_REFERENCE,provisional,ISO_IEC_42001_2023|1|A.3.2,blocked_until_licensed_content_and_human_review
ISO_IEC_42001_2023,1,A.3.3,A.3,other,annex_control,Reporte de preocupaciones relacionadas con IA,2,A.3.3,es,,,3fbe7a0bf9340babe58a2122d1c16d6a595f8212ad0e9ff2ead9a3a650b70bad,2023-12,,NOT_YET_LICENSED,GLOBAL_REFERENCE,,PROV:ISO_IEC_42001_2023:METADATA,PROVISIONAL_SUPPORTING_REFERENCE,provisional,ISO_IEC_42001_2023|1|A.3.3,blocked_until_licensed_content_and_human_review
ISO_IEC_42001_2023,1,A.4,A,control_group,annex_control_group,Annex A - objetivo 4,3,A.4,es,,,350bca0f59c6711da292765177f150736d5e0e18845228cd14a372ea419c7821,2023-12,,NOT_YET_LICENSED,GLOBAL_REFERENCE,,PROV:ISO_IEC_42001_2023:METADATA,PROVISIONAL_SUPPORTING_REFERENCE,provisional,ISO_IEC_42001_2023|1|A.4,blocked_until_licensed_content_and_human_review
ISO_IEC_42001_2023,1,A.4.2,A.4,other,annex_control,Documentación de recursos de IA,1,A.4.2,es,,,1d836740dae4fa9eb113109862f4939f05a200ce2301347c99c0b3b4c36d5195,2023-12,,NOT_YET_LICENSED,GLOBAL_REFERENCE,,PROV:ISO_IEC_42001_2023:METADATA,PROVISIONAL_SUPPORTING_REFERENCE,provisional,ISO_IEC_42001_2023|1|A.4.2,blocked_until_licensed_content_and_human_review
ISO_IEC_42001_2023,1,A.4.3,A.4,other,annex_control,Recursos de datos,2,A.4.3,es,,,e65ccf4dedeffb31f92d4e597719f5109e96929e89ce4a4db91f4b05ace865e8,2023-12,,NOT_YET_LICENSED,GLOBAL_REFERENCE,,PROV:ISO_IEC_42001_2023:METADATA,PROVISIONAL_SUPPORTING_REFERENCE,provisional,ISO_IEC_42001_2023|1|A.4.3,blocked_until_licensed_content_and_human_review
ISO_IEC_42001_2023,1,A.4.4,A.4,other,annex_control,Recursos de herramientas,3,A.4.4,es,,,7205f6c987ae5afa2613df5e117c1b3cdf03a8d8e920d261f05b0e0752f6ecf3,2023-12,,NOT_YET_LICENSED,GLOBAL_REFERENCE,,PROV:ISO_IEC_42001_2023:METADATA,PROVISIONAL_SUPPORTING_REFERENCE,provisional,ISO_IEC_42001_2023|1|A.4.4,blocked_until_licensed_content_and_human_review
ISO_IEC_42001_2023,1,A.4.5,A.4,other,annex_control,Recursos de sistemas y cómputo,4,A.4.5,es,,,cd1d1128d694b65b34668422655fb5dee1326f1d65fc8713c845ba5402d52747,2023-12,,NOT_YET_LICENSED,GLOBAL_REFERENCE,,PROV:ISO_IEC_42001_2023:METADATA,PROVISIONAL_SUPPORTING_REFERENCE,provisional,ISO_IEC_42001_2023|1|A.4.5,blocked_until_licensed_content_and_human_review
ISO_IEC_42001_2023,1,A.4.6,A.4,other,annex_control,Recursos humanos,5,A.4.6,es,,,fdd204f68b378ad3d9174e42b5847c336807e158d0f982db6da57f95ff5bf74c,2023-12,,NOT_YET_LICENSED,GLOBAL_REFERENCE,,PROV:ISO_IEC_42001_2023:METADATA,PROVISIONAL_SUPPORTING_REFERENCE,provisional,ISO_IEC_42001_2023|1|A.4.6,blocked_until_licensed_content_and_human_review
ISO_IEC_42001_2023,1,A.5,A,control_group,annex_control_group,Annex A - objetivo 5,4,A.5,es,,,eca0c2f1a77c80b2f5c79fd3fe6bbfd05a7660792b0d7665313f8dbac4839c62,2023-12,,NOT_YET_LICENSED,GLOBAL_REFERENCE,,PROV:ISO_IEC_42001_2023:METADATA,PROVISIONAL_SUPPORTING_REFERENCE,provisional,ISO_IEC_42001_2023|1|A.5,blocked_until_licensed_content_and_human_review
ISO_IEC_42001_2023,1,A.5.2,A.5,other,annex_control,Proceso de evaluación de impacto IA,1,A.5.2,es,,,c09e743aa8ee92c3042f8a4280d55581473d8a52853d86dd4f0f81337fd535b8,2023-12,,NOT_YET_LICENSED,GLOBAL_REFERENCE,,PROV:ISO_IEC_42001_2023:METADATA,PROVISIONAL_SUPPORTING_REFERENCE,provisional,ISO_IEC_42001_2023|1|A.5.2,blocked_until_licensed_content_and_human_review
ISO_IEC_42001_2023,1,A.5.3,A.5,other,annex_control,Documentación de evaluaciones de impacto,2,A.5.3,es,,,ae9b130aa4e84a635956c4fda86b71ecf59097c6173a85d3423e59eb3182f403,2023-12,,NOT_YET_LICENSED,GLOBAL_REFERENCE,,PROV:ISO_IEC_42001_2023:METADATA,PROVISIONAL_SUPPORTING_REFERENCE,provisional,ISO_IEC_42001_2023|1|A.5.3,blocked_until_licensed_content_and_human_review
ISO_IEC_42001_2023,1,A.5.4,A.5,other,annex_control,Impacto sobre individuos o grupos,3,A.5.4,es,,,71a38d7db6d5e39ab63e92ab5a8e666b4928b6546e7779e107ae1cdda5fb2542,2023-12,,NOT_YET_LICENSED,GLOBAL_REFERENCE,,PROV:ISO_IEC_42001_2023:METADATA,PROVISIONAL_SUPPORTING_REFERENCE,provisional,ISO_IEC_42001_2023|1|A.5.4,blocked_until_licensed_content_and_human_review
ISO_IEC_42001_2023,1,A.5.5,A.5,other,annex_control,Impacto social,4,A.5.5,es,,,22e2fd336b0f67098efd09b35b7fdbf39ed15b27f816f9eabfb8cc1607804521,2023-12,,NOT_YET_LICENSED,GLOBAL_REFERENCE,,PROV:ISO_IEC_42001_2023:METADATA,PROVISIONAL_SUPPORTING_REFERENCE,provisional,ISO_IEC_42001_2023|1|A.5.5,blocked_until_licensed_content_and_human_review
ISO_IEC_42001_2023,1,A.6,A,control_group,annex_control_group,Annex A - objetivo 6,5,A.6,es,,,7e37478d08d14aabf520d6ce8f1f39946d4e14a7e4e2c10eeaca21d037ee660a,2023-12,,NOT_YET_LICENSED,GLOBAL_REFERENCE,,PROV:ISO_IEC_42001_2023:METADATA,PROVISIONAL_SUPPORTING_REFERENCE,provisional,ISO_IEC_42001_2023|1|A.6,blocked_until_licensed_content_and_human_review
ISO_IEC_42001_2023,1,A.6.2,A.6,other,annex_control,Objetivos de desarrollo responsable de IA,1,A.6.2,es,,,6ede617f357695022b42e1866c42f6a769db706568f4eb1ba9658466c7f3bb4d,2023-12,,NOT_YET_LICENSED,GLOBAL_REFERENCE,,PROV:ISO_IEC_42001_2023:METADATA,PROVISIONAL_SUPPORTING_REFERENCE,provisional,ISO_IEC_42001_2023|1|A.6.2,blocked_until_licensed_content_and_human_review
ISO_IEC_42001_2023,1,A.6.3,A.6,other,annex_control,Procesos para desarrollo responsable de IA,2,A.6.3,es,,,a298b9a68f0c7560237721fae235f325082f98da30bf3a0133279f4bc44e8c83,2023-12,,NOT_YET_LICENSED,GLOBAL_REFERENCE,,PROV:ISO_IEC_42001_2023:METADATA,PROVISIONAL_SUPPORTING_REFERENCE,provisional,ISO_IEC_42001_2023|1|A.6.3,blocked_until_licensed_content_and_human_review
ISO_IEC_42001_2023,1,A.6.4,A.6,other,annex_control,Requisitos del sistema IA,3,A.6.4,es,,,1b4ebf342fc0534d5c496bc0dfd9309794b9f2fdb4b79b4480d0ef2901c59722,2023-12,,NOT_YET_LICENSED,GLOBAL_REFERENCE,,PROV:ISO_IEC_42001_2023:METADATA,PROVISIONAL_SUPPORTING_REFERENCE,provisional,ISO_IEC_42001_2023|1|A.6.4,blocked_until_licensed_content_and_human_review
ISO_IEC_42001_2023,1,A.6.5,A.6,other,annex_control,Documentación de diseño y desarrollo,4,A.6.5,es,,,fd0308293bf8a95b70901943785d7b1c4c2cbc74ac74cbb443917223deb66504,2023-12,,NOT_YET_LICENSED,GLOBAL_REFERENCE,,PROV:ISO_IEC_42001_2023:METADATA,PROVISIONAL_SUPPORTING_REFERENCE,provisional,ISO_IEC_42001_2023|1|A.6.5,blocked_until_licensed_content_and_human_review
ISO_IEC_42001_2023,1,A.6.6,A.6,other,annex_control,Verificación y validación del sistema IA,5,A.6.6,es,,,ead2656755ca58a6eac962475684452fc8717c9e394291cbeeeabec4c142913d,2023-12,,NOT_YET_LICENSED,GLOBAL_REFERENCE,,PROV:ISO_IEC_42001_2023:METADATA,PROVISIONAL_SUPPORTING_REFERENCE,provisional,ISO_IEC_42001_2023|1|A.6.6,blocked_until_licensed_content_and_human_review
ISO_IEC_42001_2023,1,A.6.7,A.6,other,annex_control,Despliegue del sistema IA,6,A.6.7,es,,,3297dda2b0b3d85fa1a9d5dfaf9508baa8f9da1c9d56a645303ce36354229967,2023-12,,NOT_YET_LICENSED,GLOBAL_REFERENCE,,PROV:ISO_IEC_42001_2023:METADATA,PROVISIONAL_SUPPORTING_REFERENCE,provisional,ISO_IEC_42001_2023|1|A.6.7,blocked_until_licensed_content_and_human_review
ISO_IEC_42001_2023,1,A.6.8,A.6,other,annex_control,Operación y monitoreo del sistema IA,7,A.6.8,es,,,ed5a91a8b997facc15bcc2760e7aa37b3ebc1bd1492a8462f081e7dec11ca6a7,2023-12,,NOT_YET_LICENSED,GLOBAL_REFERENCE,,PROV:ISO_IEC_42001_2023:METADATA,PROVISIONAL_SUPPORTING_REFERENCE,provisional,ISO_IEC_42001_2023|1|A.6.8,blocked_until_licensed_content_and_human_review
ISO_IEC_42001_2023,1,A.6.9,A.6,other,annex_control,Documentación técnica del sistema IA,8,A.6.9,es,,,1bbdac539b1c451fb10a365c337522e0e192c59cce13767f66b61a4d665c827b,2023-12,,NOT_YET_LICENSED,GLOBAL_REFERENCE,,PROV:ISO_IEC_42001_2023:METADATA,PROVISIONAL_SUPPORTING_REFERENCE,provisional,ISO_IEC_42001_2023|1|A.6.9,blocked_until_licensed_content_and_human_review
ISO_IEC_42001_2023,1,A.6.10,A.6,other,annex_control,Registro de eventos del sistema IA,9,A.6.10,es,,,2f49bb2cc72c436884cac84f5ceaf394f22136c923c749b71b494fa0bd3d1129,2023-12,,NOT_YET_LICENSED,GLOBAL_REFERENCE,,PROV:ISO_IEC_42001_2023:METADATA,PROVISIONAL_SUPPORTING_REFERENCE,provisional,ISO_IEC_42001_2023|1|A.6.10,blocked_until_licensed_content_and_human_review
ISO_IEC_42001_2023,1,A.7,A,control_group,annex_control_group,Annex A - objetivo 7,6,A.7,es,,,39b252a5bb2dc8f91c45971d23c32508bfd3c901f973f0933d425596ea122de4,2023-12,,NOT_YET_LICENSED,GLOBAL_REFERENCE,,PROV:ISO_IEC_42001_2023:METADATA,PROVISIONAL_SUPPORTING_REFERENCE,provisional,ISO_IEC_42001_2023|1|A.7,blocked_until_licensed_content_and_human_review
ISO_IEC_42001_2023,1,A.7.2,A.7,other,annex_control,Gestión de datos para IA,1,A.7.2,es,,,cbb3fbdd5add950c8bfb2c25ddfe6277adca6de3a4e999907087cfda91d88399,2023-12,,NOT_YET_LICENSED,GLOBAL_REFERENCE,,PROV:ISO_IEC_42001_2023:METADATA,PROVISIONAL_SUPPORTING_REFERENCE,provisional,ISO_IEC_42001_2023|1|A.7.2,blocked_until_licensed_content_and_human_review
ISO_IEC_42001_2023,1,A.7.3,A.7,other,annex_control,Adquisición de datos,2,A.7.3,es,,,ffb4e1886cc67cb4f313b0982d64efa4518dda5df83674cdbd5612d206f7b317,2023-12,,NOT_YET_LICENSED,GLOBAL_REFERENCE,,PROV:ISO_IEC_42001_2023:METADATA,PROVISIONAL_SUPPORTING_REFERENCE,provisional,ISO_IEC_42001_2023|1|A.7.3,blocked_until_licensed_content_and_human_review
ISO_IEC_42001_2023,1,A.7.4,A.7,other,annex_control,Calidad de datos,3,A.7.4,es,,,28506a11997a9f4521feac9c29bcc49c9ccd642627cd3767100c7b8570ba72fd,2023-12,,NOT_YET_LICENSED,GLOBAL_REFERENCE,,PROV:ISO_IEC_42001_2023:METADATA,PROVISIONAL_SUPPORTING_REFERENCE,provisional,ISO_IEC_42001_2023|1|A.7.4,blocked_until_licensed_content_and_human_review
ISO_IEC_42001_2023,1,A.7.5,A.7,other,annex_control,Proveniencia de datos,4,A.7.5,es,,,4c2c1956f5a718c14b883df043ffc7f747a59558e61d68710fef8ec30095f792,2023-12,,NOT_YET_LICENSED,GLOBAL_REFERENCE,,PROV:ISO_IEC_42001_2023:METADATA,PROVISIONAL_SUPPORTING_REFERENCE,provisional,ISO_IEC_42001_2023|1|A.7.5,blocked_until_licensed_content_and_human_review
ISO_IEC_42001_2023,1,A.7.6,A.7,other,annex_control,Preparación de datos,5,A.7.6,es,,,c3a1f6906b936286306c162676f00bccf08771c30842ea406bea8d8b31fec459,2023-12,,NOT_YET_LICENSED,GLOBAL_REFERENCE,,PROV:ISO_IEC_42001_2023:METADATA,PROVISIONAL_SUPPORTING_REFERENCE,provisional,ISO_IEC_42001_2023|1|A.7.6,blocked_until_licensed_content_and_human_review
ISO_IEC_42001_2023,1,A.8,A,control_group,annex_control_group,Annex A - objetivo 8,7,A.8,es,,,154f5dadd48736e4b941ea698c0fe1b7da5dc3001f18e7cfeb353f777bb91b34,2023-12,,NOT_YET_LICENSED,GLOBAL_REFERENCE,,PROV:ISO_IEC_42001_2023:METADATA,PROVISIONAL_SUPPORTING_REFERENCE,provisional,ISO_IEC_42001_2023|1|A.8,blocked_until_licensed_content_and_human_review
ISO_IEC_42001_2023,1,A.8.2,A.8,other,annex_control,Información y documentación para usuarios,1,A.8.2,es,,,47f35e545733e36754dbe84c0829dd70f405b0069feea366e0d6f999de918481,2023-12,,NOT_YET_LICENSED,GLOBAL_REFERENCE,,PROV:ISO_IEC_42001_2023:METADATA,PROVISIONAL_SUPPORTING_REFERENCE,provisional,ISO_IEC_42001_2023|1|A.8.2,blocked_until_licensed_content_and_human_review
ISO_IEC_42001_2023,1,A.8.3,A.8,other,annex_control,Reporte externo sobre sistemas IA,2,A.8.3,es,,,9e8165f9e09e08353031edfd54e7bfbae3c3f3a18ac0ab49005a7087a368d5a2,2023-12,,NOT_YET_LICENSED,GLOBAL_REFERENCE,,PROV:ISO_IEC_42001_2023:METADATA,PROVISIONAL_SUPPORTING_REFERENCE,provisional,ISO_IEC_42001_2023|1|A.8.3,blocked_until_licensed_content_and_human_review
ISO_IEC_42001_2023,1,A.8.4,A.8,other,annex_control,Comunicación de incidentes IA,3,A.8.4,es,,,06e9f07af4c62ff4fac0897b625c2b9bf71f9a1b79116e5a00fcfe6f4f02b44a,2023-12,,NOT_YET_LICENSED,GLOBAL_REFERENCE,,PROV:ISO_IEC_42001_2023:METADATA,PROVISIONAL_SUPPORTING_REFERENCE,provisional,ISO_IEC_42001_2023|1|A.8.4,blocked_until_licensed_content_and_human_review
ISO_IEC_42001_2023,1,A.8.5,A.8,other,annex_control,Información a partes interesadas,4,A.8.5,es,,,83dc404c50e3e6110643e22fe5878a85c72690c4a4cddbaee7f691f992dcadc5,2023-12,,NOT_YET_LICENSED,GLOBAL_REFERENCE,,PROV:ISO_IEC_42001_2023:METADATA,PROVISIONAL_SUPPORTING_REFERENCE,provisional,ISO_IEC_42001_2023|1|A.8.5,blocked_until_licensed_content_and_human_review
ISO_IEC_42001_2023,1,A.9,A,control_group,annex_control_group,Annex A - objetivo 9,8,A.9,es,,,917e2996763329b9b345e010025c7ae6bb70f8d461f1eafebb6a65245da68fac,2023-12,,NOT_YET_LICENSED,GLOBAL_REFERENCE,,PROV:ISO_IEC_42001_2023:METADATA,PROVISIONAL_SUPPORTING_REFERENCE,provisional,ISO_IEC_42001_2023|1|A.9,blocked_until_licensed_content_and_human_review
ISO_IEC_42001_2023,1,A.9.2,A.9,other,annex_control,Procesos para uso responsable de IA,1,A.9.2,es,,,107f2f640b57319779a9320e1cb4ea703496469d74cde1d4303d68de1f8664cb,2023-12,,NOT_YET_LICENSED,GLOBAL_REFERENCE,,PROV:ISO_IEC_42001_2023:METADATA,PROVISIONAL_SUPPORTING_REFERENCE,provisional,ISO_IEC_42001_2023|1|A.9.2,blocked_until_licensed_content_and_human_review
ISO_IEC_42001_2023,1,A.9.3,A.9,other,annex_control,Objetivos para uso responsable de IA,2,A.9.3,es,,,0dc2b9bb0e2b651cfb24076f2c846270bd5b2d8d7435549eaf6edaadd7053c68,2023-12,,NOT_YET_LICENSED,GLOBAL_REFERENCE,,PROV:ISO_IEC_42001_2023:METADATA,PROVISIONAL_SUPPORTING_REFERENCE,provisional,ISO_IEC_42001_2023|1|A.9.3,blocked_until_licensed_content_and_human_review
ISO_IEC_42001_2023,1,A.9.4,A.9,other,annex_control,Uso previsto del sistema IA,3,A.9.4,es,,,dc7e6c56388ef262a8fcb6d997837406286125af6403ecf21f15ec59dece5661,2023-12,,NOT_YET_LICENSED,GLOBAL_REFERENCE,,PROV:ISO_IEC_42001_2023:METADATA,PROVISIONAL_SUPPORTING_REFERENCE,provisional,ISO_IEC_42001_2023|1|A.9.4,blocked_until_licensed_content_and_human_review
ISO_IEC_42001_2023,1,A.10,A,control_group,annex_control_group,Annex A - objetivo 10,9,A.10,es,,,32ed7ee13bc4c4688acfc175cb8d016b7dd8f078fda8aa7dda82a3f067d2ecec,2023-12,,NOT_YET_LICENSED,GLOBAL_REFERENCE,,PROV:ISO_IEC_42001_2023:METADATA,PROVISIONAL_SUPPORTING_REFERENCE,provisional,ISO_IEC_42001_2023|1|A.10,blocked_until_licensed_content_and_human_review
ISO_IEC_42001_2023,1,A.10.2,A.10,other,annex_control,Asignación de responsabilidades con terceros,1,A.10.2,es,,,a7467cfa8ed66ebc689ee6abed530e2a227bc7a59926e436b7dc54225509d45e,2023-12,,NOT_YET_LICENSED,GLOBAL_REFERENCE,,PROV:ISO_IEC_42001_2023:METADATA,PROVISIONAL_SUPPORTING_REFERENCE,provisional,ISO_IEC_42001_2023|1|A.10.2,blocked_until_licensed_content_and_human_review
ISO_IEC_42001_2023,1,A.10.3,A.10,other,annex_control,Proveedores de sistemas/servicios IA,2,A.10.3,es,,,09ab5edd0bf02d53a57ce9c0e152e2b792f6146fee07c1427fca11c528bc630f,2023-12,,NOT_YET_LICENSED,GLOBAL_REFERENCE,,PROV:ISO_IEC_42001_2023:METADATA,PROVISIONAL_SUPPORTING_REFERENCE,provisional,ISO_IEC_42001_2023|1|A.10.3,blocked_until_licensed_content_and_human_review
ISO_IEC_42001_2023,1,A.10.4,A.10,other,annex_control,Relaciones y obligaciones con clientes,3,A.10.4,es,,,914a47b8f43a44a28d3fc6119f67f01732c599616b7b8e5c7dc9946734a80c08,2023-12,,NOT_YET_LICENSED,GLOBAL_REFERENCE,,PROV:ISO_IEC_42001_2023:METADATA,PROVISIONAL_SUPPORTING_REFERENCE,provisional,ISO_IEC_42001_2023|1|A.10.4,blocked_until_licensed_content_and_human_review
CL_LEY_21719,1,Art. 3,,article,article_or_obligation,Principios del tratamiento,1,Art. 3,es,,,e4c7267347b7434410738cdf183a94b15cf8fe17b357128c06de53e6fbc68eb7,2026-12-01,,PUBLIC_LAW,GLOBAL_REFERENCE,,PROV:CL_LEY_21719:METADATA,OFFICIAL_PUBLIC_SOURCE,reviewed_public_source,CL_LEY_21719|1|Art. 3,eligible_after_human_review
CL_LEY_21719,1,Art. 4,,article,article_or_obligation,Derechos del titular,2,Art. 4,es,,,f85c1df4cc18c072e956dff44906271af7148559a5243618028f5044911d3281,2026-12-01,,PUBLIC_LAW,GLOBAL_REFERENCE,,PROV:CL_LEY_21719:METADATA,OFFICIAL_PUBLIC_SOURCE,reviewed_public_source,CL_LEY_21719|1|Art. 4,eligible_after_human_review
CL_LEY_21719,1,Art. 5,,article,article_or_obligation,Derecho de acceso,3,Art. 5,es,,,b667048a73386107260902dc58ef8dabea85c7239e7c4d0634cb127d0ed665c8,2026-12-01,,PUBLIC_LAW,GLOBAL_REFERENCE,,PROV:CL_LEY_21719:METADATA,OFFICIAL_PUBLIC_SOURCE,reviewed_public_source,CL_LEY_21719|1|Art. 5,eligible_after_human_review
CL_LEY_21719,1,Art. 6,,article,article_or_obligation,Rectificación,4,Art. 6,es,,,e722517a9804d65846827c485f964a7546b7423088a0250f6f31f2e4c97d6530,2026-12-01,,PUBLIC_LAW,GLOBAL_REFERENCE,,PROV:CL_LEY_21719:METADATA,OFFICIAL_PUBLIC_SOURCE,reviewed_public_source,CL_LEY_21719|1|Art. 6,eligible_after_human_review
CL_LEY_21719,1,Art. 7,,article,article_or_obligation,Supresión,5,Art. 7,es,,,6d9ecd39a352826de9d90cfc837e3d64e1d49524b7ac80373308e4b9cfe44d60,2026-12-01,,PUBLIC_LAW,GLOBAL_REFERENCE,,PROV:CL_LEY_21719:METADATA,OFFICIAL_PUBLIC_SOURCE,reviewed_public_source,CL_LEY_21719|1|Art. 7,eligible_after_human_review
CL_LEY_21719,1,Art. 8,,article,article_or_obligation,Oposición,6,Art. 8,es,,,e0ffe1bdd2863f4edd3dbdd0dd333b48210048661b22e1c63fbae66042394e76,2026-12-01,,PUBLIC_LAW,GLOBAL_REFERENCE,,PROV:CL_LEY_21719:METADATA,OFFICIAL_PUBLIC_SOURCE,reviewed_public_source,CL_LEY_21719|1|Art. 8,eligible_after_human_review
CL_LEY_21719,1,Art. 8 bis,,article,article_or_obligation,Decisiones automatizadas,7,Art. 8 bis,es,,,c7788c11423d455984334f79939110a03ab85a32615c13475f7bad67ec8facab,2026-12-01,,PUBLIC_LAW,GLOBAL_REFERENCE,,PROV:CL_LEY_21719:METADATA,OFFICIAL_PUBLIC_SOURCE,reviewed_public_source,CL_LEY_21719|1|Art. 8 bis,eligible_after_human_review
CL_LEY_21719,1,Art. 8 ter,,article,article_or_obligation,Bloqueo,8,Art. 8 ter,es,,,8728de1f70b22dd95faab63cd85435607c253fdfb83f35d34e391c69e7de2951,2026-12-01,,PUBLIC_LAW,GLOBAL_REFERENCE,,PROV:CL_LEY_21719:METADATA,OFFICIAL_PUBLIC_SOURCE,reviewed_public_source,CL_LEY_21719|1|Art. 8 ter,eligible_after_human_review
CL_LEY_21719,1,Art. 9,,article,article_or_obligation,Portabilidad,9,Art. 9,es,,,270173d0284c0060b6e793a4ef0c23a6928a13e17ecb8c0101b866769daba346,2026-12-01,,PUBLIC_LAW,GLOBAL_REFERENCE,,PROV:CL_LEY_21719:METADATA,OFFICIAL_PUBLIC_SOURCE,reviewed_public_source,CL_LEY_21719|1|Art. 9,eligible_after_human_review
CL_LEY_21719,1,Art. 10,,article,article_or_obligation,Gestión de solicitudes,10,Art. 10,es,,,3c8151750c9f2b063fa532126c3fff0a2c60e9f115c04909c461e27c5c22f940,2026-12-01,,PUBLIC_LAW,GLOBAL_REFERENCE,,PROV:CL_LEY_21719:METADATA,OFFICIAL_PUBLIC_SOURCE,reviewed_public_source,CL_LEY_21719|1|Art. 10,eligible_after_human_review
CL_LEY_21719,1,Art. 12,,article,article_or_obligation,Consentimiento,11,Art. 12,es,,,d8cace5eec43ce047723dd0e88307317bb27e95d4743418fec075fab2f7e9bc4,2026-12-01,,PUBLIC_LAW,GLOBAL_REFERENCE,,PROV:CL_LEY_21719:METADATA,OFFICIAL_PUBLIC_SOURCE,reviewed_public_source,CL_LEY_21719|1|Art. 12,eligible_after_human_review
CL_LEY_21719,1,Art. 13,,article,article_or_obligation,Bases de licitud,12,Art. 13,es,,,dc24bea696621c129c850c51c9a64e892890b5d6137a136beaf3a5e95eb0d760,2026-12-01,,PUBLIC_LAW,GLOBAL_REFERENCE,,PROV:CL_LEY_21719:METADATA,OFFICIAL_PUBLIC_SOURCE,reviewed_public_source,CL_LEY_21719|1|Art. 13,eligible_after_human_review
CL_LEY_21719,1,Art. 14 bis,,article,article_or_obligation,Confidencialidad,13,Art. 14 bis,es,,,37195bf6248a3ad6fab4c1279adecaec292a14dec8a2e24486e9ca49883d820c,2026-12-01,,PUBLIC_LAW,GLOBAL_REFERENCE,,PROV:CL_LEY_21719:METADATA,OFFICIAL_PUBLIC_SOURCE,reviewed_public_source,CL_LEY_21719|1|Art. 14 bis,eligible_after_human_review
CL_LEY_21719,1,Art. 14 ter,,article,article_or_obligation,Deberes del responsable,14,Art. 14 ter,es,,,918be130016c9d5db434eca7fdcf709e02597ef2213077c82e778218993b8805,2026-12-01,,PUBLIC_LAW,GLOBAL_REFERENCE,,PROV:CL_LEY_21719:METADATA,OFFICIAL_PUBLIC_SOURCE,reviewed_public_source,CL_LEY_21719|1|Art. 14 ter,eligible_after_human_review
CL_LEY_21719,1,Art. 14 quáter,,article,article_or_obligation,Privacidad desde diseño y por defecto,15,Art. 14 quáter,es,,,cf644c843d8e64eed2c3f0b30a455df220d43d5b9a9a1242861e7c236d1f43de,2026-12-01,,PUBLIC_LAW,GLOBAL_REFERENCE,,PROV:CL_LEY_21719:METADATA,OFFICIAL_PUBLIC_SOURCE,reviewed_public_source,CL_LEY_21719|1|Art. 14 quáter,eligible_after_human_review
CL_LEY_21719,1,Art. 14 quinquies,,article,article_or_obligation,Seguridad,16,Art. 14 quinquies,es,,,a1be565bb6b6458b7b61977b0df4354675f80ddfb8577821c9883366ea08a764,2026-12-01,,PUBLIC_LAW,GLOBAL_REFERENCE,,PROV:CL_LEY_21719:METADATA,OFFICIAL_PUBLIC_SOURCE,reviewed_public_source,CL_LEY_21719|1|Art. 14 quinquies,eligible_after_human_review
CL_LEY_21719,1,Art. 14 sexies,,article,article_or_obligation,Gestión y reporte de vulneraciones de seguridad,17,Art. 14 sexies,es,,,8372f86f562a0200f3fce29f3dae056a04ad7e17777c8142149b492ab1f974b9,2026-12-01,,PUBLIC_LAW,GLOBAL_REFERENCE,,PROV:CL_LEY_21719:METADATA,OFFICIAL_PUBLIC_SOURCE,reviewed_public_source,CL_LEY_21719|1|Art. 14 sexies,eligible_after_human_review
CL_LEY_21719,1,Art. 15,,article,article_or_obligation,Cesión de datos,18,Art. 15,es,,,165e3ba3874a595a320fe67582d1cf2bd27520a81700e67cf3570ea221c33a30,2026-12-01,,PUBLIC_LAW,GLOBAL_REFERENCE,,PROV:CL_LEY_21719:METADATA,OFFICIAL_PUBLIC_SOURCE,reviewed_public_source,CL_LEY_21719|1|Art. 15,eligible_after_human_review
CL_LEY_21719,1,Art. 15 bis,,article,article_or_obligation,Encargados,19,Art. 15 bis,es,,,8e6cb207b40bf6dfa6bcaca1221794b483a831448f3962306ac5014632357115,2026-12-01,,PUBLIC_LAW,GLOBAL_REFERENCE,,PROV:CL_LEY_21719:METADATA,OFFICIAL_PUBLIC_SOURCE,reviewed_public_source,CL_LEY_21719|1|Art. 15 bis,eligible_after_human_review
CL_LEY_21719,1,Datos sensibles,,article,article_or_obligation,Datos sensibles,20,Datos sensibles,es,,,cda6c972e2c76ab9840642e181902acc341d902f8379f45b0fdb5b737b23ef67,2026-12-01,,PUBLIC_LAW,GLOBAL_REFERENCE,,PROV:CL_LEY_21719:METADATA,OFFICIAL_PUBLIC_SOURCE,reviewed_public_source,CL_LEY_21719|1|Datos sensibles,eligible_after_human_review
CL_LEY_21719,1,NNA,,article,article_or_obligation,"Niños, niñas y adolescentes",21,NNA,es,,,eeb820366a8fb89b41b95ada602e3b308bc4e8b006afb2362a96a04edfdbc149,2026-12-01,,PUBLIC_LAW,GLOBAL_REFERENCE,,PROV:CL_LEY_21719:METADATA,OFFICIAL_PUBLIC_SOURCE,reviewed_public_source,CL_LEY_21719|1|NNA,eligible_after_human_review
CL_LEY_21719,1,Art. 27,,article,article_or_obligation,Transferencias internacionales,22,Art. 27,es,,,900ba97602aa71a26f897c5ce7ce2322c32b2ef01a0b25f0d85d6d2116aff335,2026-12-01,,PUBLIC_LAW,GLOBAL_REFERENCE,,PROV:CL_LEY_21719:METADATA,OFFICIAL_PUBLIC_SOURCE,reviewed_public_source,CL_LEY_21719|1|Art. 27,eligible_after_human_review
CL_LEY_21719,1,Art. 28,,article,article_or_obligation,Garantías de transferencias,23,Art. 28,es,,,29cd907f46ced2f9699ad92148f2675635f7c4f9e525f10c69a7b6133b0ec645,2026-12-01,,PUBLIC_LAW,GLOBAL_REFERENCE,,PROV:CL_LEY_21719:METADATA,OFFICIAL_PUBLIC_SOURCE,reviewed_public_source,CL_LEY_21719|1|Art. 28,eligible_after_human_review
CL_LEY_21719,1,Art. 29,,article,article_or_obligation,Fiscalización transferencias,24,Art. 29,es,,,3de3d91115d8ed64f2c7de42d68941d9a0dcb52d3f5bec7bc67ac226f38cad24,2026-12-01,,PUBLIC_LAW,GLOBAL_REFERENCE,,PROV:CL_LEY_21719:METADATA,OFFICIAL_PUBLIC_SOURCE,reviewed_public_source,CL_LEY_21719|1|Art. 29,eligible_after_human_review
CL_LEY_21719,1,Responsabilidad,,article,article_or_obligation,Accountability,25,Responsabilidad,es,,,6441ed0752c92157303a5071096fa33acd64b487be4bc16faae1958dbb9ce942,2026-12-01,,PUBLIC_LAW,GLOBAL_REFERENCE,,PROV:CL_LEY_21719:METADATA,OFFICIAL_PUBLIC_SOURCE,reviewed_public_source,CL_LEY_21719|1|Responsabilidad,eligible_after_human_review
CL_LEY_21719,1,Conservación,,article,article_or_obligation,Limitación de conservación,26,Conservación,es,,,eee561aabce380fea116d13d6b2ba17d2c3aab19c758376a73bf80fd73966197,2026-12-01,,PUBLIC_LAW,GLOBAL_REFERENCE,,PROV:CL_LEY_21719:METADATA,OFFICIAL_PUBLIC_SOURCE,reviewed_public_source,CL_LEY_21719|1|Conservación,eligible_after_human_review
CL_LEY_21719,1,Transparencia,,article,article_or_obligation,Información al titular,27,Transparencia,es,,,f99829094c6abe9b34f943a49e990cd76cfd2a38ecf17890844146fc87b8cd1a,2026-12-01,,PUBLIC_LAW,GLOBAL_REFERENCE,,PROV:CL_LEY_21719:METADATA,OFFICIAL_PUBLIC_SOURCE,reviewed_public_source,CL_LEY_21719|1|Transparencia,eligible_after_human_review
CL_LEY_21719,1,Calidad,,article,article_or_obligation,Calidad de datos,28,Calidad,es,,,2e86dcea939e612fad328037c2d940a4f0a1e38f996d3bb56a3b57c422bef44c,2026-12-01,,PUBLIC_LAW,GLOBAL_REFERENCE,,PROV:CL_LEY_21719:METADATA,OFFICIAL_PUBLIC_SOURCE,reviewed_public_source,CL_LEY_21719|1|Calidad,eligible_after_human_review
CL_LEY_21719,1,Seguridad,,article,article_or_obligation,Gestión de riesgos de privacidad,29,Seguridad,es,,,167639cbe7798f98f01913d2e859645911b367e0ab15b8bcfa4a8793da49cd57,2026-12-01,,PUBLIC_LAW,GLOBAL_REFERENCE,,PROV:CL_LEY_21719:METADATA,OFFICIAL_PUBLIC_SOURCE,reviewed_public_source,CL_LEY_21719|1|Seguridad,eligible_after_human_review
CL_LEY_21719,1,Registro,,article,article_or_obligation,Registros de cumplimiento,30,Registro,es,,,60a76f4f5ac8736c301a66cd50c108e9dc323596004497a72f0e9ac29cb46b87,2026-12-01,,PUBLIC_LAW,GLOBAL_REFERENCE,,PROV:CL_LEY_21719:METADATA,OFFICIAL_PUBLIC_SOURCE,reviewed_public_source,CL_LEY_21719|1|Registro,eligible_after_human_review
ISO_IEC_27001_2022,1,A,,annex,annex,Annex A — Information security controls reference,8,A,es,,,cab3ce8a3c636382795937653a62e15d12a7a8c8418e8ceb7e0d374270efbc5f,2022-10-25,,NOT_YET_LICENSED,GLOBAL_REFERENCE,,PROV:ISO_IEC_27001_2022:METADATA,OFFICIAL_PUBLIC_METADATA_PLUS_TCDX_SUMMARY,reviewed_public_source,ISO_IEC_27001_2022|1|A,blocked_until_licensed_content_and_human_review
ISO_IEC_42001_2023,1,A,,annex,annex,Annex A — Reference control objectives and controls,8,A,es,,,dfa6d3644f13e7a0979bdadff6c6177d1b5582a002f5bda08feb6c0add0e8811,2023-12,,NOT_YET_LICENSED,GLOBAL_REFERENCE,,PROV:ISO_IEC_42001_2023:METADATA,OFFICIAL_PUBLIC_METADATA_PLUS_TCDX_SUMMARY,provisional,ISO_IEC_42001_2023|1|A,blocked_until_licensed_content_and_human_review
