crosswalk_code,mapping_code,source_normative_unit_code,target_normative_unit_code,relationship_type,direction,rationale,confidence,status,review_status,provenance_ref,business_key
XW-ISO_9001_2015-TO-ISO_9001_2026,NUXW-00001,4.1,4.1,equivalent,source_to_target,ISO informa que se mantiene la estructura armonizada. Debe reconciliarse el detalle exacto con la edición licenciada 2026.,medium,draft,provisional,PROV:SRC-ISO-9001-2026-NEWS,ISO_9001_2015|1|4.1|ISO_9001_2026|1|4.1
XW-ISO_9001_2015-TO-ISO_9001_2026,NUXW-00002,4.2,4.2,equivalent,source_to_target,ISO informa que se mantiene la estructura armonizada. Debe reconciliarse el detalle exacto con la edición licenciada 2026.,medium,draft,provisional,PROV:SRC-ISO-9001-2026-NEWS,ISO_9001_2015|1|4.2|ISO_9001_2026|1|4.2
XW-ISO_9001_2015-TO-ISO_9001_2026,NUXW-00003,4.3,4.3,equivalent,source_to_target,ISO informa que se mantiene la estructura armonizada. Debe reconciliarse el detalle exacto con la edición licenciada 2026.,medium,draft,provisional,PROV:SRC-ISO-9001-2026-NEWS,ISO_9001_2015|1|4.3|ISO_9001_2026|1|4.3
XW-ISO_9001_2015-TO-ISO_9001_2026,NUXW-00004,4.4,4.4,equivalent,source_to_target,ISO informa que se mantiene la estructura armonizada. Debe reconciliarse el detalle exacto con la edición licenciada 2026.,medium,draft,provisional,PROV:SRC-ISO-9001-2026-NEWS,ISO_9001_2015|1|4.4|ISO_9001_2026|1|4.4
XW-ISO_9001_2015-TO-ISO_9001_2026,NUXW-00005,5.1,5.1,partially_equivalent,source_to_target,liderazgo/cultura/ética reforzados,high,draft,reviewed_public_source,PROV:SRC-ISO-9001-2026-NEWS,ISO_9001_2015|1|5.1|ISO_9001_2026|1|5.1
XW-ISO_9001_2015-TO-ISO_9001_2026,NUXW-00006,5.2,5.2,partially_equivalent,source_to_target,mayor alineación estratégica,high,draft,reviewed_public_source,PROV:SRC-ISO-9001-2026-NEWS,ISO_9001_2015|1|5.2|ISO_9001_2026|1|5.2
XW-ISO_9001_2015-TO-ISO_9001_2026,NUXW-00007,5.3,5.3,equivalent,source_to_target,ISO informa que se mantiene la estructura armonizada. Debe reconciliarse el detalle exacto con la edición licenciada 2026.,medium,draft,provisional,PROV:SRC-ISO-9001-2026-NEWS,ISO_9001_2015|1|5.3|ISO_9001_2026|1|5.3
XW-ISO_9001_2015-TO-ISO_9001_2026,NUXW-00008,6.1,6.1,partially_equivalent,source_to_target,mayor claridad y separación riesgos/oportunidades,high,draft,reviewed_public_source,PROV:SRC-ISO-9001-2026-NEWS,ISO_9001_2015|1|6.1|ISO_9001_2026|1|6.1
XW-ISO_9001_2015-TO-ISO_9001_2026,NUXW-00009,6.2,6.2,equivalent,source_to_target,ISO informa que se mantiene la estructura armonizada. Debe reconciliarse el detalle exacto con la edición licenciada 2026.,medium,draft,provisional,PROV:SRC-ISO-9001-2026-NEWS,ISO_9001_2015|1|6.2|ISO_9001_2026|1|6.2
XW-ISO_9001_2015-TO-ISO_9001_2026,NUXW-00010,6.3,6.3,equivalent,source_to_target,ISO informa que se mantiene la estructura armonizada. Debe reconciliarse el detalle exacto con la edición licenciada 2026.,medium,draft,provisional,PROV:SRC-ISO-9001-2026-NEWS,ISO_9001_2015|1|6.3|ISO_9001_2026|1|6.3
XW-ISO_9001_2015-TO-ISO_9001_2026,NUXW-00011,7.1,7.1,equivalent,source_to_target,ISO informa que se mantiene la estructura armonizada. Debe reconciliarse el detalle exacto con la edición licenciada 2026.,medium,draft,provisional,PROV:SRC-ISO-9001-2026-NEWS,ISO_9001_2015|1|7.1|ISO_9001_2026|1|7.1
XW-ISO_9001_2015-TO-ISO_9001_2026,NUXW-00012,7.2,7.2,equivalent,source_to_target,ISO informa que se mantiene la estructura armonizada. Debe reconciliarse el detalle exacto con la edición licenciada 2026.,medium,draft,provisional,PROV:SRC-ISO-9001-2026-NEWS,ISO_9001_2015|1|7.2|ISO_9001_2026|1|7.2
XW-ISO_9001_2015-TO-ISO_9001_2026,NUXW-00013,7.3,7.3,partially_equivalent,source_to_target,conciencia sobre cultura de calidad y ética,high,draft,reviewed_public_source,PROV:SRC-ISO-9001-2026-NEWS,ISO_9001_2015|1|7.3|ISO_9001_2026|1|7.3
XW-ISO_9001_2015-TO-ISO_9001_2026,NUXW-00014,7.4,7.4,equivalent,source_to_target,ISO informa que se mantiene la estructura armonizada. Debe reconciliarse el detalle exacto con la edición licenciada 2026.,medium,draft,provisional,PROV:SRC-ISO-9001-2026-NEWS,ISO_9001_2015|1|7.4|ISO_9001_2026|1|7.4
XW-ISO_9001_2015-TO-ISO_9001_2026,NUXW-00015,7.5,7.5,equivalent,source_to_target,ISO informa que se mantiene la estructura armonizada. Debe reconciliarse el detalle exacto con la edición licenciada 2026.,medium,draft,provisional,PROV:SRC-ISO-9001-2026-NEWS,ISO_9001_2015|1|7.5|ISO_9001_2026|1|7.5
XW-ISO_9001_2015-TO-ISO_9001_2026,NUXW-00016,8.1,8.1,equivalent,source_to_target,ISO informa que se mantiene la estructura armonizada. Debe reconciliarse el detalle exacto con la edición licenciada 2026.,medium,draft,provisional,PROV:SRC-ISO-9001-2026-NEWS,ISO_9001_2015|1|8.1|ISO_9001_2026|1|8.1
XW-ISO_9001_2015-TO-ISO_9001_2026,NUXW-00017,8.2,8.2,equivalent,source_to_target,ISO informa que se mantiene la estructura armonizada. Debe reconciliarse el detalle exacto con la edición licenciada 2026.,medium,draft,provisional,PROV:SRC-ISO-9001-2026-NEWS,ISO_9001_2015|1|8.2|ISO_9001_2026|1|8.2
XW-ISO_9001_2015-TO-ISO_9001_2026,NUXW-00018,8.3,8.3,equivalent,source_to_target,ISO informa que se mantiene la estructura armonizada. Debe reconciliarse el detalle exacto con la edición licenciada 2026.,medium,draft,provisional,PROV:SRC-ISO-9001-2026-NEWS,ISO_9001_2015|1|8.3|ISO_9001_2026|1|8.3
XW-ISO_9001_2015-TO-ISO_9001_2026,NUXW-00019,8.4,8.4,equivalent,source_to_target,ISO informa que se mantiene la estructura armonizada. Debe reconciliarse el detalle exacto con la edición licenciada 2026.,medium,draft,provisional,PROV:SRC-ISO-9001-2026-NEWS,ISO_9001_2015|1|8.4|ISO_9001_2026|1|8.4
XW-ISO_9001_2015-TO-ISO_9001_2026,NUXW-00020,8.5,8.5,equivalent,source_to_target,ISO informa que se mantiene la estructura armonizada. Debe reconciliarse el detalle exacto con la edición licenciada 2026.,medium,draft,provisional,PROV:SRC-ISO-9001-2026-NEWS,ISO_9001_2015|1|8.5|ISO_9001_2026|1|8.5
XW-ISO_9001_2015-TO-ISO_9001_2026,NUXW-00021,8.6,8.6,equivalent,source_to_target,ISO informa que se mantiene la estructura armonizada. Debe reconciliarse el detalle exacto con la edición licenciada 2026.,medium,draft,provisional,PROV:SRC-ISO-9001-2026-NEWS,ISO_9001_2015|1|8.6|ISO_9001_2026|1|8.6
XW-ISO_9001_2015-TO-ISO_9001_2026,NUXW-00022,8.7,8.7,equivalent,source_to_target,ISO informa que se mantiene la estructura armonizada. Debe reconciliarse el detalle exacto con la edición licenciada 2026.,medium,draft,provisional,PROV:SRC-ISO-9001-2026-NEWS,ISO_9001_2015|1|8.7|ISO_9001_2026|1|8.7
XW-ISO_9001_2015-TO-ISO_9001_2026,NUXW-00023,9.1,9.1,equivalent,source_to_target,ISO informa que se mantiene la estructura armonizada. Debe reconciliarse el detalle exacto con la edición licenciada 2026.,medium,draft,provisional,PROV:SRC-ISO-9001-2026-NEWS,ISO_9001_2015|1|9.1|ISO_9001_2026|1|9.1
XW-ISO_9001_2015-TO-ISO_9001_2026,NUXW-00024,9.2,9.2,equivalent,source_to_target,ISO informa que se mantiene la estructura armonizada. Debe reconciliarse el detalle exacto con la edición licenciada 2026.,medium,draft,provisional,PROV:SRC-ISO-9001-2026-NEWS,ISO_9001_2015|1|9.2|ISO_9001_2026|1|9.2
XW-ISO_9001_2015-TO-ISO_9001_2026,NUXW-00025,9.3,9.3,equivalent,source_to_target,ISO informa que se mantiene la estructura armonizada. Debe reconciliarse el detalle exacto con la edición licenciada 2026.,medium,draft,provisional,PROV:SRC-ISO-9001-2026-NEWS,ISO_9001_2015|1|9.3|ISO_9001_2026|1|9.3
XW-ISO_9001_2015-TO-ISO_9001_2026,NUXW-00026,10.1,10.1,equivalent,source_to_target,ISO informa que se mantiene la estructura armonizada. Debe reconciliarse el detalle exacto con la edición licenciada 2026.,medium,draft,provisional,PROV:SRC-ISO-9001-2026-NEWS,ISO_9001_2015|1|10.1|ISO_9001_2026|1|10.1
XW-ISO_9001_2015-TO-ISO_9001_2026,NUXW-00027,10.2,10.2,equivalent,source_to_target,ISO informa que se mantiene la estructura armonizada. Debe reconciliarse el detalle exacto con la edición licenciada 2026.,medium,draft,provisional,PROV:SRC-ISO-9001-2026-NEWS,ISO_9001_2015|1|10.2|ISO_9001_2026|1|10.2
XW-ISO_9001_2015-TO-ISO_9001_2026,NUXW-00028,10.3,10.3,equivalent,source_to_target,ISO informa que se mantiene la estructura armonizada. Debe reconciliarse el detalle exacto con la edición licenciada 2026.,medium,draft,provisional,PROV:SRC-ISO-9001-2026-NEWS,ISO_9001_2015|1|10.3|ISO_9001_2026|1|10.3
