provenance_ref,source_id,framework_code,source_role,url,retrieved_or_verified_on,license_classification,content_policy,review_requirement
PROV:SRC-ISO-9001-2015,SRC-ISO-9001-2015,ISO_9001_2015,official_metadata,https://www.iso.org/standard/62085.html,2026-09-28,NOT_YET_LICENSED,no ISO full text unless licensed; law may be sourced from BCN,human_review_before_official_publication
PROV:SRC-ISO-9001-2015-AMD1,SRC-ISO-9001-2015-AMD1,ISO_9001_2015,official_metadata,https://www.iso.org/standard/88431.html,2026-09-28,NOT_YET_LICENSED,no ISO full text unless licensed; law may be sourced from BCN,human_review_before_official_publication
PROV:SRC-ISO-9001-2026,SRC-ISO-9001-2026,ISO_9001_2026,official_metadata,https://www.iso.org/standard/9001,2026-09-28,NOT_YET_LICENSED,no ISO full text unless licensed; law may be sourced from BCN,human_review_before_official_publication
PROV:SRC-ISO-9001-2026-NEWS,SRC-ISO-9001-2026-NEWS,ISO_9001_2026,supporting_reference,https://www.iso.org/es/actualidad/2026/09/ISO9001-2026,2026-09-28,PUBLIC_WEB,no ISO full text unless licensed; law may be sourced from BCN,human_review_before_official_publication
PROV:SRC-ISO-27001,SRC-ISO-27001,ISO_IEC_27001_2022,official_metadata,https://www.iso.org/standard/27001,2026-09-28,NOT_YET_LICENSED,no ISO full text unless licensed; law may be sourced from BCN,human_review_before_official_publication
PROV:SRC-ISO-27001-AMD1,SRC-ISO-27001-AMD1,ISO_IEC_27001_2022,official_metadata,https://www.iso.org/standard/88435.html,2026-09-28,NOT_YET_LICENSED,no ISO full text unless licensed; law may be sourced from BCN,human_review_before_official_publication
PROV:SRC-ISO-42001,SRC-ISO-42001,ISO_IEC_42001_2023,official_metadata,https://www.iso.org/standard/42001,2026-09-28,NOT_YET_LICENSED,no ISO full text unless licensed; law may be sourced from BCN,human_review_before_official_publication
PROV:SRC-CL-21719,SRC-CL-21719,CL_LEY_21719,authorized_normative_source,https://www.bcn.cl/leychile/Navegar?idNorma=1209272&idVersion=2026-12-01,2026-09-28,PUBLIC_LAW,no ISO full text unless licensed; law may be sourced from BCN,human_review_before_official_publication
PROV:SRC-CL-19628-CONSOLIDATED-20261201,SRC-CL-19628-CONSOLIDATED-20261201,CL_LEY_21719,authorized_normative_source,https://www.bcn.cl/leychile/Navegar?idNorma=141599&idVersion=2026-12-01,2026-09-28,PUBLIC_LAW,no ISO full text unless licensed; law may be sourced from BCN,human_review_before_official_publication
PROV:ISO_9001_2015:METADATA,,ISO_9001_2015,metadata_aggregate,https://www.iso.org/standard/62085.html,2026-09-28,NOT_YET_LICENSED,metadata only / TCDX-authored paraphrase,human_review_before_official_publication
PROV:ISO_9001_2026:METADATA,,ISO_9001_2026,metadata_aggregate,https://www.iso.org/standard/9001,2026-09-28,NOT_YET_LICENSED,metadata only / TCDX-authored paraphrase,human_review_before_official_publication
PROV:ISO_IEC_27001_2022:METADATA,,ISO_IEC_27001_2022,metadata_aggregate,https://www.iso.org/standard/27001,2026-09-28,NOT_YET_LICENSED,metadata only / TCDX-authored paraphrase,human_review_before_official_publication
PROV:ISO_IEC_42001_2023:METADATA,,ISO_IEC_42001_2023,metadata_aggregate,https://www.iso.org/standard/42001,2026-09-28,NOT_YET_LICENSED,metadata only / TCDX-authored paraphrase,human_review_before_official_publication
PROV:CL_LEY_21719:METADATA,,CL_LEY_21719,metadata_aggregate,https://www.bcn.cl/leychile/Navegar?idNorma=1209272&idVersion=2026-12-01,2026-09-28,PUBLIC_LAW,metadata only / TCDX-authored paraphrase,human_review_before_official_publication
PROV:TCDX:BASELINE_CONTROLS:v1,,,tcdx_authored,,2026-09-28,TCDX_AUTHORED,TCDX intellectual property,TCDX governance review before publish
