control_code,name,control_origin,ownership_class,tenant_id,source_framework_code,source_normative_unit_code,source_locator,legacy_v1_requirement_code,business_key,provenance_ref,license_classification,publication_eligibility
ISO27001-REF-A.5.1,"Considerar, seleccionar y operar medidas de seguridad relacionadas con políticas de seguridad de acuerdo con riesgos y aplicabilidad documentada.",regulatory_reference,GLOBAL_REFERENCE,,ISO_IEC_27001_2022,A.5.1,A.5.1,ISO_IEC_27001_2022-R-008,GLOBAL_REFERENCE||ISO27001-REF-A.5.1,PROV:ISO_IEC_27001_2022:METADATA,NOT_YET_LICENSED,blocked_until_licensed_content_and_human_review
ISO27001-REF-A.5.2,"Considerar, seleccionar y operar medidas de seguridad relacionadas con roles y responsabilidades de seguridad de acuerdo con riesgos y aplicabilidad documentada.",regulatory_reference,GLOBAL_REFERENCE,,ISO_IEC_27001_2022,A.5.2,A.5.2,ISO_IEC_27001_2022-R-009,GLOBAL_REFERENCE||ISO27001-REF-A.5.2,PROV:ISO_IEC_27001_2022:METADATA,NOT_YET_LICENSED,blocked_until_licensed_content_and_human_review
ISO27001-REF-A.5.3,"Considerar, seleccionar y operar medidas de seguridad relacionadas con segregación de funciones de acuerdo con riesgos y aplicabilidad documentada.",regulatory_reference,GLOBAL_REFERENCE,,ISO_IEC_27001_2022,A.5.3,A.5.3,ISO_IEC_27001_2022-R-010,GLOBAL_REFERENCE||ISO27001-REF-A.5.3,PROV:ISO_IEC_27001_2022:METADATA,NOT_YET_LICENSED,blocked_until_licensed_content_and_human_review
ISO27001-REF-A.5.4,"Considerar, seleccionar y operar medidas de seguridad relacionadas con responsabilidades de dirección de acuerdo con riesgos y aplicabilidad documentada.",regulatory_reference,GLOBAL_REFERENCE,,ISO_IEC_27001_2022,A.5.4,A.5.4,ISO_IEC_27001_2022-R-011,GLOBAL_REFERENCE||ISO27001-REF-A.5.4,PROV:ISO_IEC_27001_2022:METADATA,NOT_YET_LICENSED,blocked_until_licensed_content_and_human_review
ISO27001-REF-A.5.5,"Considerar, seleccionar y operar medidas de seguridad relacionadas con contacto con autoridades de acuerdo con riesgos y aplicabilidad documentada.",regulatory_reference,GLOBAL_REFERENCE,,ISO_IEC_27001_2022,A.5.5,A.5.5,ISO_IEC_27001_2022-R-012,GLOBAL_REFERENCE||ISO27001-REF-A.5.5,PROV:ISO_IEC_27001_2022:METADATA,NOT_YET_LICENSED,blocked_until_licensed_content_and_human_review
ISO27001-REF-A.5.6,"Considerar, seleccionar y operar medidas de seguridad relacionadas con contacto con grupos especializados de acuerdo con riesgos y aplicabilidad documentada.",regulatory_reference,GLOBAL_REFERENCE,,ISO_IEC_27001_2022,A.5.6,A.5.6,ISO_IEC_27001_2022-R-013,GLOBAL_REFERENCE||ISO27001-REF-A.5.6,PROV:ISO_IEC_27001_2022:METADATA,NOT_YET_LICENSED,blocked_until_licensed_content_and_human_review
ISO27001-REF-A.5.7,"Considerar, seleccionar y operar medidas de seguridad relacionadas con inteligencia de amenazas de acuerdo con riesgos y aplicabilidad documentada.",regulatory_reference,GLOBAL_REFERENCE,,ISO_IEC_27001_2022,A.5.7,A.5.7,ISO_IEC_27001_2022-R-014,GLOBAL_REFERENCE||ISO27001-REF-A.5.7,PROV:ISO_IEC_27001_2022:METADATA,NOT_YET_LICENSED,blocked_until_licensed_content_and_human_review
ISO27001-REF-A.5.8,"Considerar, seleccionar y operar medidas de seguridad relacionadas con seguridad en gestión de proyectos de acuerdo con riesgos y aplicabilidad documentada.",regulatory_reference,GLOBAL_REFERENCE,,ISO_IEC_27001_2022,A.5.8,A.5.8,ISO_IEC_27001_2022-R-015,GLOBAL_REFERENCE||ISO27001-REF-A.5.8,PROV:ISO_IEC_27001_2022:METADATA,NOT_YET_LICENSED,blocked_until_licensed_content_and_human_review
ISO27001-REF-A.5.9,"Considerar, seleccionar y operar medidas de seguridad relacionadas con inventario de información y activos de acuerdo con riesgos y aplicabilidad documentada.",regulatory_reference,GLOBAL_REFERENCE,,ISO_IEC_27001_2022,A.5.9,A.5.9,ISO_IEC_27001_2022-R-016,GLOBAL_REFERENCE||ISO27001-REF-A.5.9,PROV:ISO_IEC_27001_2022:METADATA,NOT_YET_LICENSED,blocked_until_licensed_content_and_human_review
ISO27001-REF-A.5.10,"Considerar, seleccionar y operar medidas de seguridad relacionadas con uso aceptable de activos de acuerdo con riesgos y aplicabilidad documentada.",regulatory_reference,GLOBAL_REFERENCE,,ISO_IEC_27001_2022,A.5.10,A.5.10,ISO_IEC_27001_2022-R-017,GLOBAL_REFERENCE||ISO27001-REF-A.5.10,PROV:ISO_IEC_27001_2022:METADATA,NOT_YET_LICENSED,blocked_until_licensed_content_and_human_review
ISO27001-REF-A.5.11,"Considerar, seleccionar y operar medidas de seguridad relacionadas con devolución de activos de acuerdo con riesgos y aplicabilidad documentada.",regulatory_reference,GLOBAL_REFERENCE,,ISO_IEC_27001_2022,A.5.11,A.5.11,ISO_IEC_27001_2022-R-018,GLOBAL_REFERENCE||ISO27001-REF-A.5.11,PROV:ISO_IEC_27001_2022:METADATA,NOT_YET_LICENSED,blocked_until_licensed_content_and_human_review
ISO27001-REF-A.5.12,"Considerar, seleccionar y operar medidas de seguridad relacionadas con clasificación de información de acuerdo con riesgos y aplicabilidad documentada.",regulatory_reference,GLOBAL_REFERENCE,,ISO_IEC_27001_2022,A.5.12,A.5.12,ISO_IEC_27001_2022-R-019,GLOBAL_REFERENCE||ISO27001-REF-A.5.12,PROV:ISO_IEC_27001_2022:METADATA,NOT_YET_LICENSED,blocked_until_licensed_content_and_human_review
ISO27001-REF-A.5.13,"Considerar, seleccionar y operar medidas de seguridad relacionadas con etiquetado de información de acuerdo con riesgos y aplicabilidad documentada.",regulatory_reference,GLOBAL_REFERENCE,,ISO_IEC_27001_2022,A.5.13,A.5.13,ISO_IEC_27001_2022-R-020,GLOBAL_REFERENCE||ISO27001-REF-A.5.13,PROV:ISO_IEC_27001_2022:METADATA,NOT_YET_LICENSED,blocked_until_licensed_content_and_human_review
ISO27001-REF-A.5.14,"Considerar, seleccionar y operar medidas de seguridad relacionadas con transferencia de información de acuerdo con riesgos y aplicabilidad documentada.",regulatory_reference,GLOBAL_REFERENCE,,ISO_IEC_27001_2022,A.5.14,A.5.14,ISO_IEC_27001_2022-R-021,GLOBAL_REFERENCE||ISO27001-REF-A.5.14,PROV:ISO_IEC_27001_2022:METADATA,NOT_YET_LICENSED,blocked_until_licensed_content_and_human_review
ISO27001-REF-A.5.15,"Considerar, seleccionar y operar medidas de seguridad relacionadas con control de acceso de acuerdo con riesgos y aplicabilidad documentada.",regulatory_reference,GLOBAL_REFERENCE,,ISO_IEC_27001_2022,A.5.15,A.5.15,ISO_IEC_27001_2022-R-022,GLOBAL_REFERENCE||ISO27001-REF-A.5.15,PROV:ISO_IEC_27001_2022:METADATA,NOT_YET_LICENSED,blocked_until_licensed_content_and_human_review
ISO27001-REF-A.5.16,"Considerar, seleccionar y operar medidas de seguridad relacionadas con gestión de identidades de acuerdo con riesgos y aplicabilidad documentada.",regulatory_reference,GLOBAL_REFERENCE,,ISO_IEC_27001_2022,A.5.16,A.5.16,ISO_IEC_27001_2022-R-023,GLOBAL_REFERENCE||ISO27001-REF-A.5.16,PROV:ISO_IEC_27001_2022:METADATA,NOT_YET_LICENSED,blocked_until_licensed_content_and_human_review
ISO27001-REF-A.5.17,"Considerar, seleccionar y operar medidas de seguridad relacionadas con información de autenticación de acuerdo con riesgos y aplicabilidad documentada.",regulatory_reference,GLOBAL_REFERENCE,,ISO_IEC_27001_2022,A.5.17,A.5.17,ISO_IEC_27001_2022-R-024,GLOBAL_REFERENCE||ISO27001-REF-A.5.17,PROV:ISO_IEC_27001_2022:METADATA,NOT_YET_LICENSED,blocked_until_licensed_content_and_human_review
ISO27001-REF-A.5.18,"Considerar, seleccionar y operar medidas de seguridad relacionadas con derechos de acceso de acuerdo con riesgos y aplicabilidad documentada.",regulatory_reference,GLOBAL_REFERENCE,,ISO_IEC_27001_2022,A.5.18,A.5.18,ISO_IEC_27001_2022-R-025,GLOBAL_REFERENCE||ISO27001-REF-A.5.18,PROV:ISO_IEC_27001_2022:METADATA,NOT_YET_LICENSED,blocked_until_licensed_content_and_human_review
ISO27001-REF-A.5.19,"Considerar, seleccionar y operar medidas de seguridad relacionadas con seguridad en relaciones con proveedores de acuerdo con riesgos y aplicabilidad documentada.",regulatory_reference,GLOBAL_REFERENCE,,ISO_IEC_27001_2022,A.5.19,A.5.19,ISO_IEC_27001_2022-R-026,GLOBAL_REFERENCE||ISO27001-REF-A.5.19,PROV:ISO_IEC_27001_2022:METADATA,NOT_YET_LICENSED,blocked_until_licensed_content_and_human_review
ISO27001-REF-A.5.20,"Considerar, seleccionar y operar medidas de seguridad relacionadas con seguridad en acuerdos con proveedores de acuerdo con riesgos y aplicabilidad documentada.",regulatory_reference,GLOBAL_REFERENCE,,ISO_IEC_27001_2022,A.5.20,A.5.20,ISO_IEC_27001_2022-R-027,GLOBAL_REFERENCE||ISO27001-REF-A.5.20,PROV:ISO_IEC_27001_2022:METADATA,NOT_YET_LICENSED,blocked_until_licensed_content_and_human_review
ISO27001-REF-A.5.21,"Considerar, seleccionar y operar medidas de seguridad relacionadas con cadena de suministro tic de acuerdo con riesgos y aplicabilidad documentada.",regulatory_reference,GLOBAL_REFERENCE,,ISO_IEC_27001_2022,A.5.21,A.5.21,ISO_IEC_27001_2022-R-028,GLOBAL_REFERENCE||ISO27001-REF-A.5.21,PROV:ISO_IEC_27001_2022:METADATA,NOT_YET_LICENSED,blocked_until_licensed_content_and_human_review
ISO27001-REF-A.5.22,"Considerar, seleccionar y operar medidas de seguridad relacionadas con monitoreo y cambios de servicios de proveedores de acuerdo con riesgos y aplicabilidad documentada.",regulatory_reference,GLOBAL_REFERENCE,,ISO_IEC_27001_2022,A.5.22,A.5.22,ISO_IEC_27001_2022-R-029,GLOBAL_REFERENCE||ISO27001-REF-A.5.22,PROV:ISO_IEC_27001_2022:METADATA,NOT_YET_LICENSED,blocked_until_licensed_content_and_human_review
ISO27001-REF-A.5.23,"Considerar, seleccionar y operar medidas de seguridad relacionadas con seguridad para uso de nube de acuerdo con riesgos y aplicabilidad documentada.",regulatory_reference,GLOBAL_REFERENCE,,ISO_IEC_27001_2022,A.5.23,A.5.23,ISO_IEC_27001_2022-R-030,GLOBAL_REFERENCE||ISO27001-REF-A.5.23,PROV:ISO_IEC_27001_2022:METADATA,NOT_YET_LICENSED,blocked_until_licensed_content_and_human_review
ISO27001-REF-A.5.24,"Considerar, seleccionar y operar medidas de seguridad relacionadas con preparación para gestión de incidentes de acuerdo con riesgos y aplicabilidad documentada.",regulatory_reference,GLOBAL_REFERENCE,,ISO_IEC_27001_2022,A.5.24,A.5.24,ISO_IEC_27001_2022-R-031,GLOBAL_REFERENCE||ISO27001-REF-A.5.24,PROV:ISO_IEC_27001_2022:METADATA,NOT_YET_LICENSED,blocked_until_licensed_content_and_human_review
ISO27001-REF-A.5.25,"Considerar, seleccionar y operar medidas de seguridad relacionadas con evaluación de eventos de seguridad de acuerdo con riesgos y aplicabilidad documentada.",regulatory_reference,GLOBAL_REFERENCE,,ISO_IEC_27001_2022,A.5.25,A.5.25,ISO_IEC_27001_2022-R-032,GLOBAL_REFERENCE||ISO27001-REF-A.5.25,PROV:ISO_IEC_27001_2022:METADATA,NOT_YET_LICENSED,blocked_until_licensed_content_and_human_review
ISO27001-REF-A.5.26,"Considerar, seleccionar y operar medidas de seguridad relacionadas con respuesta a incidentes de acuerdo con riesgos y aplicabilidad documentada.",regulatory_reference,GLOBAL_REFERENCE,,ISO_IEC_27001_2022,A.5.26,A.5.26,ISO_IEC_27001_2022-R-033,GLOBAL_REFERENCE||ISO27001-REF-A.5.26,PROV:ISO_IEC_27001_2022:METADATA,NOT_YET_LICENSED,blocked_until_licensed_content_and_human_review
ISO27001-REF-A.5.27,"Considerar, seleccionar y operar medidas de seguridad relacionadas con aprendizaje de incidentes de acuerdo con riesgos y aplicabilidad documentada.",regulatory_reference,GLOBAL_REFERENCE,,ISO_IEC_27001_2022,A.5.27,A.5.27,ISO_IEC_27001_2022-R-034,GLOBAL_REFERENCE||ISO27001-REF-A.5.27,PROV:ISO_IEC_27001_2022:METADATA,NOT_YET_LICENSED,blocked_until_licensed_content_and_human_review
ISO27001-REF-A.5.28,"Considerar, seleccionar y operar medidas de seguridad relacionadas con recolección de evidencia de acuerdo con riesgos y aplicabilidad documentada.",regulatory_reference,GLOBAL_REFERENCE,,ISO_IEC_27001_2022,A.5.28,A.5.28,ISO_IEC_27001_2022-R-035,GLOBAL_REFERENCE||ISO27001-REF-A.5.28,PROV:ISO_IEC_27001_2022:METADATA,NOT_YET_LICENSED,blocked_until_licensed_content_and_human_review
ISO27001-REF-A.5.29,"Considerar, seleccionar y operar medidas de seguridad relacionadas con seguridad durante interrupciones de acuerdo con riesgos y aplicabilidad documentada.",regulatory_reference,GLOBAL_REFERENCE,,ISO_IEC_27001_2022,A.5.29,A.5.29,ISO_IEC_27001_2022-R-036,GLOBAL_REFERENCE||ISO27001-REF-A.5.29,PROV:ISO_IEC_27001_2022:METADATA,NOT_YET_LICENSED,blocked_until_licensed_content_and_human_review
ISO27001-REF-A.5.30,"Considerar, seleccionar y operar medidas de seguridad relacionadas con preparación tic para continuidad de acuerdo con riesgos y aplicabilidad documentada.",regulatory_reference,GLOBAL_REFERENCE,,ISO_IEC_27001_2022,A.5.30,A.5.30,ISO_IEC_27001_2022-R-037,GLOBAL_REFERENCE||ISO27001-REF-A.5.30,PROV:ISO_IEC_27001_2022:METADATA,NOT_YET_LICENSED,blocked_until_licensed_content_and_human_review
ISO27001-REF-A.5.31,"Considerar, seleccionar y operar medidas de seguridad relacionadas con requisitos legales/regulatorios/contractuales de acuerdo con riesgos y aplicabilidad documentada.",regulatory_reference,GLOBAL_REFERENCE,,ISO_IEC_27001_2022,A.5.31,A.5.31,ISO_IEC_27001_2022-R-038,GLOBAL_REFERENCE||ISO27001-REF-A.5.31,PROV:ISO_IEC_27001_2022:METADATA,NOT_YET_LICENSED,blocked_until_licensed_content_and_human_review
ISO27001-REF-A.5.32,"Considerar, seleccionar y operar medidas de seguridad relacionadas con derechos de propiedad intelectual de acuerdo con riesgos y aplicabilidad documentada.",regulatory_reference,GLOBAL_REFERENCE,,ISO_IEC_27001_2022,A.5.32,A.5.32,ISO_IEC_27001_2022-R-039,GLOBAL_REFERENCE||ISO27001-REF-A.5.32,PROV:ISO_IEC_27001_2022:METADATA,NOT_YET_LICENSED,blocked_until_licensed_content_and_human_review
ISO27001-REF-A.5.33,"Considerar, seleccionar y operar medidas de seguridad relacionadas con protección de registros de acuerdo con riesgos y aplicabilidad documentada.",regulatory_reference,GLOBAL_REFERENCE,,ISO_IEC_27001_2022,A.5.33,A.5.33,ISO_IEC_27001_2022-R-040,GLOBAL_REFERENCE||ISO27001-REF-A.5.33,PROV:ISO_IEC_27001_2022:METADATA,NOT_YET_LICENSED,blocked_until_licensed_content_and_human_review
ISO27001-REF-A.5.34,"Considerar, seleccionar y operar medidas de seguridad relacionadas con privacidad y protección de pii de acuerdo con riesgos y aplicabilidad documentada.",regulatory_reference,GLOBAL_REFERENCE,,ISO_IEC_27001_2022,A.5.34,A.5.34,ISO_IEC_27001_2022-R-041,GLOBAL_REFERENCE||ISO27001-REF-A.5.34,PROV:ISO_IEC_27001_2022:METADATA,NOT_YET_LICENSED,blocked_until_licensed_content_and_human_review
ISO27001-REF-A.5.35,"Considerar, seleccionar y operar medidas de seguridad relacionadas con revisión independiente de seguridad de acuerdo con riesgos y aplicabilidad documentada.",regulatory_reference,GLOBAL_REFERENCE,,ISO_IEC_27001_2022,A.5.35,A.5.35,ISO_IEC_27001_2022-R-042,GLOBAL_REFERENCE||ISO27001-REF-A.5.35,PROV:ISO_IEC_27001_2022:METADATA,NOT_YET_LICENSED,blocked_until_licensed_content_and_human_review
ISO27001-REF-A.5.36,"Considerar, seleccionar y operar medidas de seguridad relacionadas con cumplimiento de políticas y estándares de acuerdo con riesgos y aplicabilidad documentada.",regulatory_reference,GLOBAL_REFERENCE,,ISO_IEC_27001_2022,A.5.36,A.5.36,ISO_IEC_27001_2022-R-043,GLOBAL_REFERENCE||ISO27001-REF-A.5.36,PROV:ISO_IEC_27001_2022:METADATA,NOT_YET_LICENSED,blocked_until_licensed_content_and_human_review
ISO27001-REF-A.5.37,"Considerar, seleccionar y operar medidas de seguridad relacionadas con procedimientos operativos documentados de acuerdo con riesgos y aplicabilidad documentada.",regulatory_reference,GLOBAL_REFERENCE,,ISO_IEC_27001_2022,A.5.37,A.5.37,ISO_IEC_27001_2022-R-044,GLOBAL_REFERENCE||ISO27001-REF-A.5.37,PROV:ISO_IEC_27001_2022:METADATA,NOT_YET_LICENSED,blocked_until_licensed_content_and_human_review
ISO27001-REF-A.6.1,"Considerar, seleccionar y operar medidas de seguridad relacionadas con selección de personal de acuerdo con riesgos y aplicabilidad documentada.",regulatory_reference,GLOBAL_REFERENCE,,ISO_IEC_27001_2022,A.6.1,A.6.1,ISO_IEC_27001_2022-R-045,GLOBAL_REFERENCE||ISO27001-REF-A.6.1,PROV:ISO_IEC_27001_2022:METADATA,NOT_YET_LICENSED,blocked_until_licensed_content_and_human_review
ISO27001-REF-A.6.2,"Considerar, seleccionar y operar medidas de seguridad relacionadas con términos y condiciones laborales de acuerdo con riesgos y aplicabilidad documentada.",regulatory_reference,GLOBAL_REFERENCE,,ISO_IEC_27001_2022,A.6.2,A.6.2,ISO_IEC_27001_2022-R-046,GLOBAL_REFERENCE||ISO27001-REF-A.6.2,PROV:ISO_IEC_27001_2022:METADATA,NOT_YET_LICENSED,blocked_until_licensed_content_and_human_review
ISO27001-REF-A.6.3,"Considerar, seleccionar y operar medidas de seguridad relacionadas con conciencia y formación en seguridad de acuerdo con riesgos y aplicabilidad documentada.",regulatory_reference,GLOBAL_REFERENCE,,ISO_IEC_27001_2022,A.6.3,A.6.3,ISO_IEC_27001_2022-R-047,GLOBAL_REFERENCE||ISO27001-REF-A.6.3,PROV:ISO_IEC_27001_2022:METADATA,NOT_YET_LICENSED,blocked_until_licensed_content_and_human_review
ISO27001-REF-A.6.4,"Considerar, seleccionar y operar medidas de seguridad relacionadas con proceso disciplinario de acuerdo con riesgos y aplicabilidad documentada.",regulatory_reference,GLOBAL_REFERENCE,,ISO_IEC_27001_2022,A.6.4,A.6.4,ISO_IEC_27001_2022-R-048,GLOBAL_REFERENCE||ISO27001-REF-A.6.4,PROV:ISO_IEC_27001_2022:METADATA,NOT_YET_LICENSED,blocked_until_licensed_content_and_human_review
ISO27001-REF-A.6.5,"Considerar, seleccionar y operar medidas de seguridad relacionadas con responsabilidades tras cambio o término de acuerdo con riesgos y aplicabilidad documentada.",regulatory_reference,GLOBAL_REFERENCE,,ISO_IEC_27001_2022,A.6.5,A.6.5,ISO_IEC_27001_2022-R-049,GLOBAL_REFERENCE||ISO27001-REF-A.6.5,PROV:ISO_IEC_27001_2022:METADATA,NOT_YET_LICENSED,blocked_until_licensed_content_and_human_review
ISO27001-REF-A.6.6,"Considerar, seleccionar y operar medidas de seguridad relacionadas con acuerdos de confidencialidad de acuerdo con riesgos y aplicabilidad documentada.",regulatory_reference,GLOBAL_REFERENCE,,ISO_IEC_27001_2022,A.6.6,A.6.6,ISO_IEC_27001_2022-R-050,GLOBAL_REFERENCE||ISO27001-REF-A.6.6,PROV:ISO_IEC_27001_2022:METADATA,NOT_YET_LICENSED,blocked_until_licensed_content_and_human_review
ISO27001-REF-A.6.7,"Considerar, seleccionar y operar medidas de seguridad relacionadas con trabajo remoto de acuerdo con riesgos y aplicabilidad documentada.",regulatory_reference,GLOBAL_REFERENCE,,ISO_IEC_27001_2022,A.6.7,A.6.7,ISO_IEC_27001_2022-R-051,GLOBAL_REFERENCE||ISO27001-REF-A.6.7,PROV:ISO_IEC_27001_2022:METADATA,NOT_YET_LICENSED,blocked_until_licensed_content_and_human_review
ISO27001-REF-A.6.8,"Considerar, seleccionar y operar medidas de seguridad relacionadas con reporte de eventos de seguridad de acuerdo con riesgos y aplicabilidad documentada.",regulatory_reference,GLOBAL_REFERENCE,,ISO_IEC_27001_2022,A.6.8,A.6.8,ISO_IEC_27001_2022-R-052,GLOBAL_REFERENCE||ISO27001-REF-A.6.8,PROV:ISO_IEC_27001_2022:METADATA,NOT_YET_LICENSED,blocked_until_licensed_content_and_human_review
ISO27001-REF-A.7.1,"Considerar, seleccionar y operar medidas de seguridad relacionadas con perímetros físicos de acuerdo con riesgos y aplicabilidad documentada.",regulatory_reference,GLOBAL_REFERENCE,,ISO_IEC_27001_2022,A.7.1,A.7.1,ISO_IEC_27001_2022-R-053,GLOBAL_REFERENCE||ISO27001-REF-A.7.1,PROV:ISO_IEC_27001_2022:METADATA,NOT_YET_LICENSED,blocked_until_licensed_content_and_human_review
ISO27001-REF-A.7.2,"Considerar, seleccionar y operar medidas de seguridad relacionadas con entrada física de acuerdo con riesgos y aplicabilidad documentada.",regulatory_reference,GLOBAL_REFERENCE,,ISO_IEC_27001_2022,A.7.2,A.7.2,ISO_IEC_27001_2022-R-054,GLOBAL_REFERENCE||ISO27001-REF-A.7.2,PROV:ISO_IEC_27001_2022:METADATA,NOT_YET_LICENSED,blocked_until_licensed_content_and_human_review
ISO27001-REF-A.7.3,"Considerar, seleccionar y operar medidas de seguridad relacionadas con protección de oficinas e instalaciones de acuerdo con riesgos y aplicabilidad documentada.",regulatory_reference,GLOBAL_REFERENCE,,ISO_IEC_27001_2022,A.7.3,A.7.3,ISO_IEC_27001_2022-R-055,GLOBAL_REFERENCE||ISO27001-REF-A.7.3,PROV:ISO_IEC_27001_2022:METADATA,NOT_YET_LICENSED,blocked_until_licensed_content_and_human_review
ISO27001-REF-A.7.4,"Considerar, seleccionar y operar medidas de seguridad relacionadas con monitoreo de seguridad física de acuerdo con riesgos y aplicabilidad documentada.",regulatory_reference,GLOBAL_REFERENCE,,ISO_IEC_27001_2022,A.7.4,A.7.4,ISO_IEC_27001_2022-R-056,GLOBAL_REFERENCE||ISO27001-REF-A.7.4,PROV:ISO_IEC_27001_2022:METADATA,NOT_YET_LICENSED,blocked_until_licensed_content_and_human_review
ISO27001-REF-A.7.5,"Considerar, seleccionar y operar medidas de seguridad relacionadas con protección contra amenazas físicas/ambientales de acuerdo con riesgos y aplicabilidad documentada.",regulatory_reference,GLOBAL_REFERENCE,,ISO_IEC_27001_2022,A.7.5,A.7.5,ISO_IEC_27001_2022-R-057,GLOBAL_REFERENCE||ISO27001-REF-A.7.5,PROV:ISO_IEC_27001_2022:METADATA,NOT_YET_LICENSED,blocked_until_licensed_content_and_human_review
ISO27001-REF-A.7.6,"Considerar, seleccionar y operar medidas de seguridad relacionadas con trabajo en áreas seguras de acuerdo con riesgos y aplicabilidad documentada.",regulatory_reference,GLOBAL_REFERENCE,,ISO_IEC_27001_2022,A.7.6,A.7.6,ISO_IEC_27001_2022-R-058,GLOBAL_REFERENCE||ISO27001-REF-A.7.6,PROV:ISO_IEC_27001_2022:METADATA,NOT_YET_LICENSED,blocked_until_licensed_content_and_human_review
ISO27001-REF-A.7.7,"Considerar, seleccionar y operar medidas de seguridad relacionadas con escritorio y pantalla limpia de acuerdo con riesgos y aplicabilidad documentada.",regulatory_reference,GLOBAL_REFERENCE,,ISO_IEC_27001_2022,A.7.7,A.7.7,ISO_IEC_27001_2022-R-059,GLOBAL_REFERENCE||ISO27001-REF-A.7.7,PROV:ISO_IEC_27001_2022:METADATA,NOT_YET_LICENSED,blocked_until_licensed_content_and_human_review
ISO27001-REF-A.7.8,"Considerar, seleccionar y operar medidas de seguridad relacionadas con ubicación y protección de equipos de acuerdo con riesgos y aplicabilidad documentada.",regulatory_reference,GLOBAL_REFERENCE,,ISO_IEC_27001_2022,A.7.8,A.7.8,ISO_IEC_27001_2022-R-060,GLOBAL_REFERENCE||ISO27001-REF-A.7.8,PROV:ISO_IEC_27001_2022:METADATA,NOT_YET_LICENSED,blocked_until_licensed_content_and_human_review
ISO27001-REF-A.7.9,"Considerar, seleccionar y operar medidas de seguridad relacionadas con activos fuera de instalaciones de acuerdo con riesgos y aplicabilidad documentada.",regulatory_reference,GLOBAL_REFERENCE,,ISO_IEC_27001_2022,A.7.9,A.7.9,ISO_IEC_27001_2022-R-061,GLOBAL_REFERENCE||ISO27001-REF-A.7.9,PROV:ISO_IEC_27001_2022:METADATA,NOT_YET_LICENSED,blocked_until_licensed_content_and_human_review
ISO27001-REF-A.7.10,"Considerar, seleccionar y operar medidas de seguridad relacionadas con medios de almacenamiento de acuerdo con riesgos y aplicabilidad documentada.",regulatory_reference,GLOBAL_REFERENCE,,ISO_IEC_27001_2022,A.7.10,A.7.10,ISO_IEC_27001_2022-R-062,GLOBAL_REFERENCE||ISO27001-REF-A.7.10,PROV:ISO_IEC_27001_2022:METADATA,NOT_YET_LICENSED,blocked_until_licensed_content_and_human_review
ISO27001-REF-A.7.11,"Considerar, seleccionar y operar medidas de seguridad relacionadas con servicios de soporte de acuerdo con riesgos y aplicabilidad documentada.",regulatory_reference,GLOBAL_REFERENCE,,ISO_IEC_27001_2022,A.7.11,A.7.11,ISO_IEC_27001_2022-R-063,GLOBAL_REFERENCE||ISO27001-REF-A.7.11,PROV:ISO_IEC_27001_2022:METADATA,NOT_YET_LICENSED,blocked_until_licensed_content_and_human_review
ISO27001-REF-A.7.12,"Considerar, seleccionar y operar medidas de seguridad relacionadas con seguridad del cableado de acuerdo con riesgos y aplicabilidad documentada.",regulatory_reference,GLOBAL_REFERENCE,,ISO_IEC_27001_2022,A.7.12,A.7.12,ISO_IEC_27001_2022-R-064,GLOBAL_REFERENCE||ISO27001-REF-A.7.12,PROV:ISO_IEC_27001_2022:METADATA,NOT_YET_LICENSED,blocked_until_licensed_content_and_human_review
ISO27001-REF-A.7.13,"Considerar, seleccionar y operar medidas de seguridad relacionadas con mantenimiento de equipos de acuerdo con riesgos y aplicabilidad documentada.",regulatory_reference,GLOBAL_REFERENCE,,ISO_IEC_27001_2022,A.7.13,A.7.13,ISO_IEC_27001_2022-R-065,GLOBAL_REFERENCE||ISO27001-REF-A.7.13,PROV:ISO_IEC_27001_2022:METADATA,NOT_YET_LICENSED,blocked_until_licensed_content_and_human_review
ISO27001-REF-A.7.14,"Considerar, seleccionar y operar medidas de seguridad relacionadas con eliminación o reutilización segura de equipos de acuerdo con riesgos y aplicabilidad documentada.",regulatory_reference,GLOBAL_REFERENCE,,ISO_IEC_27001_2022,A.7.14,A.7.14,ISO_IEC_27001_2022-R-066,GLOBAL_REFERENCE||ISO27001-REF-A.7.14,PROV:ISO_IEC_27001_2022:METADATA,NOT_YET_LICENSED,blocked_until_licensed_content_and_human_review
ISO27001-REF-A.8.1,"Considerar, seleccionar y operar medidas de seguridad relacionadas con dispositivos endpoint de acuerdo con riesgos y aplicabilidad documentada.",regulatory_reference,GLOBAL_REFERENCE,,ISO_IEC_27001_2022,A.8.1,A.8.1,ISO_IEC_27001_2022-R-067,GLOBAL_REFERENCE||ISO27001-REF-A.8.1,PROV:ISO_IEC_27001_2022:METADATA,NOT_YET_LICENSED,blocked_until_licensed_content_and_human_review
ISO27001-REF-A.8.2,"Considerar, seleccionar y operar medidas de seguridad relacionadas con accesos privilegiados de acuerdo con riesgos y aplicabilidad documentada.",regulatory_reference,GLOBAL_REFERENCE,,ISO_IEC_27001_2022,A.8.2,A.8.2,ISO_IEC_27001_2022-R-068,GLOBAL_REFERENCE||ISO27001-REF-A.8.2,PROV:ISO_IEC_27001_2022:METADATA,NOT_YET_LICENSED,blocked_until_licensed_content_and_human_review
ISO27001-REF-A.8.3,"Considerar, seleccionar y operar medidas de seguridad relacionadas con restricción de acceso a información de acuerdo con riesgos y aplicabilidad documentada.",regulatory_reference,GLOBAL_REFERENCE,,ISO_IEC_27001_2022,A.8.3,A.8.3,ISO_IEC_27001_2022-R-069,GLOBAL_REFERENCE||ISO27001-REF-A.8.3,PROV:ISO_IEC_27001_2022:METADATA,NOT_YET_LICENSED,blocked_until_licensed_content_and_human_review
ISO27001-REF-A.8.4,"Considerar, seleccionar y operar medidas de seguridad relacionadas con acceso a código fuente de acuerdo con riesgos y aplicabilidad documentada.",regulatory_reference,GLOBAL_REFERENCE,,ISO_IEC_27001_2022,A.8.4,A.8.4,ISO_IEC_27001_2022-R-070,GLOBAL_REFERENCE||ISO27001-REF-A.8.4,PROV:ISO_IEC_27001_2022:METADATA,NOT_YET_LICENSED,blocked_until_licensed_content_and_human_review
ISO27001-REF-A.8.5,"Considerar, seleccionar y operar medidas de seguridad relacionadas con autenticación segura de acuerdo con riesgos y aplicabilidad documentada.",regulatory_reference,GLOBAL_REFERENCE,,ISO_IEC_27001_2022,A.8.5,A.8.5,ISO_IEC_27001_2022-R-071,GLOBAL_REFERENCE||ISO27001-REF-A.8.5,PROV:ISO_IEC_27001_2022:METADATA,NOT_YET_LICENSED,blocked_until_licensed_content_and_human_review
ISO27001-REF-A.8.6,"Considerar, seleccionar y operar medidas de seguridad relacionadas con gestión de capacidad de acuerdo con riesgos y aplicabilidad documentada.",regulatory_reference,GLOBAL_REFERENCE,,ISO_IEC_27001_2022,A.8.6,A.8.6,ISO_IEC_27001_2022-R-072,GLOBAL_REFERENCE||ISO27001-REF-A.8.6,PROV:ISO_IEC_27001_2022:METADATA,NOT_YET_LICENSED,blocked_until_licensed_content_and_human_review
ISO27001-REF-A.8.7,"Considerar, seleccionar y operar medidas de seguridad relacionadas con protección contra malware de acuerdo con riesgos y aplicabilidad documentada.",regulatory_reference,GLOBAL_REFERENCE,,ISO_IEC_27001_2022,A.8.7,A.8.7,ISO_IEC_27001_2022-R-073,GLOBAL_REFERENCE||ISO27001-REF-A.8.7,PROV:ISO_IEC_27001_2022:METADATA,NOT_YET_LICENSED,blocked_until_licensed_content_and_human_review
ISO27001-REF-A.8.8,"Considerar, seleccionar y operar medidas de seguridad relacionadas con vulnerabilidades técnicas de acuerdo con riesgos y aplicabilidad documentada.",regulatory_reference,GLOBAL_REFERENCE,,ISO_IEC_27001_2022,A.8.8,A.8.8,ISO_IEC_27001_2022-R-074,GLOBAL_REFERENCE||ISO27001-REF-A.8.8,PROV:ISO_IEC_27001_2022:METADATA,NOT_YET_LICENSED,blocked_until_licensed_content_and_human_review
ISO27001-REF-A.8.9,"Considerar, seleccionar y operar medidas de seguridad relacionadas con gestión de configuración de acuerdo con riesgos y aplicabilidad documentada.",regulatory_reference,GLOBAL_REFERENCE,,ISO_IEC_27001_2022,A.8.9,A.8.9,ISO_IEC_27001_2022-R-075,GLOBAL_REFERENCE||ISO27001-REF-A.8.9,PROV:ISO_IEC_27001_2022:METADATA,NOT_YET_LICENSED,blocked_until_licensed_content_and_human_review
ISO27001-REF-A.8.10,"Considerar, seleccionar y operar medidas de seguridad relacionadas con eliminación de información de acuerdo con riesgos y aplicabilidad documentada.",regulatory_reference,GLOBAL_REFERENCE,,ISO_IEC_27001_2022,A.8.10,A.8.10,ISO_IEC_27001_2022-R-076,GLOBAL_REFERENCE||ISO27001-REF-A.8.10,PROV:ISO_IEC_27001_2022:METADATA,NOT_YET_LICENSED,blocked_until_licensed_content_and_human_review
ISO27001-REF-A.8.11,"Considerar, seleccionar y operar medidas de seguridad relacionadas con enmascaramiento de datos de acuerdo con riesgos y aplicabilidad documentada.",regulatory_reference,GLOBAL_REFERENCE,,ISO_IEC_27001_2022,A.8.11,A.8.11,ISO_IEC_27001_2022-R-077,GLOBAL_REFERENCE||ISO27001-REF-A.8.11,PROV:ISO_IEC_27001_2022:METADATA,NOT_YET_LICENSED,blocked_until_licensed_content_and_human_review
ISO27001-REF-A.8.12,"Considerar, seleccionar y operar medidas de seguridad relacionadas con prevención de fuga de datos de acuerdo con riesgos y aplicabilidad documentada.",regulatory_reference,GLOBAL_REFERENCE,,ISO_IEC_27001_2022,A.8.12,A.8.12,ISO_IEC_27001_2022-R-078,GLOBAL_REFERENCE||ISO27001-REF-A.8.12,PROV:ISO_IEC_27001_2022:METADATA,NOT_YET_LICENSED,blocked_until_licensed_content_and_human_review
ISO27001-REF-A.8.13,"Considerar, seleccionar y operar medidas de seguridad relacionadas con respaldo de información de acuerdo con riesgos y aplicabilidad documentada.",regulatory_reference,GLOBAL_REFERENCE,,ISO_IEC_27001_2022,A.8.13,A.8.13,ISO_IEC_27001_2022-R-079,GLOBAL_REFERENCE||ISO27001-REF-A.8.13,PROV:ISO_IEC_27001_2022:METADATA,NOT_YET_LICENSED,blocked_until_licensed_content_and_human_review
ISO27001-REF-A.8.14,"Considerar, seleccionar y operar medidas de seguridad relacionadas con redundancia de procesamiento de acuerdo con riesgos y aplicabilidad documentada.",regulatory_reference,GLOBAL_REFERENCE,,ISO_IEC_27001_2022,A.8.14,A.8.14,ISO_IEC_27001_2022-R-080,GLOBAL_REFERENCE||ISO27001-REF-A.8.14,PROV:ISO_IEC_27001_2022:METADATA,NOT_YET_LICENSED,blocked_until_licensed_content_and_human_review
ISO27001-REF-A.8.15,"Considerar, seleccionar y operar medidas de seguridad relacionadas con logging de acuerdo con riesgos y aplicabilidad documentada.",regulatory_reference,GLOBAL_REFERENCE,,ISO_IEC_27001_2022,A.8.15,A.8.15,ISO_IEC_27001_2022-R-081,GLOBAL_REFERENCE||ISO27001-REF-A.8.15,PROV:ISO_IEC_27001_2022:METADATA,NOT_YET_LICENSED,blocked_until_licensed_content_and_human_review
ISO27001-REF-A.8.16,"Considerar, seleccionar y operar medidas de seguridad relacionadas con monitoreo de actividades de acuerdo con riesgos y aplicabilidad documentada.",regulatory_reference,GLOBAL_REFERENCE,,ISO_IEC_27001_2022,A.8.16,A.8.16,ISO_IEC_27001_2022-R-082,GLOBAL_REFERENCE||ISO27001-REF-A.8.16,PROV:ISO_IEC_27001_2022:METADATA,NOT_YET_LICENSED,blocked_until_licensed_content_and_human_review
ISO27001-REF-A.8.17,"Considerar, seleccionar y operar medidas de seguridad relacionadas con sincronización de relojes de acuerdo con riesgos y aplicabilidad documentada.",regulatory_reference,GLOBAL_REFERENCE,,ISO_IEC_27001_2022,A.8.17,A.8.17,ISO_IEC_27001_2022-R-083,GLOBAL_REFERENCE||ISO27001-REF-A.8.17,PROV:ISO_IEC_27001_2022:METADATA,NOT_YET_LICENSED,blocked_until_licensed_content_and_human_review
ISO27001-REF-A.8.18,"Considerar, seleccionar y operar medidas de seguridad relacionadas con uso de utilitarios privilegiados de acuerdo con riesgos y aplicabilidad documentada.",regulatory_reference,GLOBAL_REFERENCE,,ISO_IEC_27001_2022,A.8.18,A.8.18,ISO_IEC_27001_2022-R-084,GLOBAL_REFERENCE||ISO27001-REF-A.8.18,PROV:ISO_IEC_27001_2022:METADATA,NOT_YET_LICENSED,blocked_until_licensed_content_and_human_review
ISO27001-REF-A.8.19,"Considerar, seleccionar y operar medidas de seguridad relacionadas con instalación de software de acuerdo con riesgos y aplicabilidad documentada.",regulatory_reference,GLOBAL_REFERENCE,,ISO_IEC_27001_2022,A.8.19,A.8.19,ISO_IEC_27001_2022-R-085,GLOBAL_REFERENCE||ISO27001-REF-A.8.19,PROV:ISO_IEC_27001_2022:METADATA,NOT_YET_LICENSED,blocked_until_licensed_content_and_human_review
ISO27001-REF-A.8.20,"Considerar, seleccionar y operar medidas de seguridad relacionadas con seguridad de redes de acuerdo con riesgos y aplicabilidad documentada.",regulatory_reference,GLOBAL_REFERENCE,,ISO_IEC_27001_2022,A.8.20,A.8.20,ISO_IEC_27001_2022-R-086,GLOBAL_REFERENCE||ISO27001-REF-A.8.20,PROV:ISO_IEC_27001_2022:METADATA,NOT_YET_LICENSED,blocked_until_licensed_content_and_human_review
ISO27001-REF-A.8.21,"Considerar, seleccionar y operar medidas de seguridad relacionadas con seguridad de servicios de red de acuerdo con riesgos y aplicabilidad documentada.",regulatory_reference,GLOBAL_REFERENCE,,ISO_IEC_27001_2022,A.8.21,A.8.21,ISO_IEC_27001_2022-R-087,GLOBAL_REFERENCE||ISO27001-REF-A.8.21,PROV:ISO_IEC_27001_2022:METADATA,NOT_YET_LICENSED,blocked_until_licensed_content_and_human_review
ISO27001-REF-A.8.22,"Considerar, seleccionar y operar medidas de seguridad relacionadas con segregación de redes de acuerdo con riesgos y aplicabilidad documentada.",regulatory_reference,GLOBAL_REFERENCE,,ISO_IEC_27001_2022,A.8.22,A.8.22,ISO_IEC_27001_2022-R-088,GLOBAL_REFERENCE||ISO27001-REF-A.8.22,PROV:ISO_IEC_27001_2022:METADATA,NOT_YET_LICENSED,blocked_until_licensed_content_and_human_review
ISO27001-REF-A.8.23,"Considerar, seleccionar y operar medidas de seguridad relacionadas con filtrado web de acuerdo con riesgos y aplicabilidad documentada.",regulatory_reference,GLOBAL_REFERENCE,,ISO_IEC_27001_2022,A.8.23,A.8.23,ISO_IEC_27001_2022-R-089,GLOBAL_REFERENCE||ISO27001-REF-A.8.23,PROV:ISO_IEC_27001_2022:METADATA,NOT_YET_LICENSED,blocked_until_licensed_content_and_human_review
ISO27001-REF-A.8.24,"Considerar, seleccionar y operar medidas de seguridad relacionadas con criptografía de acuerdo con riesgos y aplicabilidad documentada.",regulatory_reference,GLOBAL_REFERENCE,,ISO_IEC_27001_2022,A.8.24,A.8.24,ISO_IEC_27001_2022-R-090,GLOBAL_REFERENCE||ISO27001-REF-A.8.24,PROV:ISO_IEC_27001_2022:METADATA,NOT_YET_LICENSED,blocked_until_licensed_content_and_human_review
ISO27001-REF-A.8.25,"Considerar, seleccionar y operar medidas de seguridad relacionadas con ciclo de desarrollo seguro de acuerdo con riesgos y aplicabilidad documentada.",regulatory_reference,GLOBAL_REFERENCE,,ISO_IEC_27001_2022,A.8.25,A.8.25,ISO_IEC_27001_2022-R-091,GLOBAL_REFERENCE||ISO27001-REF-A.8.25,PROV:ISO_IEC_27001_2022:METADATA,NOT_YET_LICENSED,blocked_until_licensed_content_and_human_review
ISO27001-REF-A.8.26,"Considerar, seleccionar y operar medidas de seguridad relacionadas con requisitos de seguridad de aplicaciones de acuerdo con riesgos y aplicabilidad documentada.",regulatory_reference,GLOBAL_REFERENCE,,ISO_IEC_27001_2022,A.8.26,A.8.26,ISO_IEC_27001_2022-R-092,GLOBAL_REFERENCE||ISO27001-REF-A.8.26,PROV:ISO_IEC_27001_2022:METADATA,NOT_YET_LICENSED,blocked_until_licensed_content_and_human_review
ISO27001-REF-A.8.27,"Considerar, seleccionar y operar medidas de seguridad relacionadas con arquitectura e ingeniería segura de acuerdo con riesgos y aplicabilidad documentada.",regulatory_reference,GLOBAL_REFERENCE,,ISO_IEC_27001_2022,A.8.27,A.8.27,ISO_IEC_27001_2022-R-093,GLOBAL_REFERENCE||ISO27001-REF-A.8.27,PROV:ISO_IEC_27001_2022:METADATA,NOT_YET_LICENSED,blocked_until_licensed_content_and_human_review
ISO27001-REF-A.8.28,"Considerar, seleccionar y operar medidas de seguridad relacionadas con codificación segura de acuerdo con riesgos y aplicabilidad documentada.",regulatory_reference,GLOBAL_REFERENCE,,ISO_IEC_27001_2022,A.8.28,A.8.28,ISO_IEC_27001_2022-R-094,GLOBAL_REFERENCE||ISO27001-REF-A.8.28,PROV:ISO_IEC_27001_2022:METADATA,NOT_YET_LICENSED,blocked_until_licensed_content_and_human_review
ISO27001-REF-A.8.29,"Considerar, seleccionar y operar medidas de seguridad relacionadas con pruebas de seguridad en desarrollo/aceptación de acuerdo con riesgos y aplicabilidad documentada.",regulatory_reference,GLOBAL_REFERENCE,,ISO_IEC_27001_2022,A.8.29,A.8.29,ISO_IEC_27001_2022-R-095,GLOBAL_REFERENCE||ISO27001-REF-A.8.29,PROV:ISO_IEC_27001_2022:METADATA,NOT_YET_LICENSED,blocked_until_licensed_content_and_human_review
ISO27001-REF-A.8.30,"Considerar, seleccionar y operar medidas de seguridad relacionadas con desarrollo externalizado de acuerdo con riesgos y aplicabilidad documentada.",regulatory_reference,GLOBAL_REFERENCE,,ISO_IEC_27001_2022,A.8.30,A.8.30,ISO_IEC_27001_2022-R-096,GLOBAL_REFERENCE||ISO27001-REF-A.8.30,PROV:ISO_IEC_27001_2022:METADATA,NOT_YET_LICENSED,blocked_until_licensed_content_and_human_review
ISO27001-REF-A.8.31,"Considerar, seleccionar y operar medidas de seguridad relacionadas con separación desarrollo/prueba/producción de acuerdo con riesgos y aplicabilidad documentada.",regulatory_reference,GLOBAL_REFERENCE,,ISO_IEC_27001_2022,A.8.31,A.8.31,ISO_IEC_27001_2022-R-097,GLOBAL_REFERENCE||ISO27001-REF-A.8.31,PROV:ISO_IEC_27001_2022:METADATA,NOT_YET_LICENSED,blocked_until_licensed_content_and_human_review
ISO27001-REF-A.8.32,"Considerar, seleccionar y operar medidas de seguridad relacionadas con gestión de cambios de acuerdo con riesgos y aplicabilidad documentada.",regulatory_reference,GLOBAL_REFERENCE,,ISO_IEC_27001_2022,A.8.32,A.8.32,ISO_IEC_27001_2022-R-098,GLOBAL_REFERENCE||ISO27001-REF-A.8.32,PROV:ISO_IEC_27001_2022:METADATA,NOT_YET_LICENSED,blocked_until_licensed_content_and_human_review
ISO27001-REF-A.8.33,"Considerar, seleccionar y operar medidas de seguridad relacionadas con datos de prueba de acuerdo con riesgos y aplicabilidad documentada.",regulatory_reference,GLOBAL_REFERENCE,,ISO_IEC_27001_2022,A.8.33,A.8.33,ISO_IEC_27001_2022-R-099,GLOBAL_REFERENCE||ISO27001-REF-A.8.33,PROV:ISO_IEC_27001_2022:METADATA,NOT_YET_LICENSED,blocked_until_licensed_content_and_human_review
ISO27001-REF-A.8.34,"Considerar, seleccionar y operar medidas de seguridad relacionadas con protección durante pruebas de auditoría de acuerdo con riesgos y aplicabilidad documentada.",regulatory_reference,GLOBAL_REFERENCE,,ISO_IEC_27001_2022,A.8.34,A.8.34,ISO_IEC_27001_2022-R-100,GLOBAL_REFERENCE||ISO27001-REF-A.8.34,PROV:ISO_IEC_27001_2022:METADATA,NOT_YET_LICENSED,blocked_until_licensed_content_and_human_review
ISO42001-REF-A.2.2,"Considerar y gobernar política de ia conforme al riesgo, impacto y contexto del sistema de IA.",regulatory_reference,GLOBAL_REFERENCE,,ISO_IEC_42001_2023,A.2.2,A.2.2,ISO_IEC_42001_2023-R-008,GLOBAL_REFERENCE||ISO42001-REF-A.2.2,PROV:ISO_IEC_42001_2023:METADATA,NOT_YET_LICENSED,blocked_until_licensed_content_and_human_review
ISO42001-REF-A.2.3,"Considerar y gobernar alineación de política de ia con otras políticas conforme al riesgo, impacto y contexto del sistema de IA.",regulatory_reference,GLOBAL_REFERENCE,,ISO_IEC_42001_2023,A.2.3,A.2.3,ISO_IEC_42001_2023-R-009,GLOBAL_REFERENCE||ISO42001-REF-A.2.3,PROV:ISO_IEC_42001_2023:METADATA,NOT_YET_LICENSED,blocked_until_licensed_content_and_human_review
ISO42001-REF-A.2.4,"Considerar y gobernar revisión de política de ia conforme al riesgo, impacto y contexto del sistema de IA.",regulatory_reference,GLOBAL_REFERENCE,,ISO_IEC_42001_2023,A.2.4,A.2.4,ISO_IEC_42001_2023-R-010,GLOBAL_REFERENCE||ISO42001-REF-A.2.4,PROV:ISO_IEC_42001_2023:METADATA,NOT_YET_LICENSED,blocked_until_licensed_content_and_human_review
ISO42001-REF-A.3.2,"Considerar y gobernar roles y responsabilidades de ia conforme al riesgo, impacto y contexto del sistema de IA.",regulatory_reference,GLOBAL_REFERENCE,,ISO_IEC_42001_2023,A.3.2,A.3.2,ISO_IEC_42001_2023-R-011,GLOBAL_REFERENCE||ISO42001-REF-A.3.2,PROV:ISO_IEC_42001_2023:METADATA,NOT_YET_LICENSED,blocked_until_licensed_content_and_human_review
ISO42001-REF-A.3.3,"Considerar y gobernar reporte de preocupaciones relacionadas con ia conforme al riesgo, impacto y contexto del sistema de IA.",regulatory_reference,GLOBAL_REFERENCE,,ISO_IEC_42001_2023,A.3.3,A.3.3,ISO_IEC_42001_2023-R-012,GLOBAL_REFERENCE||ISO42001-REF-A.3.3,PROV:ISO_IEC_42001_2023:METADATA,NOT_YET_LICENSED,blocked_until_licensed_content_and_human_review
ISO42001-REF-A.4.2,"Considerar y gobernar documentación de recursos de ia conforme al riesgo, impacto y contexto del sistema de IA.",regulatory_reference,GLOBAL_REFERENCE,,ISO_IEC_42001_2023,A.4.2,A.4.2,ISO_IEC_42001_2023-R-013,GLOBAL_REFERENCE||ISO42001-REF-A.4.2,PROV:ISO_IEC_42001_2023:METADATA,NOT_YET_LICENSED,blocked_until_licensed_content_and_human_review
ISO42001-REF-A.4.3,"Considerar y gobernar recursos de datos conforme al riesgo, impacto y contexto del sistema de IA.",regulatory_reference,GLOBAL_REFERENCE,,ISO_IEC_42001_2023,A.4.3,A.4.3,ISO_IEC_42001_2023-R-014,GLOBAL_REFERENCE||ISO42001-REF-A.4.3,PROV:ISO_IEC_42001_2023:METADATA,NOT_YET_LICENSED,blocked_until_licensed_content_and_human_review
ISO42001-REF-A.4.4,"Considerar y gobernar recursos de herramientas conforme al riesgo, impacto y contexto del sistema de IA.",regulatory_reference,GLOBAL_REFERENCE,,ISO_IEC_42001_2023,A.4.4,A.4.4,ISO_IEC_42001_2023-R-015,GLOBAL_REFERENCE||ISO42001-REF-A.4.4,PROV:ISO_IEC_42001_2023:METADATA,NOT_YET_LICENSED,blocked_until_licensed_content_and_human_review
ISO42001-REF-A.4.5,"Considerar y gobernar recursos de sistemas y cómputo conforme al riesgo, impacto y contexto del sistema de IA.",regulatory_reference,GLOBAL_REFERENCE,,ISO_IEC_42001_2023,A.4.5,A.4.5,ISO_IEC_42001_2023-R-016,GLOBAL_REFERENCE||ISO42001-REF-A.4.5,PROV:ISO_IEC_42001_2023:METADATA,NOT_YET_LICENSED,blocked_until_licensed_content_and_human_review
ISO42001-REF-A.4.6,"Considerar y gobernar recursos humanos conforme al riesgo, impacto y contexto del sistema de IA.",regulatory_reference,GLOBAL_REFERENCE,,ISO_IEC_42001_2023,A.4.6,A.4.6,ISO_IEC_42001_2023-R-017,GLOBAL_REFERENCE||ISO42001-REF-A.4.6,PROV:ISO_IEC_42001_2023:METADATA,NOT_YET_LICENSED,blocked_until_licensed_content_and_human_review
ISO42001-REF-A.5.2,"Considerar y gobernar proceso de evaluación de impacto ia conforme al riesgo, impacto y contexto del sistema de IA.",regulatory_reference,GLOBAL_REFERENCE,,ISO_IEC_42001_2023,A.5.2,A.5.2,ISO_IEC_42001_2023-R-018,GLOBAL_REFERENCE||ISO42001-REF-A.5.2,PROV:ISO_IEC_42001_2023:METADATA,NOT_YET_LICENSED,blocked_until_licensed_content_and_human_review
ISO42001-REF-A.5.3,"Considerar y gobernar documentación de evaluaciones de impacto conforme al riesgo, impacto y contexto del sistema de IA.",regulatory_reference,GLOBAL_REFERENCE,,ISO_IEC_42001_2023,A.5.3,A.5.3,ISO_IEC_42001_2023-R-019,GLOBAL_REFERENCE||ISO42001-REF-A.5.3,PROV:ISO_IEC_42001_2023:METADATA,NOT_YET_LICENSED,blocked_until_licensed_content_and_human_review
ISO42001-REF-A.5.4,"Considerar y gobernar impacto sobre individuos o grupos conforme al riesgo, impacto y contexto del sistema de IA.",regulatory_reference,GLOBAL_REFERENCE,,ISO_IEC_42001_2023,A.5.4,A.5.4,ISO_IEC_42001_2023-R-020,GLOBAL_REFERENCE||ISO42001-REF-A.5.4,PROV:ISO_IEC_42001_2023:METADATA,NOT_YET_LICENSED,blocked_until_licensed_content_and_human_review
ISO42001-REF-A.5.5,"Considerar y gobernar impacto social conforme al riesgo, impacto y contexto del sistema de IA.",regulatory_reference,GLOBAL_REFERENCE,,ISO_IEC_42001_2023,A.5.5,A.5.5,ISO_IEC_42001_2023-R-021,GLOBAL_REFERENCE||ISO42001-REF-A.5.5,PROV:ISO_IEC_42001_2023:METADATA,NOT_YET_LICENSED,blocked_until_licensed_content_and_human_review
ISO42001-REF-A.6.2,"Considerar y gobernar objetivos de desarrollo responsable de ia conforme al riesgo, impacto y contexto del sistema de IA.",regulatory_reference,GLOBAL_REFERENCE,,ISO_IEC_42001_2023,A.6.2,A.6.2,ISO_IEC_42001_2023-R-022,GLOBAL_REFERENCE||ISO42001-REF-A.6.2,PROV:ISO_IEC_42001_2023:METADATA,NOT_YET_LICENSED,blocked_until_licensed_content_and_human_review
ISO42001-REF-A.6.3,"Considerar y gobernar procesos para desarrollo responsable de ia conforme al riesgo, impacto y contexto del sistema de IA.",regulatory_reference,GLOBAL_REFERENCE,,ISO_IEC_42001_2023,A.6.3,A.6.3,ISO_IEC_42001_2023-R-023,GLOBAL_REFERENCE||ISO42001-REF-A.6.3,PROV:ISO_IEC_42001_2023:METADATA,NOT_YET_LICENSED,blocked_until_licensed_content_and_human_review
ISO42001-REF-A.6.4,"Considerar y gobernar requisitos del sistema ia conforme al riesgo, impacto y contexto del sistema de IA.",regulatory_reference,GLOBAL_REFERENCE,,ISO_IEC_42001_2023,A.6.4,A.6.4,ISO_IEC_42001_2023-R-024,GLOBAL_REFERENCE||ISO42001-REF-A.6.4,PROV:ISO_IEC_42001_2023:METADATA,NOT_YET_LICENSED,blocked_until_licensed_content_and_human_review
ISO42001-REF-A.6.5,"Considerar y gobernar documentación de diseño y desarrollo conforme al riesgo, impacto y contexto del sistema de IA.",regulatory_reference,GLOBAL_REFERENCE,,ISO_IEC_42001_2023,A.6.5,A.6.5,ISO_IEC_42001_2023-R-025,GLOBAL_REFERENCE||ISO42001-REF-A.6.5,PROV:ISO_IEC_42001_2023:METADATA,NOT_YET_LICENSED,blocked_until_licensed_content_and_human_review
ISO42001-REF-A.6.6,"Considerar y gobernar verificación y validación del sistema ia conforme al riesgo, impacto y contexto del sistema de IA.",regulatory_reference,GLOBAL_REFERENCE,,ISO_IEC_42001_2023,A.6.6,A.6.6,ISO_IEC_42001_2023-R-026,GLOBAL_REFERENCE||ISO42001-REF-A.6.6,PROV:ISO_IEC_42001_2023:METADATA,NOT_YET_LICENSED,blocked_until_licensed_content_and_human_review
ISO42001-REF-A.6.7,"Considerar y gobernar despliegue del sistema ia conforme al riesgo, impacto y contexto del sistema de IA.",regulatory_reference,GLOBAL_REFERENCE,,ISO_IEC_42001_2023,A.6.7,A.6.7,ISO_IEC_42001_2023-R-027,GLOBAL_REFERENCE||ISO42001-REF-A.6.7,PROV:ISO_IEC_42001_2023:METADATA,NOT_YET_LICENSED,blocked_until_licensed_content_and_human_review
ISO42001-REF-A.6.8,"Considerar y gobernar operación y monitoreo del sistema ia conforme al riesgo, impacto y contexto del sistema de IA.",regulatory_reference,GLOBAL_REFERENCE,,ISO_IEC_42001_2023,A.6.8,A.6.8,ISO_IEC_42001_2023-R-028,GLOBAL_REFERENCE||ISO42001-REF-A.6.8,PROV:ISO_IEC_42001_2023:METADATA,NOT_YET_LICENSED,blocked_until_licensed_content_and_human_review
ISO42001-REF-A.6.9,"Considerar y gobernar documentación técnica del sistema ia conforme al riesgo, impacto y contexto del sistema de IA.",regulatory_reference,GLOBAL_REFERENCE,,ISO_IEC_42001_2023,A.6.9,A.6.9,ISO_IEC_42001_2023-R-029,GLOBAL_REFERENCE||ISO42001-REF-A.6.9,PROV:ISO_IEC_42001_2023:METADATA,NOT_YET_LICENSED,blocked_until_licensed_content_and_human_review
ISO42001-REF-A.6.10,"Considerar y gobernar registro de eventos del sistema ia conforme al riesgo, impacto y contexto del sistema de IA.",regulatory_reference,GLOBAL_REFERENCE,,ISO_IEC_42001_2023,A.6.10,A.6.10,ISO_IEC_42001_2023-R-030,GLOBAL_REFERENCE||ISO42001-REF-A.6.10,PROV:ISO_IEC_42001_2023:METADATA,NOT_YET_LICENSED,blocked_until_licensed_content_and_human_review
ISO42001-REF-A.7.2,"Considerar y gobernar gestión de datos para ia conforme al riesgo, impacto y contexto del sistema de IA.",regulatory_reference,GLOBAL_REFERENCE,,ISO_IEC_42001_2023,A.7.2,A.7.2,ISO_IEC_42001_2023-R-031,GLOBAL_REFERENCE||ISO42001-REF-A.7.2,PROV:ISO_IEC_42001_2023:METADATA,NOT_YET_LICENSED,blocked_until_licensed_content_and_human_review
ISO42001-REF-A.7.3,"Considerar y gobernar adquisición de datos conforme al riesgo, impacto y contexto del sistema de IA.",regulatory_reference,GLOBAL_REFERENCE,,ISO_IEC_42001_2023,A.7.3,A.7.3,ISO_IEC_42001_2023-R-032,GLOBAL_REFERENCE||ISO42001-REF-A.7.3,PROV:ISO_IEC_42001_2023:METADATA,NOT_YET_LICENSED,blocked_until_licensed_content_and_human_review
ISO42001-REF-A.7.4,"Considerar y gobernar calidad de datos conforme al riesgo, impacto y contexto del sistema de IA.",regulatory_reference,GLOBAL_REFERENCE,,ISO_IEC_42001_2023,A.7.4,A.7.4,ISO_IEC_42001_2023-R-033,GLOBAL_REFERENCE||ISO42001-REF-A.7.4,PROV:ISO_IEC_42001_2023:METADATA,NOT_YET_LICENSED,blocked_until_licensed_content_and_human_review
ISO42001-REF-A.7.5,"Considerar y gobernar proveniencia de datos conforme al riesgo, impacto y contexto del sistema de IA.",regulatory_reference,GLOBAL_REFERENCE,,ISO_IEC_42001_2023,A.7.5,A.7.5,ISO_IEC_42001_2023-R-034,GLOBAL_REFERENCE||ISO42001-REF-A.7.5,PROV:ISO_IEC_42001_2023:METADATA,NOT_YET_LICENSED,blocked_until_licensed_content_and_human_review
ISO42001-REF-A.7.6,"Considerar y gobernar preparación de datos conforme al riesgo, impacto y contexto del sistema de IA.",regulatory_reference,GLOBAL_REFERENCE,,ISO_IEC_42001_2023,A.7.6,A.7.6,ISO_IEC_42001_2023-R-035,GLOBAL_REFERENCE||ISO42001-REF-A.7.6,PROV:ISO_IEC_42001_2023:METADATA,NOT_YET_LICENSED,blocked_until_licensed_content_and_human_review
ISO42001-REF-A.8.2,"Considerar y gobernar información y documentación para usuarios conforme al riesgo, impacto y contexto del sistema de IA.",regulatory_reference,GLOBAL_REFERENCE,,ISO_IEC_42001_2023,A.8.2,A.8.2,ISO_IEC_42001_2023-R-036,GLOBAL_REFERENCE||ISO42001-REF-A.8.2,PROV:ISO_IEC_42001_2023:METADATA,NOT_YET_LICENSED,blocked_until_licensed_content_and_human_review
ISO42001-REF-A.8.3,"Considerar y gobernar reporte externo sobre sistemas ia conforme al riesgo, impacto y contexto del sistema de IA.",regulatory_reference,GLOBAL_REFERENCE,,ISO_IEC_42001_2023,A.8.3,A.8.3,ISO_IEC_42001_2023-R-037,GLOBAL_REFERENCE||ISO42001-REF-A.8.3,PROV:ISO_IEC_42001_2023:METADATA,NOT_YET_LICENSED,blocked_until_licensed_content_and_human_review
ISO42001-REF-A.8.4,"Considerar y gobernar comunicación de incidentes ia conforme al riesgo, impacto y contexto del sistema de IA.",regulatory_reference,GLOBAL_REFERENCE,,ISO_IEC_42001_2023,A.8.4,A.8.4,ISO_IEC_42001_2023-R-038,GLOBAL_REFERENCE||ISO42001-REF-A.8.4,PROV:ISO_IEC_42001_2023:METADATA,NOT_YET_LICENSED,blocked_until_licensed_content_and_human_review
ISO42001-REF-A.8.5,"Considerar y gobernar información a partes interesadas conforme al riesgo, impacto y contexto del sistema de IA.",regulatory_reference,GLOBAL_REFERENCE,,ISO_IEC_42001_2023,A.8.5,A.8.5,ISO_IEC_42001_2023-R-039,GLOBAL_REFERENCE||ISO42001-REF-A.8.5,PROV:ISO_IEC_42001_2023:METADATA,NOT_YET_LICENSED,blocked_until_licensed_content_and_human_review
ISO42001-REF-A.9.2,"Considerar y gobernar procesos para uso responsable de ia conforme al riesgo, impacto y contexto del sistema de IA.",regulatory_reference,GLOBAL_REFERENCE,,ISO_IEC_42001_2023,A.9.2,A.9.2,ISO_IEC_42001_2023-R-040,GLOBAL_REFERENCE||ISO42001-REF-A.9.2,PROV:ISO_IEC_42001_2023:METADATA,NOT_YET_LICENSED,blocked_until_licensed_content_and_human_review
ISO42001-REF-A.9.3,"Considerar y gobernar objetivos para uso responsable de ia conforme al riesgo, impacto y contexto del sistema de IA.",regulatory_reference,GLOBAL_REFERENCE,,ISO_IEC_42001_2023,A.9.3,A.9.3,ISO_IEC_42001_2023-R-041,GLOBAL_REFERENCE||ISO42001-REF-A.9.3,PROV:ISO_IEC_42001_2023:METADATA,NOT_YET_LICENSED,blocked_until_licensed_content_and_human_review
ISO42001-REF-A.9.4,"Considerar y gobernar uso previsto del sistema ia conforme al riesgo, impacto y contexto del sistema de IA.",regulatory_reference,GLOBAL_REFERENCE,,ISO_IEC_42001_2023,A.9.4,A.9.4,ISO_IEC_42001_2023-R-042,GLOBAL_REFERENCE||ISO42001-REF-A.9.4,PROV:ISO_IEC_42001_2023:METADATA,NOT_YET_LICENSED,blocked_until_licensed_content_and_human_review
ISO42001-REF-A.10.2,"Considerar y gobernar asignación de responsabilidades con terceros conforme al riesgo, impacto y contexto del sistema de IA.",regulatory_reference,GLOBAL_REFERENCE,,ISO_IEC_42001_2023,A.10.2,A.10.2,ISO_IEC_42001_2023-R-043,GLOBAL_REFERENCE||ISO42001-REF-A.10.2,PROV:ISO_IEC_42001_2023:METADATA,NOT_YET_LICENSED,blocked_until_licensed_content_and_human_review
ISO42001-REF-A.10.3,"Considerar y gobernar proveedores de sistemas/servicios ia conforme al riesgo, impacto y contexto del sistema de IA.",regulatory_reference,GLOBAL_REFERENCE,,ISO_IEC_42001_2023,A.10.3,A.10.3,ISO_IEC_42001_2023-R-044,GLOBAL_REFERENCE||ISO42001-REF-A.10.3,PROV:ISO_IEC_42001_2023:METADATA,NOT_YET_LICENSED,blocked_until_licensed_content_and_human_review
ISO42001-REF-A.10.4,"Considerar y gobernar relaciones y obligaciones con clientes conforme al riesgo, impacto y contexto del sistema de IA.",regulatory_reference,GLOBAL_REFERENCE,,ISO_IEC_42001_2023,A.10.4,A.10.4,ISO_IEC_42001_2023-R-045,GLOBAL_REFERENCE||ISO42001-REF-A.10.4,PROV:ISO_IEC_42001_2023:METADATA,NOT_YET_LICENSED,blocked_until_licensed_content_and_human_review
