requirement_code,framework_code,framework_version_number,normative_unit_code,requirement_kind,statement_locator,summary_tcdx,licensed_statement,licensed_content_ref,content_language,content_hash,is_mandatory,applicability_guidance,evidence_expectations,tags,confidence,review_status,source_status,license_classification,ownership_class,tenant_id,effective_from,effective_to,provenance_ref,business_key,publication_eligibility
ISO_9001_2015-R-001,ISO_9001_2015,1,4,shall,4,"Determinar contexto, partes interesadas, alcance y sistema de gestión.",,,es,ce0988dd2ce9ae1fefe6c8d45bf7a0070e976daac77218fe553c5c7fc7032ab9,true,"Evaluar dentro del alcance, contexto y actividades del tenant; justificar no aplicabilidad cuando el marco lo permita.","Políticas, alcance, matrices, objetivos, registros operacionales, auditorías y revisión de dirección según cláusula.",MSS;clause_4,high,provisional,PROVISIONAL_SUPPORTING_REFERENCE,NOT_YET_LICENSED,GLOBAL_REFERENCE,,2015-09-22,2026-09-16,PROV:ISO_9001_2015:METADATA,ISO_9001_2015|1|ISO_9001_2015-R-001,blocked_until_licensed_content_and_human_review
ISO_9001_2015-R-002,ISO_9001_2015,1,5,shall,5,"Asegurar liderazgo, política, responsabilidades y rendición de cuentas.",,,es,368225028a8806dad39263c948fb1ecda13dacb40ddd67e9d16ffa806fb26f07,true,"Evaluar dentro del alcance, contexto y actividades del tenant; justificar no aplicabilidad cuando el marco lo permita.","Políticas, alcance, matrices, objetivos, registros operacionales, auditorías y revisión de dirección según cláusula.",MSS;clause_5,high,provisional,PROVISIONAL_SUPPORTING_REFERENCE,NOT_YET_LICENSED,GLOBAL_REFERENCE,,2015-09-22,2026-09-16,PROV:ISO_9001_2015:METADATA,ISO_9001_2015|1|ISO_9001_2015-R-002,blocked_until_licensed_content_and_human_review
ISO_9001_2015-R-003,ISO_9001_2015,1,6,shall,6,"Gestionar riesgos, oportunidades y objetivos del sistema de gestión.",,,es,b031470782100007c03f2b9f5826670c88a34653a0d379cd4a8e735d31c52cde,true,"Evaluar dentro del alcance, contexto y actividades del tenant; justificar no aplicabilidad cuando el marco lo permita.","Políticas, alcance, matrices, objetivos, registros operacionales, auditorías y revisión de dirección según cláusula.",MSS;clause_6,high,provisional,PROVISIONAL_SUPPORTING_REFERENCE,NOT_YET_LICENSED,GLOBAL_REFERENCE,,2015-09-22,2026-09-16,PROV:ISO_9001_2015:METADATA,ISO_9001_2015|1|ISO_9001_2015-R-003,blocked_until_licensed_content_and_human_review
ISO_9001_2015-R-004,ISO_9001_2015,1,7,shall,7,"Proveer recursos, competencia, conciencia, comunicación e información documentada.",,,es,e1cbc1439d741ec02c2cbec3b1eec1198cdfc797ac045e4996748c7a1aa42193,true,"Evaluar dentro del alcance, contexto y actividades del tenant; justificar no aplicabilidad cuando el marco lo permita.","Políticas, alcance, matrices, objetivos, registros operacionales, auditorías y revisión de dirección según cláusula.",MSS;clause_7,high,provisional,PROVISIONAL_SUPPORTING_REFERENCE,NOT_YET_LICENSED,GLOBAL_REFERENCE,,2015-09-22,2026-09-16,PROV:ISO_9001_2015:METADATA,ISO_9001_2015|1|ISO_9001_2015-R-004,blocked_until_licensed_content_and_human_review
ISO_9001_2015-R-005,ISO_9001_2015,1,8,shall,8,"Planificar, controlar y ejecutar procesos operacionales necesarios.",,,es,7e995f5499294caa4214c019a7bf2b647e61d030cf9d50ad61eadaee365f9263,true,"Evaluar dentro del alcance, contexto y actividades del tenant; justificar no aplicabilidad cuando el marco lo permita.","Políticas, alcance, matrices, objetivos, registros operacionales, auditorías y revisión de dirección según cláusula.",MSS;clause_8,high,provisional,PROVISIONAL_SUPPORTING_REFERENCE,NOT_YET_LICENSED,GLOBAL_REFERENCE,,2015-09-22,2026-09-16,PROV:ISO_9001_2015:METADATA,ISO_9001_2015|1|ISO_9001_2015-R-005,blocked_until_licensed_content_and_human_review
ISO_9001_2015-R-006,ISO_9001_2015,1,9,shall,9,"Monitorear, medir, auditar y revisar el desempeño del sistema.",,,es,bb3b1db5f03cc05dd7fb2456df8d85fccc958c136987feace1bccc43ba8591fe,true,"Evaluar dentro del alcance, contexto y actividades del tenant; justificar no aplicabilidad cuando el marco lo permita.","Políticas, alcance, matrices, objetivos, registros operacionales, auditorías y revisión de dirección según cláusula.",MSS;clause_9,high,provisional,PROVISIONAL_SUPPORTING_REFERENCE,NOT_YET_LICENSED,GLOBAL_REFERENCE,,2015-09-22,2026-09-16,PROV:ISO_9001_2015:METADATA,ISO_9001_2015|1|ISO_9001_2015-R-006,blocked_until_licensed_content_and_human_review
ISO_9001_2015-R-007,ISO_9001_2015,1,10,shall,10,"Gestionar no conformidades, acciones correctivas y mejora continua.",,,es,414cdc89931ddf0e818efed8139b1831a157f2b869df3bc7c1264ec8816aabaa,true,"Evaluar dentro del alcance, contexto y actividades del tenant; justificar no aplicabilidad cuando el marco lo permita.","Políticas, alcance, matrices, objetivos, registros operacionales, auditorías y revisión de dirección según cláusula.",MSS;clause_10,high,provisional,PROVISIONAL_SUPPORTING_REFERENCE,NOT_YET_LICENSED,GLOBAL_REFERENCE,,2015-09-22,2026-09-16,PROV:ISO_9001_2015:METADATA,ISO_9001_2015|1|ISO_9001_2015-R-007,blocked_until_licensed_content_and_human_review
ISO_9001_2026-R-001,ISO_9001_2026,1,4,shall,4,"Determinar contexto, partes interesadas, alcance y sistema de gestión.",,,es,6f355c8021837b049d50bb0b9e680a76029889893805d5bd67380b640e9bf0fc,true,"Evaluar dentro del alcance, contexto y actividades del tenant; justificar no aplicabilidad cuando el marco lo permita.","Políticas, alcance, matrices, objetivos, registros operacionales, auditorías y revisión de dirección según cláusula.",MSS;clause_4,high,provisional,PROVISIONAL_SUPPORTING_REFERENCE,NOT_YET_LICENSED,GLOBAL_REFERENCE,,2026-09-16,,PROV:ISO_9001_2026:METADATA,ISO_9001_2026|1|ISO_9001_2026-R-001,blocked_until_licensed_content_and_human_review
ISO_9001_2026-R-002,ISO_9001_2026,1,5,shall,5,"Asegurar liderazgo, política, responsabilidades y rendición de cuentas.",,,es,6da8ec37a1d55763843e1abe26e773f97df3181d77a1e42a03b7d51d28192f1f,true,"Evaluar dentro del alcance, contexto y actividades del tenant; justificar no aplicabilidad cuando el marco lo permita.","Políticas, alcance, matrices, objetivos, registros operacionales, auditorías y revisión de dirección según cláusula.",MSS;clause_5,high,provisional,PROVISIONAL_SUPPORTING_REFERENCE,NOT_YET_LICENSED,GLOBAL_REFERENCE,,2026-09-16,,PROV:ISO_9001_2026:METADATA,ISO_9001_2026|1|ISO_9001_2026-R-002,blocked_until_licensed_content_and_human_review
ISO_9001_2026-R-003,ISO_9001_2026,1,6,shall,6,"Gestionar riesgos, oportunidades y objetivos del sistema de gestión.",,,es,f178c5e313b259d625aa42bff4903fa60e080bc38269d4cdeba820f937f016c9,true,"Evaluar dentro del alcance, contexto y actividades del tenant; justificar no aplicabilidad cuando el marco lo permita.","Políticas, alcance, matrices, objetivos, registros operacionales, auditorías y revisión de dirección según cláusula.",MSS;clause_6,high,provisional,PROVISIONAL_SUPPORTING_REFERENCE,NOT_YET_LICENSED,GLOBAL_REFERENCE,,2026-09-16,,PROV:ISO_9001_2026:METADATA,ISO_9001_2026|1|ISO_9001_2026-R-003,blocked_until_licensed_content_and_human_review
ISO_9001_2026-R-004,ISO_9001_2026,1,7,shall,7,"Proveer recursos, competencia, conciencia, comunicación e información documentada.",,,es,96fa8243f0e58df3bbe050d65f66344d76582480e63bc382bb059bb62cad02c4,true,"Evaluar dentro del alcance, contexto y actividades del tenant; justificar no aplicabilidad cuando el marco lo permita.","Políticas, alcance, matrices, objetivos, registros operacionales, auditorías y revisión de dirección según cláusula.",MSS;clause_7,high,provisional,PROVISIONAL_SUPPORTING_REFERENCE,NOT_YET_LICENSED,GLOBAL_REFERENCE,,2026-09-16,,PROV:ISO_9001_2026:METADATA,ISO_9001_2026|1|ISO_9001_2026-R-004,blocked_until_licensed_content_and_human_review
ISO_9001_2026-R-005,ISO_9001_2026,1,8,shall,8,"Planificar, controlar y ejecutar procesos operacionales necesarios.",,,es,833b4e5184def6109a520cb9a391a37d1350ddb12051aab8ec110e22a92f019b,true,"Evaluar dentro del alcance, contexto y actividades del tenant; justificar no aplicabilidad cuando el marco lo permita.","Políticas, alcance, matrices, objetivos, registros operacionales, auditorías y revisión de dirección según cláusula.",MSS;clause_8,high,provisional,PROVISIONAL_SUPPORTING_REFERENCE,NOT_YET_LICENSED,GLOBAL_REFERENCE,,2026-09-16,,PROV:ISO_9001_2026:METADATA,ISO_9001_2026|1|ISO_9001_2026-R-005,blocked_until_licensed_content_and_human_review
ISO_9001_2026-R-006,ISO_9001_2026,1,9,shall,9,"Monitorear, medir, auditar y revisar el desempeño del sistema.",,,es,3616051066c894d338f7f910630ebc26d0637182d2233e8c512f553386e66ae6,true,"Evaluar dentro del alcance, contexto y actividades del tenant; justificar no aplicabilidad cuando el marco lo permita.","Políticas, alcance, matrices, objetivos, registros operacionales, auditorías y revisión de dirección según cláusula.",MSS;clause_9,high,provisional,PROVISIONAL_SUPPORTING_REFERENCE,NOT_YET_LICENSED,GLOBAL_REFERENCE,,2026-09-16,,PROV:ISO_9001_2026:METADATA,ISO_9001_2026|1|ISO_9001_2026-R-006,blocked_until_licensed_content_and_human_review
ISO_9001_2026-R-007,ISO_9001_2026,1,10,shall,10,"Gestionar no conformidades, acciones correctivas y mejora continua.",,,es,834da7dfd9b389020ad6ca18918a9ed9b93bca392d8885ef64ecd3e2582c402f,true,"Evaluar dentro del alcance, contexto y actividades del tenant; justificar no aplicabilidad cuando el marco lo permita.","Políticas, alcance, matrices, objetivos, registros operacionales, auditorías y revisión de dirección según cláusula.",MSS;clause_10,high,provisional,PROVISIONAL_SUPPORTING_REFERENCE,NOT_YET_LICENSED,GLOBAL_REFERENCE,,2026-09-16,,PROV:ISO_9001_2026:METADATA,ISO_9001_2026|1|ISO_9001_2026-R-007,blocked_until_licensed_content_and_human_review
ISO_IEC_27001_2022-R-001,ISO_IEC_27001_2022,1,4,shall,4,"Determinar contexto, partes interesadas, alcance y sistema de gestión.",,,es,a240574ae1a4a1dad4b96dff0b450e91c6f877084ab4da05be5b089a33d03256,true,"Evaluar dentro del alcance, contexto y actividades del tenant; justificar no aplicabilidad cuando el marco lo permita.","Políticas, alcance, matrices, objetivos, registros operacionales, auditorías y revisión de dirección según cláusula.",MSS;clause_4,high,provisional,PROVISIONAL_SUPPORTING_REFERENCE,NOT_YET_LICENSED,GLOBAL_REFERENCE,,2022-10-25,,PROV:ISO_IEC_27001_2022:METADATA,ISO_IEC_27001_2022|1|ISO_IEC_27001_2022-R-001,blocked_until_licensed_content_and_human_review
ISO_IEC_27001_2022-R-002,ISO_IEC_27001_2022,1,5,shall,5,"Asegurar liderazgo, política, responsabilidades y rendición de cuentas.",,,es,17c5a05bbc8724cbddbedf8f96885a1bc3a5ce33086ca184cdf9ab0515739f3e,true,"Evaluar dentro del alcance, contexto y actividades del tenant; justificar no aplicabilidad cuando el marco lo permita.","Políticas, alcance, matrices, objetivos, registros operacionales, auditorías y revisión de dirección según cláusula.",MSS;clause_5,high,provisional,PROVISIONAL_SUPPORTING_REFERENCE,NOT_YET_LICENSED,GLOBAL_REFERENCE,,2022-10-25,,PROV:ISO_IEC_27001_2022:METADATA,ISO_IEC_27001_2022|1|ISO_IEC_27001_2022-R-002,blocked_until_licensed_content_and_human_review
ISO_IEC_27001_2022-R-003,ISO_IEC_27001_2022,1,6,shall,6,"Gestionar riesgos, oportunidades y objetivos del sistema de gestión.",,,es,8248ae444573b61a1d462e6d1a78089a4663acf91812ed716654f7d0cac4929c,true,"Evaluar dentro del alcance, contexto y actividades del tenant; justificar no aplicabilidad cuando el marco lo permita.","Políticas, alcance, matrices, objetivos, registros operacionales, auditorías y revisión de dirección según cláusula.",MSS;clause_6,high,provisional,PROVISIONAL_SUPPORTING_REFERENCE,NOT_YET_LICENSED,GLOBAL_REFERENCE,,2022-10-25,,PROV:ISO_IEC_27001_2022:METADATA,ISO_IEC_27001_2022|1|ISO_IEC_27001_2022-R-003,blocked_until_licensed_content_and_human_review
ISO_IEC_27001_2022-R-004,ISO_IEC_27001_2022,1,7,shall,7,"Proveer recursos, competencia, conciencia, comunicación e información documentada.",,,es,104fa4ab5609ceb47a24ac12c5b333f79f7057b56d5582a76b8cd13323468b73,true,"Evaluar dentro del alcance, contexto y actividades del tenant; justificar no aplicabilidad cuando el marco lo permita.","Políticas, alcance, matrices, objetivos, registros operacionales, auditorías y revisión de dirección según cláusula.",MSS;clause_7,high,provisional,PROVISIONAL_SUPPORTING_REFERENCE,NOT_YET_LICENSED,GLOBAL_REFERENCE,,2022-10-25,,PROV:ISO_IEC_27001_2022:METADATA,ISO_IEC_27001_2022|1|ISO_IEC_27001_2022-R-004,blocked_until_licensed_content_and_human_review
ISO_IEC_27001_2022-R-005,ISO_IEC_27001_2022,1,8,shall,8,"Planificar, controlar y ejecutar procesos operacionales necesarios.",,,es,b7bf3afff54b633b08a11152efd686b200ba0406e04e5c0078e3547eb2d7e648,true,"Evaluar dentro del alcance, contexto y actividades del tenant; justificar no aplicabilidad cuando el marco lo permita.","Políticas, alcance, matrices, objetivos, registros operacionales, auditorías y revisión de dirección según cláusula.",MSS;clause_8,high,provisional,PROVISIONAL_SUPPORTING_REFERENCE,NOT_YET_LICENSED,GLOBAL_REFERENCE,,2022-10-25,,PROV:ISO_IEC_27001_2022:METADATA,ISO_IEC_27001_2022|1|ISO_IEC_27001_2022-R-005,blocked_until_licensed_content_and_human_review
ISO_IEC_27001_2022-R-006,ISO_IEC_27001_2022,1,9,shall,9,"Monitorear, medir, auditar y revisar el desempeño del sistema.",,,es,9f8e328a895a78f781403caa61b0e870e71faf0f07090d026cc50da8aa6ad727,true,"Evaluar dentro del alcance, contexto y actividades del tenant; justificar no aplicabilidad cuando el marco lo permita.","Políticas, alcance, matrices, objetivos, registros operacionales, auditorías y revisión de dirección según cláusula.",MSS;clause_9,high,provisional,PROVISIONAL_SUPPORTING_REFERENCE,NOT_YET_LICENSED,GLOBAL_REFERENCE,,2022-10-25,,PROV:ISO_IEC_27001_2022:METADATA,ISO_IEC_27001_2022|1|ISO_IEC_27001_2022-R-006,blocked_until_licensed_content_and_human_review
ISO_IEC_27001_2022-R-007,ISO_IEC_27001_2022,1,10,shall,10,"Gestionar no conformidades, acciones correctivas y mejora continua.",,,es,93f2485e1ccc4b433be35bc20aeec2966956221053b9cabdc3cfaacde870e93a,true,"Evaluar dentro del alcance, contexto y actividades del tenant; justificar no aplicabilidad cuando el marco lo permita.","Políticas, alcance, matrices, objetivos, registros operacionales, auditorías y revisión de dirección según cláusula.",MSS;clause_10,high,provisional,PROVISIONAL_SUPPORTING_REFERENCE,NOT_YET_LICENSED,GLOBAL_REFERENCE,,2022-10-25,,PROV:ISO_IEC_27001_2022:METADATA,ISO_IEC_27001_2022|1|ISO_IEC_27001_2022-R-007,blocked_until_licensed_content_and_human_review
ISO_IEC_42001_2023-R-001,ISO_IEC_42001_2023,1,4,shall,4,"Determinar contexto, partes interesadas, alcance y sistema de gestión.",,,es,2702e4a6b9060ff17efc0244f4b7e753341397034ff7e85e6f3a1bf3e5374d6d,true,"Evaluar dentro del alcance, contexto y actividades del tenant; justificar no aplicabilidad cuando el marco lo permita.","Políticas, alcance, matrices, objetivos, registros operacionales, auditorías y revisión de dirección según cláusula.",MSS;clause_4,high,provisional,PROVISIONAL_SUPPORTING_REFERENCE,NOT_YET_LICENSED,GLOBAL_REFERENCE,,2023-12,,PROV:ISO_IEC_42001_2023:METADATA,ISO_IEC_42001_2023|1|ISO_IEC_42001_2023-R-001,blocked_until_licensed_content_and_human_review
ISO_IEC_42001_2023-R-002,ISO_IEC_42001_2023,1,5,shall,5,"Asegurar liderazgo, política, responsabilidades y rendición de cuentas.",,,es,42b60328c215d8b147e90093b1fe80a87fa729057af3aaf58046cfee65437c63,true,"Evaluar dentro del alcance, contexto y actividades del tenant; justificar no aplicabilidad cuando el marco lo permita.","Políticas, alcance, matrices, objetivos, registros operacionales, auditorías y revisión de dirección según cláusula.",MSS;clause_5,high,provisional,PROVISIONAL_SUPPORTING_REFERENCE,NOT_YET_LICENSED,GLOBAL_REFERENCE,,2023-12,,PROV:ISO_IEC_42001_2023:METADATA,ISO_IEC_42001_2023|1|ISO_IEC_42001_2023-R-002,blocked_until_licensed_content_and_human_review
ISO_IEC_42001_2023-R-003,ISO_IEC_42001_2023,1,6,shall,6,"Gestionar riesgos, oportunidades y objetivos del sistema de gestión.",,,es,b041a0dd344d9fdd26b873184cd20d2183d5d74ad7a0e5708be92bd5a41e9619,true,"Evaluar dentro del alcance, contexto y actividades del tenant; justificar no aplicabilidad cuando el marco lo permita.","Políticas, alcance, matrices, objetivos, registros operacionales, auditorías y revisión de dirección según cláusula.",MSS;clause_6,high,provisional,PROVISIONAL_SUPPORTING_REFERENCE,NOT_YET_LICENSED,GLOBAL_REFERENCE,,2023-12,,PROV:ISO_IEC_42001_2023:METADATA,ISO_IEC_42001_2023|1|ISO_IEC_42001_2023-R-003,blocked_until_licensed_content_and_human_review
ISO_IEC_42001_2023-R-004,ISO_IEC_42001_2023,1,7,shall,7,"Proveer recursos, competencia, conciencia, comunicación e información documentada.",,,es,4677c60756fdcb90b60c6bc9c436e37b7d93b42b6c6b95e37b40399ba5be0fe0,true,"Evaluar dentro del alcance, contexto y actividades del tenant; justificar no aplicabilidad cuando el marco lo permita.","Políticas, alcance, matrices, objetivos, registros operacionales, auditorías y revisión de dirección según cláusula.",MSS;clause_7,high,provisional,PROVISIONAL_SUPPORTING_REFERENCE,NOT_YET_LICENSED,GLOBAL_REFERENCE,,2023-12,,PROV:ISO_IEC_42001_2023:METADATA,ISO_IEC_42001_2023|1|ISO_IEC_42001_2023-R-004,blocked_until_licensed_content_and_human_review
ISO_IEC_42001_2023-R-005,ISO_IEC_42001_2023,1,8,shall,8,"Planificar, controlar y ejecutar procesos operacionales necesarios.",,,es,82f8631744081e0b27c522ad241fdc4a8cfe9e5d8098150ab90e6cb4d8b2a5ac,true,"Evaluar dentro del alcance, contexto y actividades del tenant; justificar no aplicabilidad cuando el marco lo permita.","Políticas, alcance, matrices, objetivos, registros operacionales, auditorías y revisión de dirección según cláusula.",MSS;clause_8,high,provisional,PROVISIONAL_SUPPORTING_REFERENCE,NOT_YET_LICENSED,GLOBAL_REFERENCE,,2023-12,,PROV:ISO_IEC_42001_2023:METADATA,ISO_IEC_42001_2023|1|ISO_IEC_42001_2023-R-005,blocked_until_licensed_content_and_human_review
ISO_IEC_42001_2023-R-006,ISO_IEC_42001_2023,1,9,shall,9,"Monitorear, medir, auditar y revisar el desempeño del sistema.",,,es,3c55ca630353159534e04697985079a88d959e760aa638ccc7490f692f798933,true,"Evaluar dentro del alcance, contexto y actividades del tenant; justificar no aplicabilidad cuando el marco lo permita.","Políticas, alcance, matrices, objetivos, registros operacionales, auditorías y revisión de dirección según cláusula.",MSS;clause_9,high,provisional,PROVISIONAL_SUPPORTING_REFERENCE,NOT_YET_LICENSED,GLOBAL_REFERENCE,,2023-12,,PROV:ISO_IEC_42001_2023:METADATA,ISO_IEC_42001_2023|1|ISO_IEC_42001_2023-R-006,blocked_until_licensed_content_and_human_review
ISO_IEC_42001_2023-R-007,ISO_IEC_42001_2023,1,10,shall,10,"Gestionar no conformidades, acciones correctivas y mejora continua.",,,es,8cbc7623c9bfe6fa5ce38568c6a6d45be078cdf1380a3c008c2ba0f523dfcc4d,true,"Evaluar dentro del alcance, contexto y actividades del tenant; justificar no aplicabilidad cuando el marco lo permita.","Políticas, alcance, matrices, objetivos, registros operacionales, auditorías y revisión de dirección según cláusula.",MSS;clause_10,high,provisional,PROVISIONAL_SUPPORTING_REFERENCE,NOT_YET_LICENSED,GLOBAL_REFERENCE,,2023-12,,PROV:ISO_IEC_42001_2023:METADATA,ISO_IEC_42001_2023|1|ISO_IEC_42001_2023-R-007,blocked_until_licensed_content_and_human_review
ISO_9001_2015-R-008,ISO_9001_2015,1,4.1,shall,4.1,Mantener comprensión de cuestiones internas y externas pertinentes al SGC.,,,es,0a942c51c63c1b92981a1a477bf2376f9608a95cda1cd613a31d392af4342344,true,"Evaluar dentro del alcance, contexto y actividades del tenant; justificar no aplicabilidad cuando el marco lo permita.",Procedimiento/registro/indicador/aprobación o evidencia operacional pertinente.,QMS,high,provisional,PROVISIONAL_SUPPORTING_REFERENCE,NOT_YET_LICENSED,GLOBAL_REFERENCE,,2015-09-22,2026-09-16,PROV:ISO_9001_2015:METADATA,ISO_9001_2015|1|ISO_9001_2015-R-008,blocked_until_licensed_content_and_human_review
ISO_9001_2015-R-009,ISO_9001_2015,1,4.2,shall,4.2,Identificar partes interesadas pertinentes y sus requisitos relevantes.,,,es,160d002075e946882c64995b4a7a815326e8683482e2e6a5bf351dc790b0075f,true,"Evaluar dentro del alcance, contexto y actividades del tenant; justificar no aplicabilidad cuando el marco lo permita.",Procedimiento/registro/indicador/aprobación o evidencia operacional pertinente.,QMS,high,provisional,PROVISIONAL_SUPPORTING_REFERENCE,NOT_YET_LICENSED,GLOBAL_REFERENCE,,2015-09-22,2026-09-16,PROV:ISO_9001_2015:METADATA,ISO_9001_2015|1|ISO_9001_2015-R-009,blocked_until_licensed_content_and_human_review
ISO_9001_2015-R-010,ISO_9001_2015,1,4.3,shall,4.3,Definir y mantener el alcance del sistema de gestión de calidad.,,,es,506dfa77319c33065d0745d8a0774600165d8d0b8e958d3019379b90f0cb0b76,true,"Evaluar dentro del alcance, contexto y actividades del tenant; justificar no aplicabilidad cuando el marco lo permita.",Procedimiento/registro/indicador/aprobación o evidencia operacional pertinente.,QMS,high,provisional,PROVISIONAL_SUPPORTING_REFERENCE,NOT_YET_LICENSED,GLOBAL_REFERENCE,,2015-09-22,2026-09-16,PROV:ISO_9001_2015:METADATA,ISO_9001_2015|1|ISO_9001_2015-R-010,blocked_until_licensed_content_and_human_review
ISO_9001_2015-R-011,ISO_9001_2015,1,4.4,shall,4.4,"Definir, operar, medir y mejorar los procesos e interacciones del SGC.",,,es,a83584ba0c8e76afa3fcd073ba2657773ef49b88901c2f7f0fc0ae94261e579e,true,"Evaluar dentro del alcance, contexto y actividades del tenant; justificar no aplicabilidad cuando el marco lo permita.",Procedimiento/registro/indicador/aprobación o evidencia operacional pertinente.,QMS,high,provisional,PROVISIONAL_SUPPORTING_REFERENCE,NOT_YET_LICENSED,GLOBAL_REFERENCE,,2015-09-22,2026-09-16,PROV:ISO_9001_2015:METADATA,ISO_9001_2015|1|ISO_9001_2015-R-011,blocked_until_licensed_content_and_human_review
ISO_9001_2015-R-012,ISO_9001_2015,1,5.1,shall,5.1,La alta dirección debe demostrar liderazgo y compromiso con el SGC.,,,es,3789de4a13b888ef9d4b2ad9b9ef0997983e39c271b68980d764e29a6c1b7d40,true,"Evaluar dentro del alcance, contexto y actividades del tenant; justificar no aplicabilidad cuando el marco lo permita.",Procedimiento/registro/indicador/aprobación o evidencia operacional pertinente.,QMS,high,provisional,PROVISIONAL_SUPPORTING_REFERENCE,NOT_YET_LICENSED,GLOBAL_REFERENCE,,2015-09-22,2026-09-16,PROV:ISO_9001_2015:METADATA,ISO_9001_2015|1|ISO_9001_2015-R-012,blocked_until_licensed_content_and_human_review
ISO_9001_2015-R-013,ISO_9001_2015,1,5.2,shall,5.2,"Establecer, comunicar y mantener una política de calidad apropiada.",,,es,0e363fb0235442292522f01c3b70daa91687146e3d49e9cc319444ce827a392a,true,"Evaluar dentro del alcance, contexto y actividades del tenant; justificar no aplicabilidad cuando el marco lo permita.",Procedimiento/registro/indicador/aprobación o evidencia operacional pertinente.,QMS,high,provisional,PROVISIONAL_SUPPORTING_REFERENCE,NOT_YET_LICENSED,GLOBAL_REFERENCE,,2015-09-22,2026-09-16,PROV:ISO_9001_2015:METADATA,ISO_9001_2015|1|ISO_9001_2015-R-013,blocked_until_licensed_content_and_human_review
ISO_9001_2015-R-014,ISO_9001_2015,1,5.3,shall,5.3,Asignar y comunicar responsabilidades y autoridades pertinentes.,,,es,a3ec4e8254570c1f01394875f5a611a3ca2409a131132cf9d59c871c39f7278c,true,"Evaluar dentro del alcance, contexto y actividades del tenant; justificar no aplicabilidad cuando el marco lo permita.",Procedimiento/registro/indicador/aprobación o evidencia operacional pertinente.,QMS,high,provisional,PROVISIONAL_SUPPORTING_REFERENCE,NOT_YET_LICENSED,GLOBAL_REFERENCE,,2015-09-22,2026-09-16,PROV:ISO_9001_2015:METADATA,ISO_9001_2015|1|ISO_9001_2015-R-014,blocked_until_licensed_content_and_human_review
ISO_9001_2015-R-015,ISO_9001_2015,1,6.1,shall,6.1,Determinar riesgos y oportunidades y planificar acciones proporcionadas.,,,es,728f1d13aeddbc977c76ad318db3977a33b750e1a771f58c0b0b7a782ef7fd6a,true,"Evaluar dentro del alcance, contexto y actividades del tenant; justificar no aplicabilidad cuando el marco lo permita.",Procedimiento/registro/indicador/aprobación o evidencia operacional pertinente.,QMS,high,provisional,PROVISIONAL_SUPPORTING_REFERENCE,NOT_YET_LICENSED,GLOBAL_REFERENCE,,2015-09-22,2026-09-16,PROV:ISO_9001_2015:METADATA,ISO_9001_2015|1|ISO_9001_2015-R-015,blocked_until_licensed_content_and_human_review
ISO_9001_2015-R-016,ISO_9001_2015,1,6.2,shall,6.2,Establecer objetivos medibles y planes para lograrlos.,,,es,e65f55c55a07fd87fe928c5c152f5bef6a8944db99d5aa69572d6724d8fa9a0e,true,"Evaluar dentro del alcance, contexto y actividades del tenant; justificar no aplicabilidad cuando el marco lo permita.",Procedimiento/registro/indicador/aprobación o evidencia operacional pertinente.,QMS,high,provisional,PROVISIONAL_SUPPORTING_REFERENCE,NOT_YET_LICENSED,GLOBAL_REFERENCE,,2015-09-22,2026-09-16,PROV:ISO_9001_2015:METADATA,ISO_9001_2015|1|ISO_9001_2015-R-016,blocked_until_licensed_content_and_human_review
ISO_9001_2015-R-017,ISO_9001_2015,1,6.3,shall,6.3,Gestionar cambios al SGC de manera planificada.,,,es,9d7da866905da354b784bc261c6badaf1355de608c549b473720afdc3d7daf5c,true,"Evaluar dentro del alcance, contexto y actividades del tenant; justificar no aplicabilidad cuando el marco lo permita.",Procedimiento/registro/indicador/aprobación o evidencia operacional pertinente.,QMS,high,provisional,PROVISIONAL_SUPPORTING_REFERENCE,NOT_YET_LICENSED,GLOBAL_REFERENCE,,2015-09-22,2026-09-16,PROV:ISO_9001_2015:METADATA,ISO_9001_2015|1|ISO_9001_2015-R-017,blocked_until_licensed_content_and_human_review
ISO_9001_2015-R-018,ISO_9001_2015,1,7.1,shall,7.1,"Determinar y proporcionar personas, infraestructura, ambiente, seguimiento/medición y conocimiento organizacional.",,,es,76fcbe36e21749b27d309f9e6c0de7fc05cda9ee35f5dc06804c5e4798b7ceff,true,"Evaluar dentro del alcance, contexto y actividades del tenant; justificar no aplicabilidad cuando el marco lo permita.",Procedimiento/registro/indicador/aprobación o evidencia operacional pertinente.,QMS,high,provisional,PROVISIONAL_SUPPORTING_REFERENCE,NOT_YET_LICENSED,GLOBAL_REFERENCE,,2015-09-22,2026-09-16,PROV:ISO_9001_2015:METADATA,ISO_9001_2015|1|ISO_9001_2015-R-018,blocked_until_licensed_content_and_human_review
ISO_9001_2015-R-019,ISO_9001_2015,1,7.2,shall,7.2,Asegurar competencia y conservar evidencia apropiada.,,,es,4a42798f01f4150de020f4e44d1efdd30c913a07b7c01322fe28cf00e7a0c505,true,"Evaluar dentro del alcance, contexto y actividades del tenant; justificar no aplicabilidad cuando el marco lo permita.",Procedimiento/registro/indicador/aprobación o evidencia operacional pertinente.,QMS,high,provisional,PROVISIONAL_SUPPORTING_REFERENCE,NOT_YET_LICENSED,GLOBAL_REFERENCE,,2015-09-22,2026-09-16,PROV:ISO_9001_2015:METADATA,ISO_9001_2015|1|ISO_9001_2015-R-019,blocked_until_licensed_content_and_human_review
ISO_9001_2015-R-020,ISO_9001_2015,1,7.3,shall,7.3,"Asegurar conciencia sobre política, objetivos, contribución e implicancias.",,,es,96bbcb5a74c2918a89206304b48b71fc9b1d4e683a00635ccb68a9428927113c,true,"Evaluar dentro del alcance, contexto y actividades del tenant; justificar no aplicabilidad cuando el marco lo permita.",Procedimiento/registro/indicador/aprobación o evidencia operacional pertinente.,QMS,high,provisional,PROVISIONAL_SUPPORTING_REFERENCE,NOT_YET_LICENSED,GLOBAL_REFERENCE,,2015-09-22,2026-09-16,PROV:ISO_9001_2015:METADATA,ISO_9001_2015|1|ISO_9001_2015-R-020,blocked_until_licensed_content_and_human_review
ISO_9001_2015-R-021,ISO_9001_2015,1,7.4,shall,7.4,Determinar comunicaciones internas y externas pertinentes.,,,es,c0503c961fdcfd06dd5db7308d3f69d7ecf18fc7b2be54245ef1e0ac1ca6e5eb,true,"Evaluar dentro del alcance, contexto y actividades del tenant; justificar no aplicabilidad cuando el marco lo permita.",Procedimiento/registro/indicador/aprobación o evidencia operacional pertinente.,QMS,high,provisional,PROVISIONAL_SUPPORTING_REFERENCE,NOT_YET_LICENSED,GLOBAL_REFERENCE,,2015-09-22,2026-09-16,PROV:ISO_9001_2015:METADATA,ISO_9001_2015|1|ISO_9001_2015-R-021,blocked_until_licensed_content_and_human_review
ISO_9001_2015-R-022,ISO_9001_2015,1,7.5,shall,7.5,"Crear, actualizar y controlar la información documentada necesaria.",,,es,d4f04dfc49296558145c277b9d9a0278de8a7c30f91660fc578868df1f63336b,true,"Evaluar dentro del alcance, contexto y actividades del tenant; justificar no aplicabilidad cuando el marco lo permita.",Procedimiento/registro/indicador/aprobación o evidencia operacional pertinente.,QMS,high,provisional,PROVISIONAL_SUPPORTING_REFERENCE,NOT_YET_LICENSED,GLOBAL_REFERENCE,,2015-09-22,2026-09-16,PROV:ISO_9001_2015:METADATA,ISO_9001_2015|1|ISO_9001_2015-R-022,blocked_until_licensed_content_and_human_review
ISO_9001_2015-R-023,ISO_9001_2015,1,8.1,shall,8.1,Planificar y controlar procesos necesarios para cumplir requisitos.,,,es,2d4b1e6b6cc94a3fa836e405a3e9d6a5892164cfb1dc6c51d16661026c6b44c4,true,"Evaluar dentro del alcance, contexto y actividades del tenant; justificar no aplicabilidad cuando el marco lo permita.",Procedimiento/registro/indicador/aprobación o evidencia operacional pertinente.,QMS,high,provisional,PROVISIONAL_SUPPORTING_REFERENCE,NOT_YET_LICENSED,GLOBAL_REFERENCE,,2015-09-22,2026-09-16,PROV:ISO_9001_2015:METADATA,ISO_9001_2015|1|ISO_9001_2015-R-023,blocked_until_licensed_content_and_human_review
ISO_9001_2015-R-024,ISO_9001_2015,1,8.2,shall,8.2,Gestionar comunicación con clientes y determinar/revisar requisitos.,,,es,0cc3f2c0da2f68ff88a9e32792ebbdd7638b570a45e4871f10a9cbf4191ccf22,true,"Evaluar dentro del alcance, contexto y actividades del tenant; justificar no aplicabilidad cuando el marco lo permita.",Procedimiento/registro/indicador/aprobación o evidencia operacional pertinente.,QMS,high,provisional,PROVISIONAL_SUPPORTING_REFERENCE,NOT_YET_LICENSED,GLOBAL_REFERENCE,,2015-09-22,2026-09-16,PROV:ISO_9001_2015:METADATA,ISO_9001_2015|1|ISO_9001_2015-R-024,blocked_until_licensed_content_and_human_review
ISO_9001_2015-R-025,ISO_9001_2015,1,8.3,shall,8.3,Planificar y controlar diseño y desarrollo cuando sea aplicable.,,,es,bb62817ed3edacfdb58ec9343cbec81e7e82c740eb14fe328eeed97b8d0f2625,true,"Evaluar dentro del alcance, contexto y actividades del tenant; justificar no aplicabilidad cuando el marco lo permita.",Procedimiento/registro/indicador/aprobación o evidencia operacional pertinente.,QMS,high,provisional,PROVISIONAL_SUPPORTING_REFERENCE,NOT_YET_LICENSED,GLOBAL_REFERENCE,,2015-09-22,2026-09-16,PROV:ISO_9001_2015:METADATA,ISO_9001_2015|1|ISO_9001_2015-R-025,blocked_until_licensed_content_and_human_review
ISO_9001_2015-R-026,ISO_9001_2015,1,8.4,shall,8.4,"Controlar procesos, productos y servicios suministrados externamente.",,,es,88fb4bcec6b87ba7f69855d20458320e4ba7bc2bcc92493e33e94efee67da665,true,"Evaluar dentro del alcance, contexto y actividades del tenant; justificar no aplicabilidad cuando el marco lo permita.",Procedimiento/registro/indicador/aprobación o evidencia operacional pertinente.,QMS,high,provisional,PROVISIONAL_SUPPORTING_REFERENCE,NOT_YET_LICENSED,GLOBAL_REFERENCE,,2015-09-22,2026-09-16,PROV:ISO_9001_2015:METADATA,ISO_9001_2015|1|ISO_9001_2015-R-026,blocked_until_licensed_content_and_human_review
ISO_9001_2015-R-027,ISO_9001_2015,1,8.5,shall,8.5,"Controlar provisión, identificación, propiedad, preservación y cambios.",,,es,72ab3bae96f46b8a45baa71e0573a53805c4690672d56028ce868689c78755fa,true,"Evaluar dentro del alcance, contexto y actividades del tenant; justificar no aplicabilidad cuando el marco lo permita.",Procedimiento/registro/indicador/aprobación o evidencia operacional pertinente.,QMS,high,provisional,PROVISIONAL_SUPPORTING_REFERENCE,NOT_YET_LICENSED,GLOBAL_REFERENCE,,2015-09-22,2026-09-16,PROV:ISO_9001_2015:METADATA,ISO_9001_2015|1|ISO_9001_2015-R-027,blocked_until_licensed_content_and_human_review
ISO_9001_2015-R-028,ISO_9001_2015,1,8.6,shall,8.6,Verificar criterios antes de liberar productos o servicios.,,,es,f7ef965da1b475af653b3cb352d0c9f24a61b17048fb9e5d4826dbf60a654fee,true,"Evaluar dentro del alcance, contexto y actividades del tenant; justificar no aplicabilidad cuando el marco lo permita.",Procedimiento/registro/indicador/aprobación o evidencia operacional pertinente.,QMS,high,provisional,PROVISIONAL_SUPPORTING_REFERENCE,NOT_YET_LICENSED,GLOBAL_REFERENCE,,2015-09-22,2026-09-16,PROV:ISO_9001_2015:METADATA,ISO_9001_2015|1|ISO_9001_2015-R-028,blocked_until_licensed_content_and_human_review
ISO_9001_2015-R-029,ISO_9001_2015,1,8.7,shall,8.7,Identificar y controlar salidas no conformes.,,,es,807a62c7a3d3ac7597c2c943ed2b17d115709fc32b2d92998d10044b41745f97,true,"Evaluar dentro del alcance, contexto y actividades del tenant; justificar no aplicabilidad cuando el marco lo permita.",Procedimiento/registro/indicador/aprobación o evidencia operacional pertinente.,QMS,high,provisional,PROVISIONAL_SUPPORTING_REFERENCE,NOT_YET_LICENSED,GLOBAL_REFERENCE,,2015-09-22,2026-09-16,PROV:ISO_9001_2015:METADATA,ISO_9001_2015|1|ISO_9001_2015-R-029,blocked_until_licensed_content_and_human_review
ISO_9001_2015-R-030,ISO_9001_2015,1,9.1,shall,9.1,"Definir seguimiento, medición, análisis, evaluación y satisfacción del cliente.",,,es,f7010caea102aea775947526bb0a0c393ad4790986446a607af7185651446f65,true,"Evaluar dentro del alcance, contexto y actividades del tenant; justificar no aplicabilidad cuando el marco lo permita.",Procedimiento/registro/indicador/aprobación o evidencia operacional pertinente.,QMS,high,provisional,PROVISIONAL_SUPPORTING_REFERENCE,NOT_YET_LICENSED,GLOBAL_REFERENCE,,2015-09-22,2026-09-16,PROV:ISO_9001_2015:METADATA,ISO_9001_2015|1|ISO_9001_2015-R-030,blocked_until_licensed_content_and_human_review
ISO_9001_2015-R-031,ISO_9001_2015,1,9.2,shall,9.2,Ejecutar auditorías internas planificadas e imparciales.,,,es,d95798c28108f400e4744372155621a6eee5a0aa89767527039a3c2289ae214a,true,"Evaluar dentro del alcance, contexto y actividades del tenant; justificar no aplicabilidad cuando el marco lo permita.",Procedimiento/registro/indicador/aprobación o evidencia operacional pertinente.,QMS,high,provisional,PROVISIONAL_SUPPORTING_REFERENCE,NOT_YET_LICENSED,GLOBAL_REFERENCE,,2015-09-22,2026-09-16,PROV:ISO_9001_2015:METADATA,ISO_9001_2015|1|ISO_9001_2015-R-031,blocked_until_licensed_content_and_human_review
ISO_9001_2015-R-032,ISO_9001_2015,1,9.3,shall,9.3,"Revisar periódicamente adecuación, suficiencia y eficacia del SGC.",,,es,9f91822639215af217de0208095fa168ab39614e9e537f54bb789aac3c55ce42,true,"Evaluar dentro del alcance, contexto y actividades del tenant; justificar no aplicabilidad cuando el marco lo permita.",Procedimiento/registro/indicador/aprobación o evidencia operacional pertinente.,QMS,high,provisional,PROVISIONAL_SUPPORTING_REFERENCE,NOT_YET_LICENSED,GLOBAL_REFERENCE,,2015-09-22,2026-09-16,PROV:ISO_9001_2015:METADATA,ISO_9001_2015|1|ISO_9001_2015-R-032,blocked_until_licensed_content_and_human_review
ISO_9001_2015-R-033,ISO_9001_2015,1,10.1,shall,10.1,Determinar oportunidades de mejora y acciones necesarias.,,,es,1c5edf525398f2b96fff3b3ce4a09b2e72898e53afb2b1fefdc8485ed230fd40,true,"Evaluar dentro del alcance, contexto y actividades del tenant; justificar no aplicabilidad cuando el marco lo permita.",Procedimiento/registro/indicador/aprobación o evidencia operacional pertinente.,QMS,high,provisional,PROVISIONAL_SUPPORTING_REFERENCE,NOT_YET_LICENSED,GLOBAL_REFERENCE,,2015-09-22,2026-09-16,PROV:ISO_9001_2015:METADATA,ISO_9001_2015|1|ISO_9001_2015-R-033,blocked_until_licensed_content_and_human_review
ISO_9001_2015-R-034,ISO_9001_2015,1,10.2,shall,10.2,"Reaccionar, corregir causas y verificar eficacia de acciones correctivas.",,,es,6677e663ba9ab777766b6e151ce703741de7684c70188d6796a48c8b1ed46ab4,true,"Evaluar dentro del alcance, contexto y actividades del tenant; justificar no aplicabilidad cuando el marco lo permita.",Procedimiento/registro/indicador/aprobación o evidencia operacional pertinente.,QMS,high,provisional,PROVISIONAL_SUPPORTING_REFERENCE,NOT_YET_LICENSED,GLOBAL_REFERENCE,,2015-09-22,2026-09-16,PROV:ISO_9001_2015:METADATA,ISO_9001_2015|1|ISO_9001_2015-R-034,blocked_until_licensed_content_and_human_review
ISO_9001_2015-R-035,ISO_9001_2015,1,10.3,shall,10.3,"Mejorar continuamente la adecuación, suficiencia y eficacia del SGC.",,,es,2e48832711692f096dda9670959b538d87b0d4d70b63a7c78f83ddd3ce286ad9,true,"Evaluar dentro del alcance, contexto y actividades del tenant; justificar no aplicabilidad cuando el marco lo permita.",Procedimiento/registro/indicador/aprobación o evidencia operacional pertinente.,QMS,high,provisional,PROVISIONAL_SUPPORTING_REFERENCE,NOT_YET_LICENSED,GLOBAL_REFERENCE,,2015-09-22,2026-09-16,PROV:ISO_9001_2015:METADATA,ISO_9001_2015|1|ISO_9001_2015-R-035,blocked_until_licensed_content_and_human_review
ISO_9001_2026-R-008,ISO_9001_2026,1,4.1,shall,4.1,Mantener comprensión de cuestiones internas y externas pertinentes al SGC.,,,es,15590f7e864df1a7217c1bee92de79214ebf47ea71b1292311a92472befea6e4,true,"Evaluar dentro del alcance, contexto y actividades del tenant; justificar no aplicabilidad cuando el marco lo permita.",Procedimiento/registro/indicador/aprobación o evidencia operacional pertinente.,QMS,medium,provisional,PROVISIONAL_SUPPORTING_REFERENCE,NOT_YET_LICENSED,GLOBAL_REFERENCE,,2026-09-16,,PROV:ISO_9001_2026:METADATA,ISO_9001_2026|1|ISO_9001_2026-R-008,blocked_until_licensed_content_and_human_review
ISO_9001_2026-R-009,ISO_9001_2026,1,4.2,shall,4.2,Identificar partes interesadas pertinentes y sus requisitos relevantes.,,,es,b47e1f000c5d7c8de62d3e20398828db7995b515ddf75544b8b91de9e7f9ca3c,true,"Evaluar dentro del alcance, contexto y actividades del tenant; justificar no aplicabilidad cuando el marco lo permita.",Procedimiento/registro/indicador/aprobación o evidencia operacional pertinente.,QMS,medium,provisional,PROVISIONAL_SUPPORTING_REFERENCE,NOT_YET_LICENSED,GLOBAL_REFERENCE,,2026-09-16,,PROV:ISO_9001_2026:METADATA,ISO_9001_2026|1|ISO_9001_2026-R-009,blocked_until_licensed_content_and_human_review
ISO_9001_2026-R-010,ISO_9001_2026,1,4.3,shall,4.3,Definir y mantener el alcance del sistema de gestión de calidad.,,,es,2007c686097c417f6c62d6424c2804328db34a882bc823c5e1086fd41d1bf05f,true,"Evaluar dentro del alcance, contexto y actividades del tenant; justificar no aplicabilidad cuando el marco lo permita.",Procedimiento/registro/indicador/aprobación o evidencia operacional pertinente.,QMS,medium,provisional,PROVISIONAL_SUPPORTING_REFERENCE,NOT_YET_LICENSED,GLOBAL_REFERENCE,,2026-09-16,,PROV:ISO_9001_2026:METADATA,ISO_9001_2026|1|ISO_9001_2026-R-010,blocked_until_licensed_content_and_human_review
ISO_9001_2026-R-011,ISO_9001_2026,1,4.4,shall,4.4,"Definir, operar, medir y mejorar los procesos e interacciones del SGC.",,,es,045fedd31638b00bf3abf6dae262d1763e60270a7d0fe8ee150eb81e69f57a8d,true,"Evaluar dentro del alcance, contexto y actividades del tenant; justificar no aplicabilidad cuando el marco lo permita.",Procedimiento/registro/indicador/aprobación o evidencia operacional pertinente.,QMS,medium,provisional,PROVISIONAL_SUPPORTING_REFERENCE,NOT_YET_LICENSED,GLOBAL_REFERENCE,,2026-09-16,,PROV:ISO_9001_2026:METADATA,ISO_9001_2026|1|ISO_9001_2026-R-011,blocked_until_licensed_content_and_human_review
ISO_9001_2026-R-012,ISO_9001_2026,1,5.1,shall,5.1,La alta dirección debe demostrar liderazgo y compromiso con el SGC.,,,es,4b056911e7a511cb520a9b24e4167f163ced2e8667378ac89d4772354c33d5f9,true,"Evaluar dentro del alcance, contexto y actividades del tenant; justificar no aplicabilidad cuando el marco lo permita.",Procedimiento/registro/indicador/aprobación o evidencia operacional pertinente.,QMS,medium,provisional,PROVISIONAL_SUPPORTING_REFERENCE,NOT_YET_LICENSED,GLOBAL_REFERENCE,,2026-09-16,,PROV:ISO_9001_2026:METADATA,ISO_9001_2026|1|ISO_9001_2026-R-012,blocked_until_licensed_content_and_human_review
ISO_9001_2026-R-013,ISO_9001_2026,1,5.2,shall,5.2,"Establecer, comunicar y mantener una política de calidad apropiada.",,,es,7ca1aa904d56fb2d9352c8807fc08ab226c4502ac07b870954def15409889ea1,true,"Evaluar dentro del alcance, contexto y actividades del tenant; justificar no aplicabilidad cuando el marco lo permita.",Procedimiento/registro/indicador/aprobación o evidencia operacional pertinente.,QMS,medium,provisional,PROVISIONAL_SUPPORTING_REFERENCE,NOT_YET_LICENSED,GLOBAL_REFERENCE,,2026-09-16,,PROV:ISO_9001_2026:METADATA,ISO_9001_2026|1|ISO_9001_2026-R-013,blocked_until_licensed_content_and_human_review
ISO_9001_2026-R-014,ISO_9001_2026,1,5.3,shall,5.3,Asignar y comunicar responsabilidades y autoridades pertinentes.,,,es,aa01d1eeeda60d3f960193d44db435ca9fc82dd6dc86f97852b2b4b14b4ac526,true,"Evaluar dentro del alcance, contexto y actividades del tenant; justificar no aplicabilidad cuando el marco lo permita.",Procedimiento/registro/indicador/aprobación o evidencia operacional pertinente.,QMS,medium,provisional,PROVISIONAL_SUPPORTING_REFERENCE,NOT_YET_LICENSED,GLOBAL_REFERENCE,,2026-09-16,,PROV:ISO_9001_2026:METADATA,ISO_9001_2026|1|ISO_9001_2026-R-014,blocked_until_licensed_content_and_human_review
ISO_9001_2026-R-015,ISO_9001_2026,1,6.1,shall,6.1,Determinar riesgos y oportunidades y planificar acciones proporcionadas.,,,es,857463b6c1428d79056da56a0fb3428216a9e532e759d2d4b9cafb568bfd3d84,true,"Evaluar dentro del alcance, contexto y actividades del tenant; justificar no aplicabilidad cuando el marco lo permita.",Procedimiento/registro/indicador/aprobación o evidencia operacional pertinente.,QMS,medium,provisional,PROVISIONAL_SUPPORTING_REFERENCE,NOT_YET_LICENSED,GLOBAL_REFERENCE,,2026-09-16,,PROV:ISO_9001_2026:METADATA,ISO_9001_2026|1|ISO_9001_2026-R-015,blocked_until_licensed_content_and_human_review
ISO_9001_2026-R-016,ISO_9001_2026,1,6.2,shall,6.2,Establecer objetivos medibles y planes para lograrlos.,,,es,4f474cf40193278f34b7a2e867994ef92efe2d1289c06e3579c8d670c2360309,true,"Evaluar dentro del alcance, contexto y actividades del tenant; justificar no aplicabilidad cuando el marco lo permita.",Procedimiento/registro/indicador/aprobación o evidencia operacional pertinente.,QMS,medium,provisional,PROVISIONAL_SUPPORTING_REFERENCE,NOT_YET_LICENSED,GLOBAL_REFERENCE,,2026-09-16,,PROV:ISO_9001_2026:METADATA,ISO_9001_2026|1|ISO_9001_2026-R-016,blocked_until_licensed_content_and_human_review
ISO_9001_2026-R-017,ISO_9001_2026,1,6.3,shall,6.3,Gestionar cambios al SGC de manera planificada.,,,es,17b6fdddf2ba1961d47c9e06db99a3462e8a8ff7645c8d3c75e0de80fd399bc9,true,"Evaluar dentro del alcance, contexto y actividades del tenant; justificar no aplicabilidad cuando el marco lo permita.",Procedimiento/registro/indicador/aprobación o evidencia operacional pertinente.,QMS,medium,provisional,PROVISIONAL_SUPPORTING_REFERENCE,NOT_YET_LICENSED,GLOBAL_REFERENCE,,2026-09-16,,PROV:ISO_9001_2026:METADATA,ISO_9001_2026|1|ISO_9001_2026-R-017,blocked_until_licensed_content_and_human_review
ISO_9001_2026-R-018,ISO_9001_2026,1,7.1,shall,7.1,"Determinar y proporcionar personas, infraestructura, ambiente, seguimiento/medición y conocimiento organizacional.",,,es,bdf2f1547805c00ae829f1d4ab4eba4f8a09d656b2a66a10caf7c233228e2e43,true,"Evaluar dentro del alcance, contexto y actividades del tenant; justificar no aplicabilidad cuando el marco lo permita.",Procedimiento/registro/indicador/aprobación o evidencia operacional pertinente.,QMS,medium,provisional,PROVISIONAL_SUPPORTING_REFERENCE,NOT_YET_LICENSED,GLOBAL_REFERENCE,,2026-09-16,,PROV:ISO_9001_2026:METADATA,ISO_9001_2026|1|ISO_9001_2026-R-018,blocked_until_licensed_content_and_human_review
ISO_9001_2026-R-019,ISO_9001_2026,1,7.2,shall,7.2,Asegurar competencia y conservar evidencia apropiada.,,,es,32d4ae533275a191c01c94fc0eff03ba1faade25039deeed03df2e298aa4c5e1,true,"Evaluar dentro del alcance, contexto y actividades del tenant; justificar no aplicabilidad cuando el marco lo permita.",Procedimiento/registro/indicador/aprobación o evidencia operacional pertinente.,QMS,medium,provisional,PROVISIONAL_SUPPORTING_REFERENCE,NOT_YET_LICENSED,GLOBAL_REFERENCE,,2026-09-16,,PROV:ISO_9001_2026:METADATA,ISO_9001_2026|1|ISO_9001_2026-R-019,blocked_until_licensed_content_and_human_review
ISO_9001_2026-R-020,ISO_9001_2026,1,7.3,shall,7.3,"Asegurar conciencia sobre política, objetivos, contribución e implicancias.",,,es,da04fc5086139f315e031a92d8d6c7f6d9b2014b104e5a86632d28e009515ccd,true,"Evaluar dentro del alcance, contexto y actividades del tenant; justificar no aplicabilidad cuando el marco lo permita.",Procedimiento/registro/indicador/aprobación o evidencia operacional pertinente.,QMS,medium,provisional,PROVISIONAL_SUPPORTING_REFERENCE,NOT_YET_LICENSED,GLOBAL_REFERENCE,,2026-09-16,,PROV:ISO_9001_2026:METADATA,ISO_9001_2026|1|ISO_9001_2026-R-020,blocked_until_licensed_content_and_human_review
ISO_9001_2026-R-021,ISO_9001_2026,1,7.4,shall,7.4,Determinar comunicaciones internas y externas pertinentes.,,,es,11fa02ea618b73c3dbc1f2917b75054b9d0a1dce164c4fa1a708865b72fe4b2c,true,"Evaluar dentro del alcance, contexto y actividades del tenant; justificar no aplicabilidad cuando el marco lo permita.",Procedimiento/registro/indicador/aprobación o evidencia operacional pertinente.,QMS,medium,provisional,PROVISIONAL_SUPPORTING_REFERENCE,NOT_YET_LICENSED,GLOBAL_REFERENCE,,2026-09-16,,PROV:ISO_9001_2026:METADATA,ISO_9001_2026|1|ISO_9001_2026-R-021,blocked_until_licensed_content_and_human_review
ISO_9001_2026-R-022,ISO_9001_2026,1,7.5,shall,7.5,"Crear, actualizar y controlar la información documentada necesaria.",,,es,6d8f72defa7f8d76501b87c00a2df04c066dfee545920731aeef569f56c59191,true,"Evaluar dentro del alcance, contexto y actividades del tenant; justificar no aplicabilidad cuando el marco lo permita.",Procedimiento/registro/indicador/aprobación o evidencia operacional pertinente.,QMS,medium,provisional,PROVISIONAL_SUPPORTING_REFERENCE,NOT_YET_LICENSED,GLOBAL_REFERENCE,,2026-09-16,,PROV:ISO_9001_2026:METADATA,ISO_9001_2026|1|ISO_9001_2026-R-022,blocked_until_licensed_content_and_human_review
ISO_9001_2026-R-023,ISO_9001_2026,1,8.1,shall,8.1,Planificar y controlar procesos necesarios para cumplir requisitos.,,,es,f59f1786639af1f5974d0a80e362a0a60abea4c76f6aaf9e2d7385dfe6d4160a,true,"Evaluar dentro del alcance, contexto y actividades del tenant; justificar no aplicabilidad cuando el marco lo permita.",Procedimiento/registro/indicador/aprobación o evidencia operacional pertinente.,QMS,medium,provisional,PROVISIONAL_SUPPORTING_REFERENCE,NOT_YET_LICENSED,GLOBAL_REFERENCE,,2026-09-16,,PROV:ISO_9001_2026:METADATA,ISO_9001_2026|1|ISO_9001_2026-R-023,blocked_until_licensed_content_and_human_review
ISO_9001_2026-R-024,ISO_9001_2026,1,8.2,shall,8.2,Gestionar comunicación con clientes y determinar/revisar requisitos.,,,es,75db33d59be265f6c14ee0ccf42d10d77591ed7e5f21858972ee2cf80eacdf32,true,"Evaluar dentro del alcance, contexto y actividades del tenant; justificar no aplicabilidad cuando el marco lo permita.",Procedimiento/registro/indicador/aprobación o evidencia operacional pertinente.,QMS,medium,provisional,PROVISIONAL_SUPPORTING_REFERENCE,NOT_YET_LICENSED,GLOBAL_REFERENCE,,2026-09-16,,PROV:ISO_9001_2026:METADATA,ISO_9001_2026|1|ISO_9001_2026-R-024,blocked_until_licensed_content_and_human_review
ISO_9001_2026-R-025,ISO_9001_2026,1,8.3,shall,8.3,Planificar y controlar diseño y desarrollo cuando sea aplicable.,,,es,743153c423df27d6233ce9566c32c80fd36b7c31bcbaf5196bc91b822122441e,true,"Evaluar dentro del alcance, contexto y actividades del tenant; justificar no aplicabilidad cuando el marco lo permita.",Procedimiento/registro/indicador/aprobación o evidencia operacional pertinente.,QMS,medium,provisional,PROVISIONAL_SUPPORTING_REFERENCE,NOT_YET_LICENSED,GLOBAL_REFERENCE,,2026-09-16,,PROV:ISO_9001_2026:METADATA,ISO_9001_2026|1|ISO_9001_2026-R-025,blocked_until_licensed_content_and_human_review
ISO_9001_2026-R-026,ISO_9001_2026,1,8.4,shall,8.4,"Controlar procesos, productos y servicios suministrados externamente.",,,es,0e2666769ccd9cc3c165a9561a38fee2afe70679d625524a9b351132a73f7a17,true,"Evaluar dentro del alcance, contexto y actividades del tenant; justificar no aplicabilidad cuando el marco lo permita.",Procedimiento/registro/indicador/aprobación o evidencia operacional pertinente.,QMS,medium,provisional,PROVISIONAL_SUPPORTING_REFERENCE,NOT_YET_LICENSED,GLOBAL_REFERENCE,,2026-09-16,,PROV:ISO_9001_2026:METADATA,ISO_9001_2026|1|ISO_9001_2026-R-026,blocked_until_licensed_content_and_human_review
ISO_9001_2026-R-027,ISO_9001_2026,1,8.5,shall,8.5,"Controlar provisión, identificación, propiedad, preservación y cambios.",,,es,d54c2e642645ff40bd8a3260d6fc56303415980aea6e205a08a4966b1fb586f4,true,"Evaluar dentro del alcance, contexto y actividades del tenant; justificar no aplicabilidad cuando el marco lo permita.",Procedimiento/registro/indicador/aprobación o evidencia operacional pertinente.,QMS,medium,provisional,PROVISIONAL_SUPPORTING_REFERENCE,NOT_YET_LICENSED,GLOBAL_REFERENCE,,2026-09-16,,PROV:ISO_9001_2026:METADATA,ISO_9001_2026|1|ISO_9001_2026-R-027,blocked_until_licensed_content_and_human_review
ISO_9001_2026-R-028,ISO_9001_2026,1,8.6,shall,8.6,Verificar criterios antes de liberar productos o servicios.,,,es,1c5a0c81840f59f718efb3f694cbf40804026109acb7efb598e601970326fb1e,true,"Evaluar dentro del alcance, contexto y actividades del tenant; justificar no aplicabilidad cuando el marco lo permita.",Procedimiento/registro/indicador/aprobación o evidencia operacional pertinente.,QMS,medium,provisional,PROVISIONAL_SUPPORTING_REFERENCE,NOT_YET_LICENSED,GLOBAL_REFERENCE,,2026-09-16,,PROV:ISO_9001_2026:METADATA,ISO_9001_2026|1|ISO_9001_2026-R-028,blocked_until_licensed_content_and_human_review
ISO_9001_2026-R-029,ISO_9001_2026,1,8.7,shall,8.7,Identificar y controlar salidas no conformes.,,,es,e26ed77417e06646385db12f50670cd876bda7e1e8ee87d484367ceb086cd8ac,true,"Evaluar dentro del alcance, contexto y actividades del tenant; justificar no aplicabilidad cuando el marco lo permita.",Procedimiento/registro/indicador/aprobación o evidencia operacional pertinente.,QMS,medium,provisional,PROVISIONAL_SUPPORTING_REFERENCE,NOT_YET_LICENSED,GLOBAL_REFERENCE,,2026-09-16,,PROV:ISO_9001_2026:METADATA,ISO_9001_2026|1|ISO_9001_2026-R-029,blocked_until_licensed_content_and_human_review
ISO_9001_2026-R-030,ISO_9001_2026,1,9.1,shall,9.1,"Definir seguimiento, medición, análisis, evaluación y satisfacción del cliente.",,,es,b7a95a8414349eb2969fab0d48ab652dce02aaf211930b58d26d59650778e70e,true,"Evaluar dentro del alcance, contexto y actividades del tenant; justificar no aplicabilidad cuando el marco lo permita.",Procedimiento/registro/indicador/aprobación o evidencia operacional pertinente.,QMS,medium,provisional,PROVISIONAL_SUPPORTING_REFERENCE,NOT_YET_LICENSED,GLOBAL_REFERENCE,,2026-09-16,,PROV:ISO_9001_2026:METADATA,ISO_9001_2026|1|ISO_9001_2026-R-030,blocked_until_licensed_content_and_human_review
ISO_9001_2026-R-031,ISO_9001_2026,1,9.2,shall,9.2,Ejecutar auditorías internas planificadas e imparciales.,,,es,2d4924f15155790226c360c5791cc0bd7e35a2b858ab3d4a80bb7c17ea839f3e,true,"Evaluar dentro del alcance, contexto y actividades del tenant; justificar no aplicabilidad cuando el marco lo permita.",Procedimiento/registro/indicador/aprobación o evidencia operacional pertinente.,QMS,medium,provisional,PROVISIONAL_SUPPORTING_REFERENCE,NOT_YET_LICENSED,GLOBAL_REFERENCE,,2026-09-16,,PROV:ISO_9001_2026:METADATA,ISO_9001_2026|1|ISO_9001_2026-R-031,blocked_until_licensed_content_and_human_review
ISO_9001_2026-R-032,ISO_9001_2026,1,9.3,shall,9.3,"Revisar periódicamente adecuación, suficiencia y eficacia del SGC.",,,es,8bfdaf8d59d6c23ef8f9f237c6072bf46afdfbef35d73ac17f21f9c5380b7003,true,"Evaluar dentro del alcance, contexto y actividades del tenant; justificar no aplicabilidad cuando el marco lo permita.",Procedimiento/registro/indicador/aprobación o evidencia operacional pertinente.,QMS,medium,provisional,PROVISIONAL_SUPPORTING_REFERENCE,NOT_YET_LICENSED,GLOBAL_REFERENCE,,2026-09-16,,PROV:ISO_9001_2026:METADATA,ISO_9001_2026|1|ISO_9001_2026-R-032,blocked_until_licensed_content_and_human_review
ISO_9001_2026-R-033,ISO_9001_2026,1,10.1,shall,10.1,Determinar oportunidades de mejora y acciones necesarias.,,,es,1a836fee27a2b5e37afa67f68a4b4597197b3a08eb866cc432eb7dc1da5dff77,true,"Evaluar dentro del alcance, contexto y actividades del tenant; justificar no aplicabilidad cuando el marco lo permita.",Procedimiento/registro/indicador/aprobación o evidencia operacional pertinente.,QMS,medium,provisional,PROVISIONAL_SUPPORTING_REFERENCE,NOT_YET_LICENSED,GLOBAL_REFERENCE,,2026-09-16,,PROV:ISO_9001_2026:METADATA,ISO_9001_2026|1|ISO_9001_2026-R-033,blocked_until_licensed_content_and_human_review
ISO_9001_2026-R-034,ISO_9001_2026,1,10.2,shall,10.2,"Reaccionar, corregir causas y verificar eficacia de acciones correctivas.",,,es,984166a27a25e3e9c72489fe588305b209df1b1abcc39b3036d785bf46b6adc1,true,"Evaluar dentro del alcance, contexto y actividades del tenant; justificar no aplicabilidad cuando el marco lo permita.",Procedimiento/registro/indicador/aprobación o evidencia operacional pertinente.,QMS,medium,provisional,PROVISIONAL_SUPPORTING_REFERENCE,NOT_YET_LICENSED,GLOBAL_REFERENCE,,2026-09-16,,PROV:ISO_9001_2026:METADATA,ISO_9001_2026|1|ISO_9001_2026-R-034,blocked_until_licensed_content_and_human_review
ISO_9001_2026-R-035,ISO_9001_2026,1,10.3,shall,10.3,"Mejorar continuamente la adecuación, suficiencia y eficacia del SGC.",,,es,7585482027b8723b6643774b138a71003546cce0f9e01aa8e1ef5ceb9a90578e,true,"Evaluar dentro del alcance, contexto y actividades del tenant; justificar no aplicabilidad cuando el marco lo permita.",Procedimiento/registro/indicador/aprobación o evidencia operacional pertinente.,QMS,medium,provisional,PROVISIONAL_SUPPORTING_REFERENCE,NOT_YET_LICENSED,GLOBAL_REFERENCE,,2026-09-16,,PROV:ISO_9001_2026:METADATA,ISO_9001_2026|1|ISO_9001_2026-R-035,blocked_until_licensed_content_and_human_review
ISO_9001_2026-R-036,ISO_9001_2026,1,5.1,shall,5.1,"Demostrar liderazgo reforzado, promover cultura de calidad y comportamiento ético en el SGC.",,,es,908fcef1964c98c10e5d63c73cd2c7abe8015e7a74da967098072e92903b10a4,true,"Evaluar dentro del alcance, contexto y actividades del tenant; justificar no aplicabilidad cuando el marco lo permita.","Política, comunicaciones, registros de liderazgo, objetivos, decisiones, formación y evidencias de cultura/ética.",QMS;2026_CHANGE,high,provisional,PROVISIONAL_SUPPORTING_REFERENCE,NOT_YET_LICENSED,GLOBAL_REFERENCE,,2026-09-16,,PROV:ISO_9001_2026:METADATA,ISO_9001_2026|1|ISO_9001_2026-R-036,blocked_until_licensed_content_and_human_review
ISO_9001_2026-R-037,ISO_9001_2026,1,5.2,shall,5.2,Alinear explícitamente la política de calidad con contexto y dirección estratégica.,,,es,fa54e6e6b20dcefa994b21fa85ee89ef3fb4f5257c4257fd447a04afb65bce1f,true,"Evaluar dentro del alcance, contexto y actividades del tenant; justificar no aplicabilidad cuando el marco lo permita.","Política, comunicaciones, registros de liderazgo, objetivos, decisiones, formación y evidencias de cultura/ética.",QMS;2026_CHANGE,high,provisional,PROVISIONAL_SUPPORTING_REFERENCE,NOT_YET_LICENSED,GLOBAL_REFERENCE,,2026-09-16,,PROV:ISO_9001_2026:METADATA,ISO_9001_2026|1|ISO_9001_2026-R-037,blocked_until_licensed_content_and_human_review
ISO_9001_2026-R-038,ISO_9001_2026,1,6.1,shall,6.1,Considerar de forma más clara y diferenciada riesgos y oportunidades en decisiones y planificación.,,,es,50d7fd958398bb41891b23c9066f6d56dc22d4516418cdbfe4342f3f44234e82,true,"Evaluar dentro del alcance, contexto y actividades del tenant; justificar no aplicabilidad cuando el marco lo permita.","Política, comunicaciones, registros de liderazgo, objetivos, decisiones, formación y evidencias de cultura/ética.",QMS;2026_CHANGE,high,provisional,PROVISIONAL_SUPPORTING_REFERENCE,NOT_YET_LICENSED,GLOBAL_REFERENCE,,2026-09-16,,PROV:ISO_9001_2026:METADATA,ISO_9001_2026|1|ISO_9001_2026-R-038,blocked_until_licensed_content_and_human_review
ISO_9001_2026-R-039,ISO_9001_2026,1,7.3,shall,7.3,Asegurar conciencia del personal respecto de cultura de calidad y comportamiento ético además de su contribución al SGC.,,,es,19ddbe6e416082275e63ed208aa9d02c14dde23a2f6275445c567a6a687a3d58,true,"Evaluar dentro del alcance, contexto y actividades del tenant; justificar no aplicabilidad cuando el marco lo permita.","Política, comunicaciones, registros de liderazgo, objetivos, decisiones, formación y evidencias de cultura/ética.",QMS;2026_CHANGE,high,provisional,PROVISIONAL_SUPPORTING_REFERENCE,NOT_YET_LICENSED,GLOBAL_REFERENCE,,2026-09-16,,PROV:ISO_9001_2026:METADATA,ISO_9001_2026|1|ISO_9001_2026-R-039,blocked_until_licensed_content_and_human_review
CL_LEY_21719-R-001,CL_LEY_21719,1,Art. 3,legal_obligation,Art. 3,"Aplicar licitud y lealtad, finalidad, proporcionalidad, calidad, responsabilidad, seguridad, transparencia e información, confidencialidad y conservación limitada.",,,es,786b4b57892ee19f920c72423ee40e2aa098b8308da8edf300abc984f9e29473,true,"Evaluar dentro del alcance, contexto y actividades del tenant; justificar no aplicabilidad cuando el marco lo permita.","Políticas, registro de actividades/tratamientos, solicitudes, contratos, evaluaciones, logs, comunicaciones, incidentes y controles técnicos/organizativos según obligación.",PRIVACY;CHILE,high,reviewed_public_source,OFFICIAL_PUBLIC_SOURCE,PUBLIC_LAW,GLOBAL_REFERENCE,,2026-12-01,,PROV:CL_LEY_21719:METADATA,CL_LEY_21719|1|CL_LEY_21719-R-001,eligible_after_human_review
CL_LEY_21719-R-002,CL_LEY_21719,1,Art. 4,legal_obligation,Art. 4,"Habilitar acceso, rectificación, supresión, oposición, portabilidad y bloqueo, sin renuncias o limitaciones indebidas.",,,es,2dc4bdd6eb0bee9df64ad06a401cf457123ac5dfd38b8e7794e06cf7a75261b2,true,"Evaluar dentro del alcance, contexto y actividades del tenant; justificar no aplicabilidad cuando el marco lo permita.","Políticas, registro de actividades/tratamientos, solicitudes, contratos, evaluaciones, logs, comunicaciones, incidentes y controles técnicos/organizativos según obligación.",PRIVACY;CHILE,high,reviewed_public_source,OFFICIAL_PUBLIC_SOURCE,PUBLIC_LAW,GLOBAL_REFERENCE,,2026-12-01,,PROV:CL_LEY_21719:METADATA,CL_LEY_21719|1|CL_LEY_21719-R-002,eligible_after_human_review
CL_LEY_21719-R-003,CL_LEY_21719,1,Art. 5,legal_obligation,Art. 5,"Entregar confirmación e información suficiente sobre tratamientos, categorías, finalidades, destinatarios, transferencias, conservación, fuente y decisiones automatizadas.",,,es,f8013950bab4d96e39745cc39da71d14ab8e3174faaad7b63af56a577188639b,true,"Evaluar dentro del alcance, contexto y actividades del tenant; justificar no aplicabilidad cuando el marco lo permita.","Políticas, registro de actividades/tratamientos, solicitudes, contratos, evaluaciones, logs, comunicaciones, incidentes y controles técnicos/organizativos según obligación.",PRIVACY;CHILE,high,reviewed_public_source,OFFICIAL_PUBLIC_SOURCE,PUBLIC_LAW,GLOBAL_REFERENCE,,2026-12-01,,PROV:CL_LEY_21719:METADATA,CL_LEY_21719|1|CL_LEY_21719-R-003,eligible_after_human_review
CL_LEY_21719-R-004,CL_LEY_21719,1,Art. 6,legal_obligation,Art. 6,"Permitir corrección de datos inexactos, desactualizados o incompletos cuando proceda.",,,es,aed9c262381a6371c4a4c1ceff12329d2735c8e2a872e02dc42926ff0019b083,true,"Evaluar dentro del alcance, contexto y actividades del tenant; justificar no aplicabilidad cuando el marco lo permita.","Políticas, registro de actividades/tratamientos, solicitudes, contratos, evaluaciones, logs, comunicaciones, incidentes y controles técnicos/organizativos según obligación.",PRIVACY;CHILE,high,reviewed_public_source,OFFICIAL_PUBLIC_SOURCE,PUBLIC_LAW,GLOBAL_REFERENCE,,2026-12-01,,PROV:CL_LEY_21719:METADATA,CL_LEY_21719|1|CL_LEY_21719-R-004,eligible_after_human_review
CL_LEY_21719-R-005,CL_LEY_21719,1,Art. 7,legal_obligation,Art. 7,Permitir eliminación cuando se cumplan causales legales y controlar excepciones.,,,es,1106a5b6964813daa8c35f6351fa5737a5224f25c123f693f8fcadeb971ef9f7,true,"Evaluar dentro del alcance, contexto y actividades del tenant; justificar no aplicabilidad cuando el marco lo permita.","Políticas, registro de actividades/tratamientos, solicitudes, contratos, evaluaciones, logs, comunicaciones, incidentes y controles técnicos/organizativos según obligación.",PRIVACY;CHILE,high,reviewed_public_source,OFFICIAL_PUBLIC_SOURCE,PUBLIC_LAW,GLOBAL_REFERENCE,,2026-12-01,,PROV:CL_LEY_21719:METADATA,CL_LEY_21719|1|CL_LEY_21719-R-005,eligible_after_human_review
CL_LEY_21719-R-006,CL_LEY_21719,1,Art. 8,legal_obligation,Art. 8,Permitir oposición a tratamientos en los casos legalmente establecidos.,,,es,ddef041f672469df171201f654f7aa5e1107a4aabdf3778b37e311d903dbb121,true,"Evaluar dentro del alcance, contexto y actividades del tenant; justificar no aplicabilidad cuando el marco lo permita.","Políticas, registro de actividades/tratamientos, solicitudes, contratos, evaluaciones, logs, comunicaciones, incidentes y controles técnicos/organizativos según obligación.",PRIVACY;CHILE,high,reviewed_public_source,OFFICIAL_PUBLIC_SOURCE,PUBLIC_LAW,GLOBAL_REFERENCE,,2026-12-01,,PROV:CL_LEY_21719:METADATA,CL_LEY_21719|1|CL_LEY_21719-R-006,eligible_after_human_review
CL_LEY_21719-R-007,CL_LEY_21719,1,Art. 8 bis,legal_obligation,Art. 8 bis,"Aplicar salvaguardas a decisiones automatizadas/perfilamiento, incluida información, explicación, intervención humana y revisión cuando corresponda.",,,es,a0d1636d273cf8c249f992b470c2b612c3be81bd9c54ae7f3114c92d087d748c,true,"Evaluar dentro del alcance, contexto y actividades del tenant; justificar no aplicabilidad cuando el marco lo permita.","Políticas, registro de actividades/tratamientos, solicitudes, contratos, evaluaciones, logs, comunicaciones, incidentes y controles técnicos/organizativos según obligación.",PRIVACY;CHILE,high,reviewed_public_source,OFFICIAL_PUBLIC_SOURCE,PUBLIC_LAW,GLOBAL_REFERENCE,,2026-12-01,,PROV:CL_LEY_21719:METADATA,CL_LEY_21719|1|CL_LEY_21719-R-007,eligible_after_human_review
CL_LEY_21719-R-008,CL_LEY_21719,1,Art. 8 ter,legal_obligation,Art. 8 ter,"Suspender temporalmente tratamientos durante solicitudes de rectificación, supresión u oposición cuando proceda.",,,es,c14b2ecd71aaad856d5e5bf7405e9ae7412d9184f8111f7bbd36cb31b1865a7a,true,"Evaluar dentro del alcance, contexto y actividades del tenant; justificar no aplicabilidad cuando el marco lo permita.","Políticas, registro de actividades/tratamientos, solicitudes, contratos, evaluaciones, logs, comunicaciones, incidentes y controles técnicos/organizativos según obligación.",PRIVACY;CHILE,high,reviewed_public_source,OFFICIAL_PUBLIC_SOURCE,PUBLIC_LAW,GLOBAL_REFERENCE,,2026-12-01,,PROV:CL_LEY_21719:METADATA,CL_LEY_21719|1|CL_LEY_21719-R-008,eligible_after_human_review
CL_LEY_21719-R-009,CL_LEY_21719,1,Art. 9,legal_obligation,Art. 9,Entregar datos aplicables en formato estructurado e interoperable y posibilitar transferencia cuando corresponda.,,,es,548151cd9fae9d20b62b67592d485d6e94574359204ad07bacc34a3a255bc1a2,true,"Evaluar dentro del alcance, contexto y actividades del tenant; justificar no aplicabilidad cuando el marco lo permita.","Políticas, registro de actividades/tratamientos, solicitudes, contratos, evaluaciones, logs, comunicaciones, incidentes y controles técnicos/organizativos según obligación.",PRIVACY;CHILE,high,reviewed_public_source,OFFICIAL_PUBLIC_SOURCE,PUBLIC_LAW,GLOBAL_REFERENCE,,2026-12-01,,PROV:CL_LEY_21719:METADATA,CL_LEY_21719|1|CL_LEY_21719-R-009,eligible_after_human_review
CL_LEY_21719-R-010,CL_LEY_21719,1,Art. 10,legal_obligation,Art. 10,"Disponer medios accesibles, trazables y oportunos para ejercer derechos de titulares.",,,es,5a70e0be53aa4f90c5eea0e6811a2d89da40dd515fed3af5de34dcbb7d127d02,true,"Evaluar dentro del alcance, contexto y actividades del tenant; justificar no aplicabilidad cuando el marco lo permita.","Políticas, registro de actividades/tratamientos, solicitudes, contratos, evaluaciones, logs, comunicaciones, incidentes y controles técnicos/organizativos según obligación.",PRIVACY;CHILE,high,reviewed_public_source,OFFICIAL_PUBLIC_SOURCE,PUBLIC_LAW,GLOBAL_REFERENCE,,2026-12-01,,PROV:CL_LEY_21719:METADATA,CL_LEY_21719|1|CL_LEY_21719-R-010,eligible_after_human_review
CL_LEY_21719-R-011,CL_LEY_21719,1,Art. 12,legal_obligation,Art. 12,"Gestionar consentimiento libre, específico, inequívoco e informado y su retiro cuando sea la base de legitimidad.",,,es,db27199c25f45e2a780791543bf915d0bdbde6ec27f7e874f36d179d8ba53cbf,true,"Evaluar dentro del alcance, contexto y actividades del tenant; justificar no aplicabilidad cuando el marco lo permita.","Políticas, registro de actividades/tratamientos, solicitudes, contratos, evaluaciones, logs, comunicaciones, incidentes y controles técnicos/organizativos según obligación.",PRIVACY;CHILE,high,reviewed_public_source,OFFICIAL_PUBLIC_SOURCE,PUBLIC_LAW,GLOBAL_REFERENCE,,2026-12-01,,PROV:CL_LEY_21719:METADATA,CL_LEY_21719|1|CL_LEY_21719-R-011,eligible_after_human_review
CL_LEY_21719-R-012,CL_LEY_21719,1,Art. 13,legal_obligation,Art. 13,Identificar y documentar la base jurídica aplicable a cada tratamiento.,,,es,8a1a7549bc145f677484d150df9e90f996b31d7d336e4b92c6e69d0268c0dacd,true,"Evaluar dentro del alcance, contexto y actividades del tenant; justificar no aplicabilidad cuando el marco lo permita.","Políticas, registro de actividades/tratamientos, solicitudes, contratos, evaluaciones, logs, comunicaciones, incidentes y controles técnicos/organizativos según obligación.",PRIVACY;CHILE,high,reviewed_public_source,OFFICIAL_PUBLIC_SOURCE,PUBLIC_LAW,GLOBAL_REFERENCE,,2026-12-01,,PROV:CL_LEY_21719:METADATA,CL_LEY_21719|1|CL_LEY_21719-R-012,eligible_after_human_review
CL_LEY_21719-R-013,CL_LEY_21719,1,Art. 14 bis,legal_obligation,Art. 14 bis,"Preservar secreto/confidencialidad mediante controles adecuados, incluso tras terminar la relación pertinente.",,,es,fdac5d860e8e364f93a70c26dd48df23f997227bd584c819a95356d2e2bcf0fe,true,"Evaluar dentro del alcance, contexto y actividades del tenant; justificar no aplicabilidad cuando el marco lo permita.","Políticas, registro de actividades/tratamientos, solicitudes, contratos, evaluaciones, logs, comunicaciones, incidentes y controles técnicos/organizativos según obligación.",PRIVACY;CHILE,high,reviewed_public_source,OFFICIAL_PUBLIC_SOURCE,PUBLIC_LAW,GLOBAL_REFERENCE,,2026-12-01,,PROV:CL_LEY_21719:METADATA,CL_LEY_21719|1|CL_LEY_21719-R-013,eligible_after_human_review
CL_LEY_21719-R-014,CL_LEY_21719,1,Art. 14 ter,legal_obligation,Art. 14 ter,Mantener información y medidas organizativas que permitan demostrar cumplimiento de obligaciones del responsable.,,,es,75ef2d64f39a81e505bac95a37768dd9471e9533937604a3d9bdecd1f72f051a,true,"Evaluar dentro del alcance, contexto y actividades del tenant; justificar no aplicabilidad cuando el marco lo permita.","Políticas, registro de actividades/tratamientos, solicitudes, contratos, evaluaciones, logs, comunicaciones, incidentes y controles técnicos/organizativos según obligación.",PRIVACY;CHILE,high,reviewed_public_source,OFFICIAL_PUBLIC_SOURCE,PUBLIC_LAW,GLOBAL_REFERENCE,,2026-12-01,,PROV:CL_LEY_21719:METADATA,CL_LEY_21719|1|CL_LEY_21719-R-014,eligible_after_human_review
CL_LEY_21719-R-015,CL_LEY_21719,1,Art. 14 quáter,legal_obligation,Art. 14 quáter,"Aplicar medidas técnicas y organizativas desde diseño y por defecto, limitando tratamiento a datos necesarios, alcance, conservación y accesibilidad.",,,es,0afc7c25c06616557cc6e9824ed38765b5234552c9ebb73d0dd3935832c71520,true,"Evaluar dentro del alcance, contexto y actividades del tenant; justificar no aplicabilidad cuando el marco lo permita.","Políticas, registro de actividades/tratamientos, solicitudes, contratos, evaluaciones, logs, comunicaciones, incidentes y controles técnicos/organizativos según obligación.",PRIVACY;CHILE,high,reviewed_public_source,OFFICIAL_PUBLIC_SOURCE,PUBLIC_LAW,GLOBAL_REFERENCE,,2026-12-01,,PROV:CL_LEY_21719:METADATA,CL_LEY_21719|1|CL_LEY_21719-R-015,eligible_after_human_review
CL_LEY_21719-R-016,CL_LEY_21719,1,Art. 14 quinquies,legal_obligation,Art. 14 quinquies,"Aplicar medidas técnicas y organizativas adecuadas al riesgo para confidencialidad, integridad, disponibilidad y resiliencia; prevenir accesos, pérdidas y alteraciones no autorizadas.",,,es,185711b4dd9c4c195dd04a286b04f2616c04a3dedbeb649495d3dda2c04ec6f8,true,"Evaluar dentro del alcance, contexto y actividades del tenant; justificar no aplicabilidad cuando el marco lo permita.","Políticas, registro de actividades/tratamientos, solicitudes, contratos, evaluaciones, logs, comunicaciones, incidentes y controles técnicos/organizativos según obligación.",PRIVACY;CHILE,high,reviewed_public_source,OFFICIAL_PUBLIC_SOURCE,PUBLIC_LAW,GLOBAL_REFERENCE,,2026-12-01,,PROV:CL_LEY_21719:METADATA,CL_LEY_21719|1|CL_LEY_21719-R-016,eligible_after_human_review
CL_LEY_21719-R-017,CL_LEY_21719,1,Art. 14 sexies,legal_obligation,Art. 14 sexies,"Mantener capacidad de detectar, gestionar, registrar y comunicar vulneraciones de seguridad conforme a las condiciones legales aplicables.",,,es,302a85d08122b8e0a8bef296c16b71953b549dc756ab1a5d38cb2f3bf27b5f9b,true,"Evaluar dentro del alcance, contexto y actividades del tenant; justificar no aplicabilidad cuando el marco lo permita.","Políticas, registro de actividades/tratamientos, solicitudes, contratos, evaluaciones, logs, comunicaciones, incidentes y controles técnicos/organizativos según obligación.",PRIVACY;CHILE,high,reviewed_public_source,OFFICIAL_PUBLIC_SOURCE,PUBLIC_LAW,GLOBAL_REFERENCE,,2026-12-01,,PROV:CL_LEY_21719:METADATA,CL_LEY_21719|1|CL_LEY_21719-R-017,eligible_after_human_review
CL_LEY_21719-R-018,CL_LEY_21719,1,Art. 15,legal_obligation,Art. 15,"Controlar cesiones, finalidades, bases de licitud y documentación de las partes y datos involucrados.",,,es,7c89240b6ae1650d79b25f2aea6a2be16af34cea4d4525e7db7ace5e50680b4b,true,"Evaluar dentro del alcance, contexto y actividades del tenant; justificar no aplicabilidad cuando el marco lo permita.","Políticas, registro de actividades/tratamientos, solicitudes, contratos, evaluaciones, logs, comunicaciones, incidentes y controles técnicos/organizativos según obligación.",PRIVACY;CHILE,high,reviewed_public_source,OFFICIAL_PUBLIC_SOURCE,PUBLIC_LAW,GLOBAL_REFERENCE,,2026-12-01,,PROV:CL_LEY_21719:METADATA,CL_LEY_21719|1|CL_LEY_21719-R-018,eligible_after_human_review
CL_LEY_21719-R-019,CL_LEY_21719,1,Art. 15 bis,legal_obligation,Art. 15 bis,"Formalizar contratos de encargo, instrucciones, finalidad, duración, categorías, obligaciones y subencargados autorizados.",,,es,0970882184a26e426fea30fbe29f1913b0ca1c2f0c5719eb9746b4c93fe33efd,true,"Evaluar dentro del alcance, contexto y actividades del tenant; justificar no aplicabilidad cuando el marco lo permita.","Políticas, registro de actividades/tratamientos, solicitudes, contratos, evaluaciones, logs, comunicaciones, incidentes y controles técnicos/organizativos según obligación.",PRIVACY;CHILE,high,reviewed_public_source,OFFICIAL_PUBLIC_SOURCE,PUBLIC_LAW,GLOBAL_REFERENCE,,2026-12-01,,PROV:CL_LEY_21719:METADATA,CL_LEY_21719|1|CL_LEY_21719-R-019,eligible_after_human_review
CL_LEY_21719-R-020,CL_LEY_21719,1,Datos sensibles,legal_obligation,Datos sensibles,Aplicar condiciones reforzadas para datos sensibles y limitar tratamientos a bases legales aplicables.,,,es,677d81496f14478d4d9926f7344fd5157f8d736e84e7db5d0ad224d2563e33ec,true,"Evaluar dentro del alcance, contexto y actividades del tenant; justificar no aplicabilidad cuando el marco lo permita.","Políticas, registro de actividades/tratamientos, solicitudes, contratos, evaluaciones, logs, comunicaciones, incidentes y controles técnicos/organizativos según obligación.",PRIVACY;CHILE,high,reviewed_public_source,OFFICIAL_PUBLIC_SOURCE,PUBLIC_LAW,GLOBAL_REFERENCE,,2026-12-01,,PROV:CL_LEY_21719:METADATA,CL_LEY_21719|1|CL_LEY_21719-R-020,eligible_after_human_review
CL_LEY_21719-R-021,CL_LEY_21719,1,NNA,legal_obligation,NNA,Aplicar salvaguardas específicas al tratamiento de datos de menores cuando corresponda.,,,es,46fd48a1ca00e88db089a1444efb4b9c27af320b5cc46faf587a5ba93fa5da14,true,"Evaluar dentro del alcance, contexto y actividades del tenant; justificar no aplicabilidad cuando el marco lo permita.","Políticas, registro de actividades/tratamientos, solicitudes, contratos, evaluaciones, logs, comunicaciones, incidentes y controles técnicos/organizativos según obligación.",PRIVACY;CHILE,high,reviewed_public_source,OFFICIAL_PUBLIC_SOURCE,PUBLIC_LAW,GLOBAL_REFERENCE,,2026-12-01,,PROV:CL_LEY_21719:METADATA,CL_LEY_21719|1|CL_LEY_21719-R-021,eligible_after_human_review
CL_LEY_21719-R-022,CL_LEY_21719,1,Art. 27,legal_obligation,Art. 27,"Autorizar transferencias internacionales sólo bajo mecanismos admitidos: adecuación, garantías u otras excepciones legales.",,,es,3a7711e48e0706f1da965e1d5441f9538ebcb926f4f971a8c4a4857aef86e6cb,true,"Evaluar dentro del alcance, contexto y actividades del tenant; justificar no aplicabilidad cuando el marco lo permita.","Políticas, registro de actividades/tratamientos, solicitudes, contratos, evaluaciones, logs, comunicaciones, incidentes y controles técnicos/organizativos según obligación.",PRIVACY;CHILE,high,reviewed_public_source,OFFICIAL_PUBLIC_SOURCE,PUBLIC_LAW,GLOBAL_REFERENCE,,2026-12-01,,PROV:CL_LEY_21719:METADATA,CL_LEY_21719|1|CL_LEY_21719-R-022,eligible_after_human_review
CL_LEY_21719-R-023,CL_LEY_21719,1,Art. 28,legal_obligation,Art. 28,"Evaluar adecuación/garantías, mantener instrumentos y demostrar conformidad de transferencias internacionales.",,,es,aad44ecbbd5256c0da8676ebfdd8a365e642c934489fe7d2ee4ff1e1339f4942,true,"Evaluar dentro del alcance, contexto y actividades del tenant; justificar no aplicabilidad cuando el marco lo permita.","Políticas, registro de actividades/tratamientos, solicitudes, contratos, evaluaciones, logs, comunicaciones, incidentes y controles técnicos/organizativos según obligación.",PRIVACY;CHILE,high,reviewed_public_source,OFFICIAL_PUBLIC_SOURCE,PUBLIC_LAW,GLOBAL_REFERENCE,,2026-12-01,,PROV:CL_LEY_21719:METADATA,CL_LEY_21719|1|CL_LEY_21719-R-023,eligible_after_human_review
CL_LEY_21719-R-024,CL_LEY_21719,1,Art. 29,legal_obligation,Art. 29,Mantener evidencia y capacidad de respuesta ante fiscalización de transferencias.,,,es,c3ae351d216ff58f76f527f0ff1a2e6da927563a93c35a02ca5053fa23b46f3d,true,"Evaluar dentro del alcance, contexto y actividades del tenant; justificar no aplicabilidad cuando el marco lo permita.","Políticas, registro de actividades/tratamientos, solicitudes, contratos, evaluaciones, logs, comunicaciones, incidentes y controles técnicos/organizativos según obligación.",PRIVACY;CHILE,high,reviewed_public_source,OFFICIAL_PUBLIC_SOURCE,PUBLIC_LAW,GLOBAL_REFERENCE,,2026-12-01,,PROV:CL_LEY_21719:METADATA,CL_LEY_21719|1|CL_LEY_21719-R-024,eligible_after_human_review
CL_LEY_21719-R-025,CL_LEY_21719,1,Responsabilidad,legal_obligation,Responsabilidad,"Mantener evidencia verificable de decisiones, controles y cumplimiento para demostrar responsabilidad.",,,es,6f2977a00e5599b1dae623b2425c7efbb3ce3c2e4379fb44cc907a880513cd3d,true,"Evaluar dentro del alcance, contexto y actividades del tenant; justificar no aplicabilidad cuando el marco lo permita.","Políticas, registro de actividades/tratamientos, solicitudes, contratos, evaluaciones, logs, comunicaciones, incidentes y controles técnicos/organizativos según obligación.",PRIVACY;CHILE,high,reviewed_public_source,OFFICIAL_PUBLIC_SOURCE,PUBLIC_LAW,GLOBAL_REFERENCE,,2026-12-01,,PROV:CL_LEY_21719:METADATA,CL_LEY_21719|1|CL_LEY_21719-R-025,eligible_after_human_review
CL_LEY_21719-R-026,CL_LEY_21719,1,Conservación,legal_obligation,Conservación,Suprimir o anonimizar datos al terminar la necesidad del tratamiento salvo base legal o consentimiento que autorice mayor conservación.,,,es,0336e15bf52aae6f7f7817f359b50cb4b0898c875f78003c994dc86450b39842,true,"Evaluar dentro del alcance, contexto y actividades del tenant; justificar no aplicabilidad cuando el marco lo permita.","Políticas, registro de actividades/tratamientos, solicitudes, contratos, evaluaciones, logs, comunicaciones, incidentes y controles técnicos/organizativos según obligación.",PRIVACY;CHILE,high,reviewed_public_source,OFFICIAL_PUBLIC_SOURCE,PUBLIC_LAW,GLOBAL_REFERENCE,,2026-12-01,,PROV:CL_LEY_21719:METADATA,CL_LEY_21719|1|CL_LEY_21719-R-026,eligible_after_human_review
CL_LEY_21719-R-027,CL_LEY_21719,1,Transparencia,legal_obligation,Transparencia,"Mantener políticas y prácticas de tratamiento accesibles, claras, precisas y gratuitas.",,,es,21cc137459d7c6f51a8d03f628924aeb106d883c4a42caa16f1500d762110b7d,true,"Evaluar dentro del alcance, contexto y actividades del tenant; justificar no aplicabilidad cuando el marco lo permita.","Políticas, registro de actividades/tratamientos, solicitudes, contratos, evaluaciones, logs, comunicaciones, incidentes y controles técnicos/organizativos según obligación.",PRIVACY;CHILE,high,reviewed_public_source,OFFICIAL_PUBLIC_SOURCE,PUBLIC_LAW,GLOBAL_REFERENCE,,2026-12-01,,PROV:CL_LEY_21719:METADATA,CL_LEY_21719|1|CL_LEY_21719-R-027,eligible_after_human_review
CL_LEY_21719-R-028,CL_LEY_21719,1,Calidad,legal_obligation,Calidad,"Mantener datos exactos, completos, actuales y pertinentes para su finalidad.",,,es,38a80fccbd6340c84eaa77f53cbd36c8964c49b0580253485205640609facc04,true,"Evaluar dentro del alcance, contexto y actividades del tenant; justificar no aplicabilidad cuando el marco lo permita.","Políticas, registro de actividades/tratamientos, solicitudes, contratos, evaluaciones, logs, comunicaciones, incidentes y controles técnicos/organizativos según obligación.",PRIVACY;CHILE,high,reviewed_public_source,OFFICIAL_PUBLIC_SOURCE,PUBLIC_LAW,GLOBAL_REFERENCE,,2026-12-01,,PROV:CL_LEY_21719:METADATA,CL_LEY_21719|1|CL_LEY_21719-R-028,eligible_after_human_review
CL_LEY_21719-R-029,CL_LEY_21719,1,Seguridad,legal_obligation,Seguridad,"Evaluar naturaleza, alcance, contexto, fines, probabilidad y gravedad de riesgos para determinar medidas apropiadas.",,,es,bdba409d228228016428d4fe27d97099be6be5cb4d7411632d97246696c92e2b,true,"Evaluar dentro del alcance, contexto y actividades del tenant; justificar no aplicabilidad cuando el marco lo permita.","Políticas, registro de actividades/tratamientos, solicitudes, contratos, evaluaciones, logs, comunicaciones, incidentes y controles técnicos/organizativos según obligación.",PRIVACY;CHILE,high,reviewed_public_source,OFFICIAL_PUBLIC_SOURCE,PUBLIC_LAW,GLOBAL_REFERENCE,,2026-12-01,,PROV:CL_LEY_21719:METADATA,CL_LEY_21719|1|CL_LEY_21719-R-029,eligible_after_human_review
CL_LEY_21719-R-030,CL_LEY_21719,1,Registro,legal_obligation,Registro,"Mantener registros suficientes de tratamientos, decisiones, incidentes, solicitudes y controles cuando sean necesarios para demostrar cumplimiento.",,,es,499ff5c97a36bbbcd46f03da2e9d7de0c9121a9eff8e152645eeecdb6a6e848e,true,"Evaluar dentro del alcance, contexto y actividades del tenant; justificar no aplicabilidad cuando el marco lo permita.","Políticas, registro de actividades/tratamientos, solicitudes, contratos, evaluaciones, logs, comunicaciones, incidentes y controles técnicos/organizativos según obligación.",PRIVACY;CHILE,high,reviewed_public_source,OFFICIAL_PUBLIC_SOURCE,PUBLIC_LAW,GLOBAL_REFERENCE,,2026-12-01,,PROV:CL_LEY_21719:METADATA,CL_LEY_21719|1|CL_LEY_21719-R-030,eligible_after_human_review
