crosswalk_code,mapping_code,source_requirement_code,target_requirement_code,relationship_type,direction,rationale,confidence,status,review_status,provenance_ref,business_key
XW-ISO_9001_2015-TO-ISO_9001_2026,XW-00001,ISO_9001_2015-R-001,ISO_9001_2026-R-001,equivalent,bidirectional,Relación provisional basada en controles TCDX compartidos y estructura pública; no implica equivalencia jurídica ni certificatoria.,medium,draft,provisional,PROV:TCDX:BASELINE_CONTROLS:v1,XW-ISO_9001_2015-TO-ISO_9001_2026|ISO_9001_2015-R-001|ISO_9001_2026-R-001
XW-ISO_9001_2015-TO-ISO_9001_2026,XW-00002,ISO_9001_2015-R-001,ISO_9001_2026-R-009,overlaps,bidirectional,Relación provisional basada en controles TCDX compartidos y estructura pública; no implica equivalencia jurídica ni certificatoria.,medium,draft,provisional,PROV:TCDX:BASELINE_CONTROLS:v1,XW-ISO_9001_2015-TO-ISO_9001_2026|ISO_9001_2015-R-001|ISO_9001_2026-R-009
XW-ISO_9001_2015-TO-ISO_9001_2026,XW-00003,ISO_9001_2015-R-001,ISO_9001_2026-R-037,overlaps,bidirectional,Relación provisional basada en controles TCDX compartidos y estructura pública; no implica equivalencia jurídica ni certificatoria.,medium,draft,provisional,PROV:TCDX:BASELINE_CONTROLS:v1,XW-ISO_9001_2015-TO-ISO_9001_2026|ISO_9001_2015-R-001|ISO_9001_2026-R-037
XW-ISO_9001_2015-TO-ISO_9001_2026,XW-00004,ISO_9001_2015-R-002,ISO_9001_2026-R-002,equivalent,bidirectional,Relación provisional basada en controles TCDX compartidos y estructura pública; no implica equivalencia jurídica ni certificatoria.,medium,draft,provisional,PROV:TCDX:BASELINE_CONTROLS:v1,XW-ISO_9001_2015-TO-ISO_9001_2026|ISO_9001_2015-R-002|ISO_9001_2026-R-002
XW-ISO_9001_2015-TO-ISO_9001_2026,XW-00005,ISO_9001_2015-R-002,ISO_9001_2026-R-037,overlaps,bidirectional,Relación provisional basada en controles TCDX compartidos y estructura pública; no implica equivalencia jurídica ni certificatoria.,medium,draft,provisional,PROV:TCDX:BASELINE_CONTROLS:v1,XW-ISO_9001_2015-TO-ISO_9001_2026|ISO_9001_2015-R-002|ISO_9001_2026-R-037
XW-ISO_9001_2015-TO-ISO_9001_2026,XW-00006,ISO_9001_2015-R-002,ISO_9001_2026-R-012,overlaps,bidirectional,Relación provisional basada en controles TCDX compartidos y estructura pública; no implica equivalencia jurídica ni certificatoria.,medium,draft,provisional,PROV:TCDX:BASELINE_CONTROLS:v1,XW-ISO_9001_2015-TO-ISO_9001_2026|ISO_9001_2015-R-002|ISO_9001_2026-R-012
XW-ISO_9001_2015-TO-ISO_9001_2026,XW-00007,ISO_9001_2015-R-003,ISO_9001_2026-R-003,equivalent,bidirectional,Relación provisional basada en controles TCDX compartidos y estructura pública; no implica equivalencia jurídica ni certificatoria.,medium,draft,provisional,PROV:TCDX:BASELINE_CONTROLS:v1,XW-ISO_9001_2015-TO-ISO_9001_2026|ISO_9001_2015-R-003|ISO_9001_2026-R-003
XW-ISO_9001_2015-TO-ISO_9001_2026,XW-00008,ISO_9001_2015-R-003,ISO_9001_2026-R-015,overlaps,bidirectional,Relación provisional basada en controles TCDX compartidos y estructura pública; no implica equivalencia jurídica ni certificatoria.,medium,draft,provisional,PROV:TCDX:BASELINE_CONTROLS:v1,XW-ISO_9001_2015-TO-ISO_9001_2026|ISO_9001_2015-R-003|ISO_9001_2026-R-015
XW-ISO_9001_2015-TO-ISO_9001_2026,XW-00009,ISO_9001_2015-R-003,ISO_9001_2026-R-016,overlaps,bidirectional,Relación provisional basada en controles TCDX compartidos y estructura pública; no implica equivalencia jurídica ni certificatoria.,medium,draft,provisional,PROV:TCDX:BASELINE_CONTROLS:v1,XW-ISO_9001_2015-TO-ISO_9001_2026|ISO_9001_2015-R-003|ISO_9001_2026-R-016
XW-ISO_9001_2015-TO-ISO_9001_2026,XW-00010,ISO_9001_2015-R-004,ISO_9001_2026-R-004,equivalent,bidirectional,Relación provisional basada en controles TCDX compartidos y estructura pública; no implica equivalencia jurídica ni certificatoria.,medium,draft,provisional,PROV:TCDX:BASELINE_CONTROLS:v1,XW-ISO_9001_2015-TO-ISO_9001_2026|ISO_9001_2015-R-004|ISO_9001_2026-R-004
XW-ISO_9001_2015-TO-ISO_9001_2026,XW-00011,ISO_9001_2015-R-004,ISO_9001_2026-R-022,overlaps,bidirectional,Relación provisional basada en controles TCDX compartidos y estructura pública; no implica equivalencia jurídica ni certificatoria.,medium,draft,provisional,PROV:TCDX:BASELINE_CONTROLS:v1,XW-ISO_9001_2015-TO-ISO_9001_2026|ISO_9001_2015-R-004|ISO_9001_2026-R-022
XW-ISO_9001_2015-TO-ISO_9001_2026,XW-00012,ISO_9001_2015-R-004,ISO_9001_2026-R-019,overlaps,bidirectional,Relación provisional basada en controles TCDX compartidos y estructura pública; no implica equivalencia jurídica ni certificatoria.,medium,draft,provisional,PROV:TCDX:BASELINE_CONTROLS:v1,XW-ISO_9001_2015-TO-ISO_9001_2026|ISO_9001_2015-R-004|ISO_9001_2026-R-019
XW-ISO_9001_2015-TO-ISO_9001_2026,XW-00013,ISO_9001_2015-R-005,ISO_9001_2026-R-005,equivalent,bidirectional,Relación provisional basada en controles TCDX compartidos y estructura pública; no implica equivalencia jurídica ni certificatoria.,medium,draft,provisional,PROV:TCDX:BASELINE_CONTROLS:v1,XW-ISO_9001_2015-TO-ISO_9001_2026|ISO_9001_2015-R-005|ISO_9001_2026-R-005
XW-ISO_9001_2015-TO-ISO_9001_2026,XW-00014,ISO_9001_2015-R-005,ISO_9001_2026-R-027,supports,source_to_target,Relación provisional basada en controles TCDX compartidos y estructura pública; no implica equivalencia jurídica ni certificatoria.,medium,draft,provisional,PROV:TCDX:BASELINE_CONTROLS:v1,XW-ISO_9001_2015-TO-ISO_9001_2026|ISO_9001_2015-R-005|ISO_9001_2026-R-027
XW-ISO_9001_2015-TO-ISO_9001_2026,XW-00015,ISO_9001_2015-R-006,ISO_9001_2026-R-006,equivalent,bidirectional,Relación provisional basada en controles TCDX compartidos y estructura pública; no implica equivalencia jurídica ni certificatoria.,medium,draft,provisional,PROV:TCDX:BASELINE_CONTROLS:v1,XW-ISO_9001_2015-TO-ISO_9001_2026|ISO_9001_2015-R-006|ISO_9001_2026-R-006
XW-ISO_9001_2015-TO-ISO_9001_2026,XW-00016,ISO_9001_2015-R-006,ISO_9001_2026-R-003,supports,source_to_target,Relación provisional basada en controles TCDX compartidos y estructura pública; no implica equivalencia jurídica ni certificatoria.,medium,draft,provisional,PROV:TCDX:BASELINE_CONTROLS:v1,XW-ISO_9001_2015-TO-ISO_9001_2026|ISO_9001_2015-R-006|ISO_9001_2026-R-003
XW-ISO_9001_2015-TO-ISO_9001_2026,XW-00017,ISO_9001_2015-R-006,ISO_9001_2026-R-016,supports,source_to_target,Relación provisional basada en controles TCDX compartidos y estructura pública; no implica equivalencia jurídica ni certificatoria.,medium,draft,provisional,PROV:TCDX:BASELINE_CONTROLS:v1,XW-ISO_9001_2015-TO-ISO_9001_2026|ISO_9001_2015-R-006|ISO_9001_2026-R-016
XW-ISO_9001_2015-TO-ISO_9001_2026,XW-00018,ISO_9001_2015-R-007,ISO_9001_2026-R-007,equivalent,bidirectional,Relación provisional basada en controles TCDX compartidos y estructura pública; no implica equivalencia jurídica ni certificatoria.,medium,draft,provisional,PROV:TCDX:BASELINE_CONTROLS:v1,XW-ISO_9001_2015-TO-ISO_9001_2026|ISO_9001_2015-R-007|ISO_9001_2026-R-007
XW-ISO_9001_2015-TO-ISO_9001_2026,XW-00019,ISO_9001_2015-R-007,ISO_9001_2026-R-011,supports,source_to_target,Relación provisional basada en controles TCDX compartidos y estructura pública; no implica equivalencia jurídica ni certificatoria.,medium,draft,provisional,PROV:TCDX:BASELINE_CONTROLS:v1,XW-ISO_9001_2015-TO-ISO_9001_2026|ISO_9001_2015-R-007|ISO_9001_2026-R-011
XW-ISO_9001_2015-TO-ISO_9001_2026,XW-00020,ISO_9001_2015-R-007,ISO_9001_2026-R-033,supports,source_to_target,Relación provisional basada en controles TCDX compartidos y estructura pública; no implica equivalencia jurídica ni certificatoria.,medium,draft,provisional,PROV:TCDX:BASELINE_CONTROLS:v1,XW-ISO_9001_2015-TO-ISO_9001_2026|ISO_9001_2015-R-007|ISO_9001_2026-R-033
XW-ISO_9001_2015-TO-ISO_9001_2026,XW-00021,ISO_9001_2015-R-008,ISO_9001_2026-R-002,supports,source_to_target,Relación provisional basada en controles TCDX compartidos y estructura pública; no implica equivalencia jurídica ni certificatoria.,medium,draft,provisional,PROV:TCDX:BASELINE_CONTROLS:v1,XW-ISO_9001_2015-TO-ISO_9001_2026|ISO_9001_2015-R-008|ISO_9001_2026-R-002
XW-ISO_9001_2015-TO-ISO_9001_2026,XW-00022,ISO_9001_2015-R-008,ISO_9001_2026-R-008,equivalent,bidirectional,Relación provisional basada en controles TCDX compartidos y estructura pública; no implica equivalencia jurídica ni certificatoria.,medium,draft,provisional,PROV:TCDX:BASELINE_CONTROLS:v1,XW-ISO_9001_2015-TO-ISO_9001_2026|ISO_9001_2015-R-008|ISO_9001_2026-R-008
XW-ISO_9001_2015-TO-ISO_9001_2026,XW-00023,ISO_9001_2015-R-008,ISO_9001_2026-R-010,supports,source_to_target,Relación provisional basada en controles TCDX compartidos y estructura pública; no implica equivalencia jurídica ni certificatoria.,medium,draft,provisional,PROV:TCDX:BASELINE_CONTROLS:v1,XW-ISO_9001_2015-TO-ISO_9001_2026|ISO_9001_2015-R-008|ISO_9001_2026-R-010
XW-ISO_9001_2015-TO-ISO_9001_2026,XW-00024,ISO_9001_2015-R-009,ISO_9001_2026-R-001,overlaps,bidirectional,Relación provisional basada en controles TCDX compartidos y estructura pública; no implica equivalencia jurídica ni certificatoria.,medium,draft,provisional,PROV:TCDX:BASELINE_CONTROLS:v1,XW-ISO_9001_2015-TO-ISO_9001_2026|ISO_9001_2015-R-009|ISO_9001_2026-R-001
XW-ISO_9001_2015-TO-ISO_9001_2026,XW-00025,ISO_9001_2015-R-009,ISO_9001_2026-R-009,equivalent,bidirectional,Relación provisional basada en controles TCDX compartidos y estructura pública; no implica equivalencia jurídica ni certificatoria.,medium,draft,provisional,PROV:TCDX:BASELINE_CONTROLS:v1,XW-ISO_9001_2015-TO-ISO_9001_2026|ISO_9001_2015-R-009|ISO_9001_2026-R-009
XW-ISO_9001_2015-TO-ISO_9001_2026,XW-00026,ISO_9001_2015-R-009,ISO_9001_2026-R-037,overlaps,bidirectional,Relación provisional basada en controles TCDX compartidos y estructura pública; no implica equivalencia jurídica ni certificatoria.,medium,draft,provisional,PROV:TCDX:BASELINE_CONTROLS:v1,XW-ISO_9001_2015-TO-ISO_9001_2026|ISO_9001_2015-R-009|ISO_9001_2026-R-037
XW-ISO_9001_2015-TO-ISO_9001_2026,XW-00027,ISO_9001_2015-R-010,ISO_9001_2026-R-002,supports,source_to_target,Relación provisional basada en controles TCDX compartidos y estructura pública; no implica equivalencia jurídica ni certificatoria.,medium,draft,provisional,PROV:TCDX:BASELINE_CONTROLS:v1,XW-ISO_9001_2015-TO-ISO_9001_2026|ISO_9001_2015-R-010|ISO_9001_2026-R-002
XW-ISO_9001_2015-TO-ISO_9001_2026,XW-00028,ISO_9001_2015-R-010,ISO_9001_2026-R-008,supports,source_to_target,Relación provisional basada en controles TCDX compartidos y estructura pública; no implica equivalencia jurídica ni certificatoria.,medium,draft,provisional,PROV:TCDX:BASELINE_CONTROLS:v1,XW-ISO_9001_2015-TO-ISO_9001_2026|ISO_9001_2015-R-010|ISO_9001_2026-R-008
XW-ISO_9001_2015-TO-ISO_9001_2026,XW-00029,ISO_9001_2015-R-010,ISO_9001_2026-R-010,equivalent,bidirectional,Relación provisional basada en controles TCDX compartidos y estructura pública; no implica equivalencia jurídica ni certificatoria.,medium,draft,provisional,PROV:TCDX:BASELINE_CONTROLS:v1,XW-ISO_9001_2015-TO-ISO_9001_2026|ISO_9001_2015-R-010|ISO_9001_2026-R-010
XW-ISO_9001_2015-TO-ISO_9001_2026,XW-00030,ISO_9001_2015-R-011,ISO_9001_2026-R-007,supports,source_to_target,Relación provisional basada en controles TCDX compartidos y estructura pública; no implica equivalencia jurídica ni certificatoria.,medium,draft,provisional,PROV:TCDX:BASELINE_CONTROLS:v1,XW-ISO_9001_2015-TO-ISO_9001_2026|ISO_9001_2015-R-011|ISO_9001_2026-R-007
XW-ISO_9001_2015-TO-ISO_9001_2026,XW-00031,ISO_9001_2015-R-011,ISO_9001_2026-R-011,equivalent,bidirectional,Relación provisional basada en controles TCDX compartidos y estructura pública; no implica equivalencia jurídica ni certificatoria.,medium,draft,provisional,PROV:TCDX:BASELINE_CONTROLS:v1,XW-ISO_9001_2015-TO-ISO_9001_2026|ISO_9001_2015-R-011|ISO_9001_2026-R-011
XW-ISO_9001_2015-TO-ISO_9001_2026,XW-00032,ISO_9001_2015-R-011,ISO_9001_2026-R-033,supports,source_to_target,Relación provisional basada en controles TCDX compartidos y estructura pública; no implica equivalencia jurídica ni certificatoria.,medium,draft,provisional,PROV:TCDX:BASELINE_CONTROLS:v1,XW-ISO_9001_2015-TO-ISO_9001_2026|ISO_9001_2015-R-011|ISO_9001_2026-R-033
XW-ISO_9001_2015-TO-ISO_9001_2026,XW-00033,ISO_9001_2015-R-012,ISO_9001_2026-R-002,overlaps,bidirectional,Relación provisional basada en controles TCDX compartidos y estructura pública; no implica equivalencia jurídica ni certificatoria.,medium,draft,provisional,PROV:TCDX:BASELINE_CONTROLS:v1,XW-ISO_9001_2015-TO-ISO_9001_2026|ISO_9001_2015-R-012|ISO_9001_2026-R-002
XW-ISO_9001_2015-TO-ISO_9001_2026,XW-00034,ISO_9001_2015-R-012,ISO_9001_2026-R-012,equivalent,bidirectional,Relación provisional basada en controles TCDX compartidos y estructura pública; no implica equivalencia jurídica ni certificatoria.,medium,draft,provisional,PROV:TCDX:BASELINE_CONTROLS:v1,XW-ISO_9001_2015-TO-ISO_9001_2026|ISO_9001_2015-R-012|ISO_9001_2026-R-012
XW-ISO_9001_2015-TO-ISO_9001_2026,XW-00035,ISO_9001_2015-R-012,ISO_9001_2026-R-014,overlaps,bidirectional,Relación provisional basada en controles TCDX compartidos y estructura pública; no implica equivalencia jurídica ni certificatoria.,medium,draft,provisional,PROV:TCDX:BASELINE_CONTROLS:v1,XW-ISO_9001_2015-TO-ISO_9001_2026|ISO_9001_2015-R-012|ISO_9001_2026-R-014
XW-ISO_9001_2015-TO-ISO_9001_2026,XW-00036,ISO_9001_2015-R-013,ISO_9001_2026-R-013,equivalent,bidirectional,Relación provisional basada en controles TCDX compartidos y estructura pública; no implica equivalencia jurídica ni certificatoria.,medium,draft,provisional,PROV:TCDX:BASELINE_CONTROLS:v1,XW-ISO_9001_2015-TO-ISO_9001_2026|ISO_9001_2015-R-013|ISO_9001_2026-R-013
XW-ISO_9001_2015-TO-ISO_9001_2026,XW-00037,ISO_9001_2015-R-013,ISO_9001_2026-R-019,overlaps,bidirectional,Relación provisional basada en controles TCDX compartidos y estructura pública; no implica equivalencia jurídica ni certificatoria.,medium,draft,provisional,PROV:TCDX:BASELINE_CONTROLS:v1,XW-ISO_9001_2015-TO-ISO_9001_2026|ISO_9001_2015-R-013|ISO_9001_2026-R-019
XW-ISO_9001_2015-TO-ISO_9001_2026,XW-00038,ISO_9001_2015-R-013,ISO_9001_2026-R-020,overlaps,bidirectional,Relación provisional basada en controles TCDX compartidos y estructura pública; no implica equivalencia jurídica ni certificatoria.,medium,draft,provisional,PROV:TCDX:BASELINE_CONTROLS:v1,XW-ISO_9001_2015-TO-ISO_9001_2026|ISO_9001_2015-R-013|ISO_9001_2026-R-020
XW-ISO_9001_2015-TO-ISO_9001_2026,XW-00039,ISO_9001_2015-R-014,ISO_9001_2026-R-002,overlaps,bidirectional,Relación provisional basada en controles TCDX compartidos y estructura pública; no implica equivalencia jurídica ni certificatoria.,medium,draft,provisional,PROV:TCDX:BASELINE_CONTROLS:v1,XW-ISO_9001_2015-TO-ISO_9001_2026|ISO_9001_2015-R-014|ISO_9001_2026-R-002
XW-ISO_9001_2015-TO-ISO_9001_2026,XW-00040,ISO_9001_2015-R-014,ISO_9001_2026-R-012,overlaps,bidirectional,Relación provisional basada en controles TCDX compartidos y estructura pública; no implica equivalencia jurídica ni certificatoria.,medium,draft,provisional,PROV:TCDX:BASELINE_CONTROLS:v1,XW-ISO_9001_2015-TO-ISO_9001_2026|ISO_9001_2015-R-014|ISO_9001_2026-R-012
XW-ISO_9001_2015-TO-ISO_9001_2026,XW-00041,ISO_9001_2015-R-014,ISO_9001_2026-R-014,equivalent,bidirectional,Relación provisional basada en controles TCDX compartidos y estructura pública; no implica equivalencia jurídica ni certificatoria.,medium,draft,provisional,PROV:TCDX:BASELINE_CONTROLS:v1,XW-ISO_9001_2015-TO-ISO_9001_2026|ISO_9001_2015-R-014|ISO_9001_2026-R-014
XW-ISO_9001_2015-TO-ISO_9001_2026,XW-00042,ISO_9001_2015-R-015,ISO_9001_2026-R-003,overlaps,bidirectional,Relación provisional basada en controles TCDX compartidos y estructura pública; no implica equivalencia jurídica ni certificatoria.,medium,draft,provisional,PROV:TCDX:BASELINE_CONTROLS:v1,XW-ISO_9001_2015-TO-ISO_9001_2026|ISO_9001_2015-R-015|ISO_9001_2026-R-003
XW-ISO_9001_2015-TO-ISO_9001_2026,XW-00043,ISO_9001_2015-R-015,ISO_9001_2026-R-015,equivalent,bidirectional,Relación provisional basada en controles TCDX compartidos y estructura pública; no implica equivalencia jurídica ni certificatoria.,medium,draft,provisional,PROV:TCDX:BASELINE_CONTROLS:v1,XW-ISO_9001_2015-TO-ISO_9001_2026|ISO_9001_2015-R-015|ISO_9001_2026-R-015
XW-ISO_9001_2015-TO-ISO_9001_2026,XW-00044,ISO_9001_2015-R-015,ISO_9001_2026-R-033,overlaps,bidirectional,Relación provisional basada en controles TCDX compartidos y estructura pública; no implica equivalencia jurídica ni certificatoria.,medium,draft,provisional,PROV:TCDX:BASELINE_CONTROLS:v1,XW-ISO_9001_2015-TO-ISO_9001_2026|ISO_9001_2015-R-015|ISO_9001_2026-R-033
XW-ISO_9001_2015-TO-ISO_9001_2026,XW-00045,ISO_9001_2015-R-016,ISO_9001_2026-R-003,overlaps,bidirectional,Relación provisional basada en controles TCDX compartidos y estructura pública; no implica equivalencia jurídica ni certificatoria.,medium,draft,provisional,PROV:TCDX:BASELINE_CONTROLS:v1,XW-ISO_9001_2015-TO-ISO_9001_2026|ISO_9001_2015-R-016|ISO_9001_2026-R-003
XW-ISO_9001_2015-TO-ISO_9001_2026,XW-00046,ISO_9001_2015-R-016,ISO_9001_2026-R-016,equivalent,bidirectional,Relación provisional basada en controles TCDX compartidos y estructura pública; no implica equivalencia jurídica ni certificatoria.,medium,draft,provisional,PROV:TCDX:BASELINE_CONTROLS:v1,XW-ISO_9001_2015-TO-ISO_9001_2026|ISO_9001_2015-R-016|ISO_9001_2026-R-016
XW-ISO_9001_2015-TO-ISO_9001_2026,XW-00047,ISO_9001_2015-R-016,ISO_9001_2026-R-020,overlaps,bidirectional,Relación provisional basada en controles TCDX compartidos y estructura pública; no implica equivalencia jurídica ni certificatoria.,medium,draft,provisional,PROV:TCDX:BASELINE_CONTROLS:v1,XW-ISO_9001_2015-TO-ISO_9001_2026|ISO_9001_2015-R-016|ISO_9001_2026-R-020
XW-ISO_9001_2015-TO-ISO_9001_2026,XW-00048,ISO_9001_2015-R-017,ISO_9001_2026-R-002,supports,source_to_target,Relación provisional basada en controles TCDX compartidos y estructura pública; no implica equivalencia jurídica ni certificatoria.,medium,draft,provisional,PROV:TCDX:BASELINE_CONTROLS:v1,XW-ISO_9001_2015-TO-ISO_9001_2026|ISO_9001_2015-R-017|ISO_9001_2026-R-002
XW-ISO_9001_2015-TO-ISO_9001_2026,XW-00049,ISO_9001_2015-R-017,ISO_9001_2026-R-008,supports,source_to_target,Relación provisional basada en controles TCDX compartidos y estructura pública; no implica equivalencia jurídica ni certificatoria.,medium,draft,provisional,PROV:TCDX:BASELINE_CONTROLS:v1,XW-ISO_9001_2015-TO-ISO_9001_2026|ISO_9001_2015-R-017|ISO_9001_2026-R-008
XW-ISO_9001_2015-TO-ISO_9001_2026,XW-00050,ISO_9001_2015-R-017,ISO_9001_2026-R-010,supports,source_to_target,Relación provisional basada en controles TCDX compartidos y estructura pública; no implica equivalencia jurídica ni certificatoria.,medium,draft,provisional,PROV:TCDX:BASELINE_CONTROLS:v1,XW-ISO_9001_2015-TO-ISO_9001_2026|ISO_9001_2015-R-017|ISO_9001_2026-R-010
XW-ISO_9001_2015-TO-ISO_9001_2026,XW-00051,ISO_9001_2015-R-018,ISO_9001_2026-R-002,supports,source_to_target,Relación provisional basada en controles TCDX compartidos y estructura pública; no implica equivalencia jurídica ni certificatoria.,medium,draft,provisional,PROV:TCDX:BASELINE_CONTROLS:v1,XW-ISO_9001_2015-TO-ISO_9001_2026|ISO_9001_2015-R-018|ISO_9001_2026-R-002
XW-ISO_9001_2015-TO-ISO_9001_2026,XW-00052,ISO_9001_2015-R-018,ISO_9001_2026-R-008,supports,source_to_target,Relación provisional basada en controles TCDX compartidos y estructura pública; no implica equivalencia jurídica ni certificatoria.,medium,draft,provisional,PROV:TCDX:BASELINE_CONTROLS:v1,XW-ISO_9001_2015-TO-ISO_9001_2026|ISO_9001_2015-R-018|ISO_9001_2026-R-008
XW-ISO_9001_2015-TO-ISO_9001_2026,XW-00053,ISO_9001_2015-R-018,ISO_9001_2026-R-010,supports,source_to_target,Relación provisional basada en controles TCDX compartidos y estructura pública; no implica equivalencia jurídica ni certificatoria.,medium,draft,provisional,PROV:TCDX:BASELINE_CONTROLS:v1,XW-ISO_9001_2015-TO-ISO_9001_2026|ISO_9001_2015-R-018|ISO_9001_2026-R-010
XW-ISO_9001_2015-TO-ISO_9001_2026,XW-00054,ISO_9001_2015-R-019,ISO_9001_2026-R-019,equivalent,bidirectional,Relación provisional basada en controles TCDX compartidos y estructura pública; no implica equivalencia jurídica ni certificatoria.,medium,draft,provisional,PROV:TCDX:BASELINE_CONTROLS:v1,XW-ISO_9001_2015-TO-ISO_9001_2026|ISO_9001_2015-R-019|ISO_9001_2026-R-019
XW-ISO_9001_2015-TO-ISO_9001_2026,XW-00055,ISO_9001_2015-R-019,ISO_9001_2026-R-022,overlaps,bidirectional,Relación provisional basada en controles TCDX compartidos y estructura pública; no implica equivalencia jurídica ni certificatoria.,medium,draft,provisional,PROV:TCDX:BASELINE_CONTROLS:v1,XW-ISO_9001_2015-TO-ISO_9001_2026|ISO_9001_2015-R-019|ISO_9001_2026-R-022
XW-ISO_9001_2015-TO-ISO_9001_2026,XW-00056,ISO_9001_2015-R-019,ISO_9001_2026-R-013,overlaps,bidirectional,Relación provisional basada en controles TCDX compartidos y estructura pública; no implica equivalencia jurídica ni certificatoria.,medium,draft,provisional,PROV:TCDX:BASELINE_CONTROLS:v1,XW-ISO_9001_2015-TO-ISO_9001_2026|ISO_9001_2015-R-019|ISO_9001_2026-R-013
XW-ISO_9001_2015-TO-ISO_9001_2026,XW-00057,ISO_9001_2015-R-020,ISO_9001_2026-R-020,equivalent,bidirectional,Relación provisional basada en controles TCDX compartidos y estructura pública; no implica equivalencia jurídica ni certificatoria.,medium,draft,provisional,PROV:TCDX:BASELINE_CONTROLS:v1,XW-ISO_9001_2015-TO-ISO_9001_2026|ISO_9001_2015-R-020|ISO_9001_2026-R-020
XW-ISO_9001_2015-TO-ISO_9001_2026,XW-00058,ISO_9001_2015-R-020,ISO_9001_2026-R-013,overlaps,bidirectional,Relación provisional basada en controles TCDX compartidos y estructura pública; no implica equivalencia jurídica ni certificatoria.,medium,draft,provisional,PROV:TCDX:BASELINE_CONTROLS:v1,XW-ISO_9001_2015-TO-ISO_9001_2026|ISO_9001_2015-R-020|ISO_9001_2026-R-013
XW-ISO_9001_2015-TO-ISO_9001_2026,XW-00059,ISO_9001_2015-R-020,ISO_9001_2026-R-039,equivalent,bidirectional,Relación provisional basada en controles TCDX compartidos y estructura pública; no implica equivalencia jurídica ni certificatoria.,medium,draft,provisional,PROV:TCDX:BASELINE_CONTROLS:v1,XW-ISO_9001_2015-TO-ISO_9001_2026|ISO_9001_2015-R-020|ISO_9001_2026-R-039
XW-ISO_9001_2015-TO-ISO_9001_2026,XW-00060,ISO_9001_2015-R-021,ISO_9001_2026-R-002,supports,source_to_target,Relación provisional basada en controles TCDX compartidos y estructura pública; no implica equivalencia jurídica ni certificatoria.,medium,draft,provisional,PROV:TCDX:BASELINE_CONTROLS:v1,XW-ISO_9001_2015-TO-ISO_9001_2026|ISO_9001_2015-R-021|ISO_9001_2026-R-002
XW-ISO_9001_2015-TO-ISO_9001_2026,XW-00061,ISO_9001_2015-R-021,ISO_9001_2026-R-008,supports,source_to_target,Relación provisional basada en controles TCDX compartidos y estructura pública; no implica equivalencia jurídica ni certificatoria.,medium,draft,provisional,PROV:TCDX:BASELINE_CONTROLS:v1,XW-ISO_9001_2015-TO-ISO_9001_2026|ISO_9001_2015-R-021|ISO_9001_2026-R-008
XW-ISO_9001_2015-TO-ISO_9001_2026,XW-00062,ISO_9001_2015-R-021,ISO_9001_2026-R-010,supports,source_to_target,Relación provisional basada en controles TCDX compartidos y estructura pública; no implica equivalencia jurídica ni certificatoria.,medium,draft,provisional,PROV:TCDX:BASELINE_CONTROLS:v1,XW-ISO_9001_2015-TO-ISO_9001_2026|ISO_9001_2015-R-021|ISO_9001_2026-R-010
XW-ISO_9001_2015-TO-ISO_9001_2026,XW-00063,ISO_9001_2015-R-022,ISO_9001_2026-R-022,equivalent,bidirectional,Relación provisional basada en controles TCDX compartidos y estructura pública; no implica equivalencia jurídica ni certificatoria.,medium,draft,provisional,PROV:TCDX:BASELINE_CONTROLS:v1,XW-ISO_9001_2015-TO-ISO_9001_2026|ISO_9001_2015-R-022|ISO_9001_2026-R-022
XW-ISO_9001_2015-TO-ISO_9001_2026,XW-00064,ISO_9001_2015-R-022,ISO_9001_2026-R-004,overlaps,bidirectional,Relación provisional basada en controles TCDX compartidos y estructura pública; no implica equivalencia jurídica ni certificatoria.,medium,draft,provisional,PROV:TCDX:BASELINE_CONTROLS:v1,XW-ISO_9001_2015-TO-ISO_9001_2026|ISO_9001_2015-R-022|ISO_9001_2026-R-004
XW-ISO_9001_2015-TO-ISO_9001_2026,XW-00065,ISO_9001_2015-R-022,ISO_9001_2026-R-019,overlaps,bidirectional,Relación provisional basada en controles TCDX compartidos y estructura pública; no implica equivalencia jurídica ni certificatoria.,medium,draft,provisional,PROV:TCDX:BASELINE_CONTROLS:v1,XW-ISO_9001_2015-TO-ISO_9001_2026|ISO_9001_2015-R-022|ISO_9001_2026-R-019
XW-ISO_9001_2015-TO-ISO_9001_2026,XW-00066,ISO_9001_2015-R-023,ISO_9001_2026-R-002,supports,source_to_target,Relación provisional basada en controles TCDX compartidos y estructura pública; no implica equivalencia jurídica ni certificatoria.,medium,draft,provisional,PROV:TCDX:BASELINE_CONTROLS:v1,XW-ISO_9001_2015-TO-ISO_9001_2026|ISO_9001_2015-R-023|ISO_9001_2026-R-002
XW-ISO_9001_2015-TO-ISO_9001_2026,XW-00067,ISO_9001_2015-R-023,ISO_9001_2026-R-008,supports,source_to_target,Relación provisional basada en controles TCDX compartidos y estructura pública; no implica equivalencia jurídica ni certificatoria.,medium,draft,provisional,PROV:TCDX:BASELINE_CONTROLS:v1,XW-ISO_9001_2015-TO-ISO_9001_2026|ISO_9001_2015-R-023|ISO_9001_2026-R-008
XW-ISO_9001_2015-TO-ISO_9001_2026,XW-00068,ISO_9001_2015-R-023,ISO_9001_2026-R-010,supports,source_to_target,Relación provisional basada en controles TCDX compartidos y estructura pública; no implica equivalencia jurídica ni certificatoria.,medium,draft,provisional,PROV:TCDX:BASELINE_CONTROLS:v1,XW-ISO_9001_2015-TO-ISO_9001_2026|ISO_9001_2015-R-023|ISO_9001_2026-R-010
XW-ISO_9001_2015-TO-ISO_9001_2026,XW-00069,ISO_9001_2015-R-024,ISO_9001_2026-R-024,equivalent,bidirectional,Relación provisional basada en controles TCDX compartidos y estructura pública; no implica equivalencia jurídica ni certificatoria.,medium,draft,provisional,PROV:TCDX:BASELINE_CONTROLS:v1,XW-ISO_9001_2015-TO-ISO_9001_2026|ISO_9001_2015-R-024|ISO_9001_2026-R-024
XW-ISO_9001_2015-TO-ISO_9001_2026,XW-00070,ISO_9001_2015-R-024,ISO_9001_2026-R-030,overlaps,bidirectional,Relación provisional basada en controles TCDX compartidos y estructura pública; no implica equivalencia jurídica ni certificatoria.,medium,draft,provisional,PROV:TCDX:BASELINE_CONTROLS:v1,XW-ISO_9001_2015-TO-ISO_9001_2026|ISO_9001_2015-R-024|ISO_9001_2026-R-030
XW-ISO_9001_2015-TO-ISO_9001_2026,XW-00071,ISO_9001_2015-R-024,ISO_9001_2026-R-004,supports,source_to_target,Relación provisional basada en controles TCDX compartidos y estructura pública; no implica equivalencia jurídica ni certificatoria.,medium,draft,provisional,PROV:TCDX:BASELINE_CONTROLS:v1,XW-ISO_9001_2015-TO-ISO_9001_2026|ISO_9001_2015-R-024|ISO_9001_2026-R-004
XW-ISO_9001_2015-TO-ISO_9001_2026,XW-00072,ISO_9001_2015-R-025,ISO_9001_2026-R-025,equivalent,bidirectional,Relación provisional basada en controles TCDX compartidos y estructura pública; no implica equivalencia jurídica ni certificatoria.,medium,draft,provisional,PROV:TCDX:BASELINE_CONTROLS:v1,XW-ISO_9001_2015-TO-ISO_9001_2026|ISO_9001_2015-R-025|ISO_9001_2026-R-025
XW-ISO_9001_2015-TO-ISO_9001_2026,XW-00073,ISO_9001_2015-R-026,ISO_9001_2026-R-002,supports,source_to_target,Relación provisional basada en controles TCDX compartidos y estructura pública; no implica equivalencia jurídica ni certificatoria.,medium,draft,provisional,PROV:TCDX:BASELINE_CONTROLS:v1,XW-ISO_9001_2015-TO-ISO_9001_2026|ISO_9001_2015-R-026|ISO_9001_2026-R-002
XW-ISO_9001_2015-TO-ISO_9001_2026,XW-00074,ISO_9001_2015-R-026,ISO_9001_2026-R-008,supports,source_to_target,Relación provisional basada en controles TCDX compartidos y estructura pública; no implica equivalencia jurídica ni certificatoria.,medium,draft,provisional,PROV:TCDX:BASELINE_CONTROLS:v1,XW-ISO_9001_2015-TO-ISO_9001_2026|ISO_9001_2015-R-026|ISO_9001_2026-R-008
XW-ISO_9001_2015-TO-ISO_9001_2026,XW-00075,ISO_9001_2015-R-026,ISO_9001_2026-R-010,supports,source_to_target,Relación provisional basada en controles TCDX compartidos y estructura pública; no implica equivalencia jurídica ni certificatoria.,medium,draft,provisional,PROV:TCDX:BASELINE_CONTROLS:v1,XW-ISO_9001_2015-TO-ISO_9001_2026|ISO_9001_2015-R-026|ISO_9001_2026-R-010
XW-ISO_9001_2015-TO-ISO_9001_2026,XW-00076,ISO_9001_2015-R-027,ISO_9001_2026-R-027,equivalent,bidirectional,Relación provisional basada en controles TCDX compartidos y estructura pública; no implica equivalencia jurídica ni certificatoria.,medium,draft,provisional,PROV:TCDX:BASELINE_CONTROLS:v1,XW-ISO_9001_2015-TO-ISO_9001_2026|ISO_9001_2015-R-027|ISO_9001_2026-R-027
XW-ISO_9001_2015-TO-ISO_9001_2026,XW-00077,ISO_9001_2015-R-027,ISO_9001_2026-R-005,supports,source_to_target,Relación provisional basada en controles TCDX compartidos y estructura pública; no implica equivalencia jurídica ni certificatoria.,medium,draft,provisional,PROV:TCDX:BASELINE_CONTROLS:v1,XW-ISO_9001_2015-TO-ISO_9001_2026|ISO_9001_2015-R-027|ISO_9001_2026-R-005
XW-ISO_9001_2015-TO-ISO_9001_2026,XW-00078,ISO_9001_2015-R-028,ISO_9001_2026-R-002,supports,source_to_target,Relación provisional basada en controles TCDX compartidos y estructura pública; no implica equivalencia jurídica ni certificatoria.,medium,draft,provisional,PROV:TCDX:BASELINE_CONTROLS:v1,XW-ISO_9001_2015-TO-ISO_9001_2026|ISO_9001_2015-R-028|ISO_9001_2026-R-002
XW-ISO_9001_2015-TO-ISO_9001_2026,XW-00079,ISO_9001_2015-R-028,ISO_9001_2026-R-008,supports,source_to_target,Relación provisional basada en controles TCDX compartidos y estructura pública; no implica equivalencia jurídica ni certificatoria.,medium,draft,provisional,PROV:TCDX:BASELINE_CONTROLS:v1,XW-ISO_9001_2015-TO-ISO_9001_2026|ISO_9001_2015-R-028|ISO_9001_2026-R-008
XW-ISO_9001_2015-TO-ISO_9001_2026,XW-00080,ISO_9001_2015-R-028,ISO_9001_2026-R-010,supports,source_to_target,Relación provisional basada en controles TCDX compartidos y estructura pública; no implica equivalencia jurídica ni certificatoria.,medium,draft,provisional,PROV:TCDX:BASELINE_CONTROLS:v1,XW-ISO_9001_2015-TO-ISO_9001_2026|ISO_9001_2015-R-028|ISO_9001_2026-R-010
XW-ISO_9001_2015-TO-ISO_9001_2026,XW-00081,ISO_9001_2015-R-029,ISO_9001_2026-R-029,equivalent,bidirectional,Relación provisional basada en controles TCDX compartidos y estructura pública; no implica equivalencia jurídica ni certificatoria.,medium,draft,provisional,PROV:TCDX:BASELINE_CONTROLS:v1,XW-ISO_9001_2015-TO-ISO_9001_2026|ISO_9001_2015-R-029|ISO_9001_2026-R-029
XW-ISO_9001_2015-TO-ISO_9001_2026,XW-00082,ISO_9001_2015-R-030,ISO_9001_2026-R-024,overlaps,bidirectional,Relación provisional basada en controles TCDX compartidos y estructura pública; no implica equivalencia jurídica ni certificatoria.,medium,draft,provisional,PROV:TCDX:BASELINE_CONTROLS:v1,XW-ISO_9001_2015-TO-ISO_9001_2026|ISO_9001_2015-R-030|ISO_9001_2026-R-024
XW-ISO_9001_2015-TO-ISO_9001_2026,XW-00083,ISO_9001_2015-R-030,ISO_9001_2026-R-030,equivalent,bidirectional,Relación provisional basada en controles TCDX compartidos y estructura pública; no implica equivalencia jurídica ni certificatoria.,medium,draft,provisional,PROV:TCDX:BASELINE_CONTROLS:v1,XW-ISO_9001_2015-TO-ISO_9001_2026|ISO_9001_2015-R-030|ISO_9001_2026-R-030
XW-ISO_9001_2015-TO-ISO_9001_2026,XW-00084,ISO_9001_2015-R-031,ISO_9001_2026-R-031,equivalent,bidirectional,Relación provisional basada en controles TCDX compartidos y estructura pública; no implica equivalencia jurídica ni certificatoria.,medium,draft,provisional,PROV:TCDX:BASELINE_CONTROLS:v1,XW-ISO_9001_2015-TO-ISO_9001_2026|ISO_9001_2015-R-031|ISO_9001_2026-R-031
XW-ISO_9001_2015-TO-ISO_9001_2026,XW-00085,ISO_9001_2015-R-031,ISO_9001_2026-R-013,overlaps,bidirectional,Relación provisional basada en controles TCDX compartidos y estructura pública; no implica equivalencia jurídica ni certificatoria.,medium,draft,provisional,PROV:TCDX:BASELINE_CONTROLS:v1,XW-ISO_9001_2015-TO-ISO_9001_2026|ISO_9001_2015-R-031|ISO_9001_2026-R-013
XW-ISO_9001_2015-TO-ISO_9001_2026,XW-00086,ISO_9001_2015-R-031,ISO_9001_2026-R-019,overlaps,bidirectional,Relación provisional basada en controles TCDX compartidos y estructura pública; no implica equivalencia jurídica ni certificatoria.,medium,draft,provisional,PROV:TCDX:BASELINE_CONTROLS:v1,XW-ISO_9001_2015-TO-ISO_9001_2026|ISO_9001_2015-R-031|ISO_9001_2026-R-019
XW-ISO_9001_2015-TO-ISO_9001_2026,XW-00087,ISO_9001_2015-R-032,ISO_9001_2026-R-013,overlaps,bidirectional,Relación provisional basada en controles TCDX compartidos y estructura pública; no implica equivalencia jurídica ni certificatoria.,medium,draft,provisional,PROV:TCDX:BASELINE_CONTROLS:v1,XW-ISO_9001_2015-TO-ISO_9001_2026|ISO_9001_2015-R-032|ISO_9001_2026-R-013
XW-ISO_9001_2015-TO-ISO_9001_2026,XW-00088,ISO_9001_2015-R-032,ISO_9001_2026-R-019,overlaps,bidirectional,Relación provisional basada en controles TCDX compartidos y estructura pública; no implica equivalencia jurídica ni certificatoria.,medium,draft,provisional,PROV:TCDX:BASELINE_CONTROLS:v1,XW-ISO_9001_2015-TO-ISO_9001_2026|ISO_9001_2015-R-032|ISO_9001_2026-R-019
XW-ISO_9001_2015-TO-ISO_9001_2026,XW-00089,ISO_9001_2015-R-032,ISO_9001_2026-R-022,overlaps,bidirectional,Relación provisional basada en controles TCDX compartidos y estructura pública; no implica equivalencia jurídica ni certificatoria.,medium,draft,provisional,PROV:TCDX:BASELINE_CONTROLS:v1,XW-ISO_9001_2015-TO-ISO_9001_2026|ISO_9001_2015-R-032|ISO_9001_2026-R-022
XW-ISO_9001_2015-TO-ISO_9001_2026,XW-00090,ISO_9001_2015-R-033,ISO_9001_2026-R-033,equivalent,bidirectional,Relación provisional basada en controles TCDX compartidos y estructura pública; no implica equivalencia jurídica ni certificatoria.,medium,draft,provisional,PROV:TCDX:BASELINE_CONTROLS:v1,XW-ISO_9001_2015-TO-ISO_9001_2026|ISO_9001_2015-R-033|ISO_9001_2026-R-033
XW-ISO_9001_2015-TO-ISO_9001_2026,XW-00091,ISO_9001_2015-R-033,ISO_9001_2026-R-038,overlaps,bidirectional,Relación provisional basada en controles TCDX compartidos y estructura pública; no implica equivalencia jurídica ni certificatoria.,medium,draft,provisional,PROV:TCDX:BASELINE_CONTROLS:v1,XW-ISO_9001_2015-TO-ISO_9001_2026|ISO_9001_2015-R-033|ISO_9001_2026-R-038
XW-ISO_9001_2015-TO-ISO_9001_2026,XW-00092,ISO_9001_2015-R-033,ISO_9001_2026-R-035,overlaps,bidirectional,Relación provisional basada en controles TCDX compartidos y estructura pública; no implica equivalencia jurídica ni certificatoria.,medium,draft,provisional,PROV:TCDX:BASELINE_CONTROLS:v1,XW-ISO_9001_2015-TO-ISO_9001_2026|ISO_9001_2015-R-033|ISO_9001_2026-R-035
XW-ISO_9001_2015-TO-ISO_9001_2026,XW-00093,ISO_9001_2015-R-034,ISO_9001_2026-R-034,equivalent,bidirectional,Relación provisional basada en controles TCDX compartidos y estructura pública; no implica equivalencia jurídica ni certificatoria.,medium,draft,provisional,PROV:TCDX:BASELINE_CONTROLS:v1,XW-ISO_9001_2015-TO-ISO_9001_2026|ISO_9001_2015-R-034|ISO_9001_2026-R-034
XW-ISO_9001_2015-TO-ISO_9001_2026,XW-00094,ISO_9001_2015-R-034,ISO_9001_2026-R-013,overlaps,bidirectional,Relación provisional basada en controles TCDX compartidos y estructura pública; no implica equivalencia jurídica ni certificatoria.,medium,draft,provisional,PROV:TCDX:BASELINE_CONTROLS:v1,XW-ISO_9001_2015-TO-ISO_9001_2026|ISO_9001_2015-R-034|ISO_9001_2026-R-013
XW-ISO_9001_2015-TO-ISO_9001_2026,XW-00095,ISO_9001_2015-R-034,ISO_9001_2026-R-019,overlaps,bidirectional,Relación provisional basada en controles TCDX compartidos y estructura pública; no implica equivalencia jurídica ni certificatoria.,medium,draft,provisional,PROV:TCDX:BASELINE_CONTROLS:v1,XW-ISO_9001_2015-TO-ISO_9001_2026|ISO_9001_2015-R-034|ISO_9001_2026-R-019
XW-ISO_9001_2015-TO-ISO_9001_2026,XW-00096,ISO_9001_2015-R-035,ISO_9001_2026-R-033,overlaps,bidirectional,Relación provisional basada en controles TCDX compartidos y estructura pública; no implica equivalencia jurídica ni certificatoria.,medium,draft,provisional,PROV:TCDX:BASELINE_CONTROLS:v1,XW-ISO_9001_2015-TO-ISO_9001_2026|ISO_9001_2015-R-035|ISO_9001_2026-R-033
XW-ISO_9001_2015-TO-ISO_9001_2026,XW-00097,ISO_9001_2015-R-035,ISO_9001_2026-R-035,equivalent,bidirectional,Relación provisional basada en controles TCDX compartidos y estructura pública; no implica equivalencia jurídica ni certificatoria.,medium,draft,provisional,PROV:TCDX:BASELINE_CONTROLS:v1,XW-ISO_9001_2015-TO-ISO_9001_2026|ISO_9001_2015-R-035|ISO_9001_2026-R-035
XW-ISO_9001_2015-TO-ISO_9001_2026,XW-00098,ISO_9001_2015-R-035,ISO_9001_2026-R-013,overlaps,bidirectional,Relación provisional basada en controles TCDX compartidos y estructura pública; no implica equivalencia jurídica ni certificatoria.,medium,draft,provisional,PROV:TCDX:BASELINE_CONTROLS:v1,XW-ISO_9001_2015-TO-ISO_9001_2026|ISO_9001_2015-R-035|ISO_9001_2026-R-013
XW-ISO_IEC_27001_2022-TO-ISO_IEC_42001_2023,XW-00099,ISO_IEC_27001_2022-R-001,ISO_IEC_42001_2023-R-001,overlaps,bidirectional,Relación provisional basada en controles TCDX compartidos y estructura pública; no implica equivalencia jurídica ni certificatoria.,medium,draft,provisional,PROV:TCDX:BASELINE_CONTROLS:v1,XW-ISO_IEC_27001_2022-TO-ISO_IEC_42001_2023|ISO_IEC_27001_2022-R-001|ISO_IEC_42001_2023-R-001
XW-ISO_IEC_27001_2022-TO-ISO_IEC_42001_2023,XW-00102,ISO_IEC_27001_2022-R-002,ISO_IEC_42001_2023-R-002,overlaps,bidirectional,Relación provisional basada en controles TCDX compartidos y estructura pública; no implica equivalencia jurídica ni certificatoria.,medium,draft,provisional,PROV:TCDX:BASELINE_CONTROLS:v1,XW-ISO_IEC_27001_2022-TO-ISO_IEC_42001_2023|ISO_IEC_27001_2022-R-002|ISO_IEC_42001_2023-R-002
XW-ISO_IEC_27001_2022-TO-ISO_IEC_42001_2023,XW-00105,ISO_IEC_27001_2022-R-003,ISO_IEC_42001_2023-R-003,overlaps,bidirectional,Relación provisional basada en controles TCDX compartidos y estructura pública; no implica equivalencia jurídica ni certificatoria.,medium,draft,provisional,PROV:TCDX:BASELINE_CONTROLS:v1,XW-ISO_IEC_27001_2022-TO-ISO_IEC_42001_2023|ISO_IEC_27001_2022-R-003|ISO_IEC_42001_2023-R-003
XW-ISO_IEC_27001_2022-TO-ISO_IEC_42001_2023,XW-00108,ISO_IEC_27001_2022-R-004,ISO_IEC_42001_2023-R-004,overlaps,bidirectional,Relación provisional basada en controles TCDX compartidos y estructura pública; no implica equivalencia jurídica ni certificatoria.,medium,draft,provisional,PROV:TCDX:BASELINE_CONTROLS:v1,XW-ISO_IEC_27001_2022-TO-ISO_IEC_42001_2023|ISO_IEC_27001_2022-R-004|ISO_IEC_42001_2023-R-004
XW-ISO_IEC_27001_2022-TO-ISO_IEC_42001_2023,XW-00111,ISO_IEC_27001_2022-R-005,ISO_IEC_42001_2023-R-005,supports,source_to_target,Relación provisional basada en controles TCDX compartidos y estructura pública; no implica equivalencia jurídica ni certificatoria.,medium,draft,provisional,PROV:TCDX:BASELINE_CONTROLS:v1,XW-ISO_IEC_27001_2022-TO-ISO_IEC_42001_2023|ISO_IEC_27001_2022-R-005|ISO_IEC_42001_2023-R-005
XW-ISO_IEC_27001_2022-TO-ISO_IEC_42001_2023,XW-00113,ISO_IEC_27001_2022-R-006,ISO_IEC_42001_2023-R-006,overlaps,bidirectional,Relación provisional basada en controles TCDX compartidos y estructura pública; no implica equivalencia jurídica ni certificatoria.,medium,draft,provisional,PROV:TCDX:BASELINE_CONTROLS:v1,XW-ISO_IEC_27001_2022-TO-ISO_IEC_42001_2023|ISO_IEC_27001_2022-R-006|ISO_IEC_42001_2023-R-006
XW-ISO_IEC_27001_2022-TO-ISO_IEC_42001_2023,XW-00114,ISO_IEC_27001_2022-R-006,ISO_IEC_42001_2023-R-003,supports,source_to_target,Relación provisional basada en controles TCDX compartidos y estructura pública; no implica equivalencia jurídica ni certificatoria.,medium,draft,provisional,PROV:TCDX:BASELINE_CONTROLS:v1,XW-ISO_IEC_27001_2022-TO-ISO_IEC_42001_2023|ISO_IEC_27001_2022-R-006|ISO_IEC_42001_2023-R-003
XW-ISO_IEC_27001_2022-TO-ISO_IEC_42001_2023,XW-00116,ISO_IEC_27001_2022-R-007,ISO_IEC_42001_2023-R-007,overlaps,bidirectional,Relación provisional basada en controles TCDX compartidos y estructura pública; no implica equivalencia jurídica ni certificatoria.,medium,draft,provisional,PROV:TCDX:BASELINE_CONTROLS:v1,XW-ISO_IEC_27001_2022-TO-ISO_IEC_42001_2023|ISO_IEC_27001_2022-R-007|ISO_IEC_42001_2023-R-007
XW-ISO_IEC_27001_2022-TO-CL_LEY_21719,XW-00396,ISO_IEC_27001_2022-R-001,CL_LEY_21719-R-029,overlaps,bidirectional,Relación provisional basada en controles TCDX compartidos y estructura pública; no implica equivalencia jurídica ni certificatoria.,medium,draft,provisional,PROV:TCDX:BASELINE_CONTROLS:v1,XW-ISO_IEC_27001_2022-TO-CL_LEY_21719|ISO_IEC_27001_2022-R-001|CL_LEY_21719-R-029
XW-ISO_IEC_27001_2022-TO-CL_LEY_21719,XW-00397,ISO_IEC_27001_2022-R-002,CL_LEY_21719-R-001,overlaps,bidirectional,Relación provisional basada en controles TCDX compartidos y estructura pública; no implica equivalencia jurídica ni certificatoria.,medium,draft,provisional,PROV:TCDX:BASELINE_CONTROLS:v1,XW-ISO_IEC_27001_2022-TO-CL_LEY_21719|ISO_IEC_27001_2022-R-002|CL_LEY_21719-R-001
XW-ISO_IEC_27001_2022-TO-CL_LEY_21719,XW-00398,ISO_IEC_27001_2022-R-002,CL_LEY_21719-R-025,overlaps,bidirectional,Relación provisional basada en controles TCDX compartidos y estructura pública; no implica equivalencia jurídica ni certificatoria.,medium,draft,provisional,PROV:TCDX:BASELINE_CONTROLS:v1,XW-ISO_IEC_27001_2022-TO-CL_LEY_21719|ISO_IEC_27001_2022-R-002|CL_LEY_21719-R-025
XW-ISO_IEC_27001_2022-TO-CL_LEY_21719,XW-00399,ISO_IEC_27001_2022-R-002,CL_LEY_21719-R-004,supports,source_to_target,Relación provisional basada en controles TCDX compartidos y estructura pública; no implica equivalencia jurídica ni certificatoria.,medium,draft,provisional,PROV:TCDX:BASELINE_CONTROLS:v1,XW-ISO_IEC_27001_2022-TO-CL_LEY_21719|ISO_IEC_27001_2022-R-002|CL_LEY_21719-R-004
XW-ISO_IEC_27001_2022-TO-CL_LEY_21719,XW-00400,ISO_IEC_27001_2022-R-003,CL_LEY_21719-R-016,overlaps,bidirectional,Relación provisional basada en controles TCDX compartidos y estructura pública; no implica equivalencia jurídica ni certificatoria.,medium,draft,provisional,PROV:TCDX:BASELINE_CONTROLS:v1,XW-ISO_IEC_27001_2022-TO-CL_LEY_21719|ISO_IEC_27001_2022-R-003|CL_LEY_21719-R-016
XW-ISO_IEC_27001_2022-TO-CL_LEY_21719,XW-00401,ISO_IEC_27001_2022-R-003,CL_LEY_21719-R-029,overlaps,bidirectional,Relación provisional basada en controles TCDX compartidos y estructura pública; no implica equivalencia jurídica ni certificatoria.,medium,draft,provisional,PROV:TCDX:BASELINE_CONTROLS:v1,XW-ISO_IEC_27001_2022-TO-CL_LEY_21719|ISO_IEC_27001_2022-R-003|CL_LEY_21719-R-029
XW-ISO_IEC_27001_2022-TO-CL_LEY_21719,XW-00402,ISO_IEC_27001_2022-R-004,CL_LEY_21719-R-003,overlaps,bidirectional,Relación provisional basada en controles TCDX compartidos y estructura pública; no implica equivalencia jurídica ni certificatoria.,medium,draft,provisional,PROV:TCDX:BASELINE_CONTROLS:v1,XW-ISO_IEC_27001_2022-TO-CL_LEY_21719|ISO_IEC_27001_2022-R-004|CL_LEY_21719-R-003
XW-ISO_IEC_27001_2022-TO-CL_LEY_21719,XW-00403,ISO_IEC_27001_2022-R-004,CL_LEY_21719-R-012,overlaps,bidirectional,Relación provisional basada en controles TCDX compartidos y estructura pública; no implica equivalencia jurídica ni certificatoria.,medium,draft,provisional,PROV:TCDX:BASELINE_CONTROLS:v1,XW-ISO_IEC_27001_2022-TO-CL_LEY_21719|ISO_IEC_27001_2022-R-004|CL_LEY_21719-R-012
XW-ISO_IEC_27001_2022-TO-CL_LEY_21719,XW-00404,ISO_IEC_27001_2022-R-004,CL_LEY_21719-R-018,overlaps,bidirectional,Relación provisional basada en controles TCDX compartidos y estructura pública; no implica equivalencia jurídica ni certificatoria.,medium,draft,provisional,PROV:TCDX:BASELINE_CONTROLS:v1,XW-ISO_IEC_27001_2022-TO-CL_LEY_21719|ISO_IEC_27001_2022-R-004|CL_LEY_21719-R-018
XW-ISO_IEC_42001_2023-TO-CL_LEY_21719,XW-00684,ISO_IEC_42001_2023-R-001,CL_LEY_21719-R-029,overlaps,bidirectional,Relación provisional basada en controles TCDX compartidos y estructura pública; no implica equivalencia jurídica ni certificatoria.,medium,draft,provisional,PROV:TCDX:BASELINE_CONTROLS:v1,XW-ISO_IEC_42001_2023-TO-CL_LEY_21719|ISO_IEC_42001_2023-R-001|CL_LEY_21719-R-029
XW-ISO_IEC_42001_2023-TO-CL_LEY_21719,XW-00685,ISO_IEC_42001_2023-R-002,CL_LEY_21719-R-001,overlaps,bidirectional,Relación provisional basada en controles TCDX compartidos y estructura pública; no implica equivalencia jurídica ni certificatoria.,medium,draft,provisional,PROV:TCDX:BASELINE_CONTROLS:v1,XW-ISO_IEC_42001_2023-TO-CL_LEY_21719|ISO_IEC_42001_2023-R-002|CL_LEY_21719-R-001
XW-ISO_IEC_42001_2023-TO-CL_LEY_21719,XW-00686,ISO_IEC_42001_2023-R-002,CL_LEY_21719-R-025,overlaps,bidirectional,Relación provisional basada en controles TCDX compartidos y estructura pública; no implica equivalencia jurídica ni certificatoria.,medium,draft,provisional,PROV:TCDX:BASELINE_CONTROLS:v1,XW-ISO_IEC_42001_2023-TO-CL_LEY_21719|ISO_IEC_42001_2023-R-002|CL_LEY_21719-R-025
XW-ISO_IEC_42001_2023-TO-CL_LEY_21719,XW-00687,ISO_IEC_42001_2023-R-002,CL_LEY_21719-R-004,supports,source_to_target,Relación provisional basada en controles TCDX compartidos y estructura pública; no implica equivalencia jurídica ni certificatoria.,medium,draft,provisional,PROV:TCDX:BASELINE_CONTROLS:v1,XW-ISO_IEC_42001_2023-TO-CL_LEY_21719|ISO_IEC_42001_2023-R-002|CL_LEY_21719-R-004
XW-ISO_IEC_42001_2023-TO-CL_LEY_21719,XW-00688,ISO_IEC_42001_2023-R-003,CL_LEY_21719-R-016,overlaps,bidirectional,Relación provisional basada en controles TCDX compartidos y estructura pública; no implica equivalencia jurídica ni certificatoria.,medium,draft,provisional,PROV:TCDX:BASELINE_CONTROLS:v1,XW-ISO_IEC_42001_2023-TO-CL_LEY_21719|ISO_IEC_42001_2023-R-003|CL_LEY_21719-R-016
XW-ISO_IEC_42001_2023-TO-CL_LEY_21719,XW-00689,ISO_IEC_42001_2023-R-003,CL_LEY_21719-R-029,overlaps,bidirectional,Relación provisional basada en controles TCDX compartidos y estructura pública; no implica equivalencia jurídica ni certificatoria.,medium,draft,provisional,PROV:TCDX:BASELINE_CONTROLS:v1,XW-ISO_IEC_42001_2023-TO-CL_LEY_21719|ISO_IEC_42001_2023-R-003|CL_LEY_21719-R-029
XW-ISO_IEC_42001_2023-TO-CL_LEY_21719,XW-00690,ISO_IEC_42001_2023-R-004,CL_LEY_21719-R-003,overlaps,bidirectional,Relación provisional basada en controles TCDX compartidos y estructura pública; no implica equivalencia jurídica ni certificatoria.,medium,draft,provisional,PROV:TCDX:BASELINE_CONTROLS:v1,XW-ISO_IEC_42001_2023-TO-CL_LEY_21719|ISO_IEC_42001_2023-R-004|CL_LEY_21719-R-003
XW-ISO_IEC_42001_2023-TO-CL_LEY_21719,XW-00691,ISO_IEC_42001_2023-R-004,CL_LEY_21719-R-012,overlaps,bidirectional,Relación provisional basada en controles TCDX compartidos y estructura pública; no implica equivalencia jurídica ni certificatoria.,medium,draft,provisional,PROV:TCDX:BASELINE_CONTROLS:v1,XW-ISO_IEC_42001_2023-TO-CL_LEY_21719|ISO_IEC_42001_2023-R-004|CL_LEY_21719-R-012
XW-ISO_IEC_42001_2023-TO-CL_LEY_21719,XW-00692,ISO_IEC_42001_2023-R-004,CL_LEY_21719-R-018,overlaps,bidirectional,Relación provisional basada en controles TCDX compartidos y estructura pública; no implica equivalencia jurídica ni certificatoria.,medium,draft,provisional,PROV:TCDX:BASELINE_CONTROLS:v1,XW-ISO_IEC_42001_2023-TO-CL_LEY_21719|ISO_IEC_42001_2023-R-004|CL_LEY_21719-R-018
XW-ISO_9001_2026-TO-ISO_IEC_27001_2022,XW-00802,ISO_9001_2026-R-001,ISO_IEC_27001_2022-R-001,overlaps,bidirectional,Relación provisional basada en controles TCDX compartidos y estructura pública; no implica equivalencia jurídica ni certificatoria.,medium,draft,provisional,PROV:TCDX:BASELINE_CONTROLS:v1,XW-ISO_9001_2026-TO-ISO_IEC_27001_2022|ISO_9001_2026-R-001|ISO_IEC_27001_2022-R-001
XW-ISO_9001_2026-TO-ISO_IEC_27001_2022,XW-00803,ISO_9001_2026-R-002,ISO_IEC_27001_2022-R-002,overlaps,bidirectional,Relación provisional basada en controles TCDX compartidos y estructura pública; no implica equivalencia jurídica ni certificatoria.,medium,draft,provisional,PROV:TCDX:BASELINE_CONTROLS:v1,XW-ISO_9001_2026-TO-ISO_IEC_27001_2022|ISO_9001_2026-R-002|ISO_IEC_27001_2022-R-002
XW-ISO_9001_2026-TO-ISO_IEC_27001_2022,XW-00806,ISO_9001_2026-R-003,ISO_IEC_27001_2022-R-003,overlaps,bidirectional,Relación provisional basada en controles TCDX compartidos y estructura pública; no implica equivalencia jurídica ni certificatoria.,medium,draft,provisional,PROV:TCDX:BASELINE_CONTROLS:v1,XW-ISO_9001_2026-TO-ISO_IEC_27001_2022|ISO_9001_2026-R-003|ISO_IEC_27001_2022-R-003
XW-ISO_9001_2026-TO-ISO_IEC_27001_2022,XW-00809,ISO_9001_2026-R-004,ISO_IEC_27001_2022-R-004,overlaps,bidirectional,Relación provisional basada en controles TCDX compartidos y estructura pública; no implica equivalencia jurídica ni certificatoria.,medium,draft,provisional,PROV:TCDX:BASELINE_CONTROLS:v1,XW-ISO_9001_2026-TO-ISO_IEC_27001_2022|ISO_9001_2026-R-004|ISO_IEC_27001_2022-R-004
XW-ISO_9001_2026-TO-ISO_IEC_27001_2022,XW-00812,ISO_9001_2026-R-005,ISO_IEC_27001_2022-R-005,supports,source_to_target,Relación provisional basada en controles TCDX compartidos y estructura pública; no implica equivalencia jurídica ni certificatoria.,medium,draft,provisional,PROV:TCDX:BASELINE_CONTROLS:v1,XW-ISO_9001_2026-TO-ISO_IEC_27001_2022|ISO_9001_2026-R-005|ISO_IEC_27001_2022-R-005
XW-ISO_9001_2026-TO-ISO_IEC_27001_2022,XW-00813,ISO_9001_2026-R-006,ISO_IEC_27001_2022-R-006,overlaps,bidirectional,Relación provisional basada en controles TCDX compartidos y estructura pública; no implica equivalencia jurídica ni certificatoria.,medium,draft,provisional,PROV:TCDX:BASELINE_CONTROLS:v1,XW-ISO_9001_2026-TO-ISO_IEC_27001_2022|ISO_9001_2026-R-006|ISO_IEC_27001_2022-R-006
XW-ISO_9001_2026-TO-ISO_IEC_27001_2022,XW-00814,ISO_9001_2026-R-006,ISO_IEC_27001_2022-R-003,supports,source_to_target,Relación provisional basada en controles TCDX compartidos y estructura pública; no implica equivalencia jurídica ni certificatoria.,medium,draft,provisional,PROV:TCDX:BASELINE_CONTROLS:v1,XW-ISO_9001_2026-TO-ISO_IEC_27001_2022|ISO_9001_2026-R-006|ISO_IEC_27001_2022-R-003
XW-ISO_9001_2026-TO-ISO_IEC_27001_2022,XW-00816,ISO_9001_2026-R-007,ISO_IEC_27001_2022-R-007,overlaps,bidirectional,Relación provisional basada en controles TCDX compartidos y estructura pública; no implica equivalencia jurídica ni certificatoria.,medium,draft,provisional,PROV:TCDX:BASELINE_CONTROLS:v1,XW-ISO_9001_2026-TO-ISO_IEC_27001_2022|ISO_9001_2026-R-007|ISO_IEC_27001_2022-R-007
XW-ISO_9001_2026-TO-ISO_IEC_27001_2022,XW-00817,ISO_9001_2026-R-008,ISO_IEC_27001_2022-R-002,supports,source_to_target,Relación provisional basada en controles TCDX compartidos y estructura pública; no implica equivalencia jurídica ni certificatoria.,medium,draft,provisional,PROV:TCDX:BASELINE_CONTROLS:v1,XW-ISO_9001_2026-TO-ISO_IEC_27001_2022|ISO_9001_2026-R-008|ISO_IEC_27001_2022-R-002
XW-ISO_9001_2026-TO-ISO_IEC_27001_2022,XW-00820,ISO_9001_2026-R-009,ISO_IEC_27001_2022-R-001,overlaps,bidirectional,Relación provisional basada en controles TCDX compartidos y estructura pública; no implica equivalencia jurídica ni certificatoria.,medium,draft,provisional,PROV:TCDX:BASELINE_CONTROLS:v1,XW-ISO_9001_2026-TO-ISO_IEC_27001_2022|ISO_9001_2026-R-009|ISO_IEC_27001_2022-R-001
XW-ISO_9001_2026-TO-ISO_IEC_27001_2022,XW-00821,ISO_9001_2026-R-010,ISO_IEC_27001_2022-R-002,supports,source_to_target,Relación provisional basada en controles TCDX compartidos y estructura pública; no implica equivalencia jurídica ni certificatoria.,medium,draft,provisional,PROV:TCDX:BASELINE_CONTROLS:v1,XW-ISO_9001_2026-TO-ISO_IEC_27001_2022|ISO_9001_2026-R-010|ISO_IEC_27001_2022-R-002
XW-ISO_9001_2026-TO-ISO_IEC_27001_2022,XW-00824,ISO_9001_2026-R-011,ISO_IEC_27001_2022-R-007,supports,source_to_target,Relación provisional basada en controles TCDX compartidos y estructura pública; no implica equivalencia jurídica ni certificatoria.,medium,draft,provisional,PROV:TCDX:BASELINE_CONTROLS:v1,XW-ISO_9001_2026-TO-ISO_IEC_27001_2022|ISO_9001_2026-R-011|ISO_IEC_27001_2022-R-007
XW-ISO_9001_2026-TO-ISO_IEC_27001_2022,XW-00825,ISO_9001_2026-R-012,ISO_IEC_27001_2022-R-002,overlaps,bidirectional,Relación provisional basada en controles TCDX compartidos y estructura pública; no implica equivalencia jurídica ni certificatoria.,medium,draft,provisional,PROV:TCDX:BASELINE_CONTROLS:v1,XW-ISO_9001_2026-TO-ISO_IEC_27001_2022|ISO_9001_2026-R-012|ISO_IEC_27001_2022-R-002
XW-ISO_9001_2026-TO-ISO_IEC_27001_2022,XW-00831,ISO_9001_2026-R-014,ISO_IEC_27001_2022-R-002,overlaps,bidirectional,Relación provisional basada en controles TCDX compartidos y estructura pública; no implica equivalencia jurídica ni certificatoria.,medium,draft,provisional,PROV:TCDX:BASELINE_CONTROLS:v1,XW-ISO_9001_2026-TO-ISO_IEC_27001_2022|ISO_9001_2026-R-014|ISO_IEC_27001_2022-R-002
XW-ISO_9001_2026-TO-ISO_IEC_27001_2022,XW-00834,ISO_9001_2026-R-015,ISO_IEC_27001_2022-R-003,overlaps,bidirectional,Relación provisional basada en controles TCDX compartidos y estructura pública; no implica equivalencia jurídica ni certificatoria.,medium,draft,provisional,PROV:TCDX:BASELINE_CONTROLS:v1,XW-ISO_9001_2026-TO-ISO_IEC_27001_2022|ISO_9001_2026-R-015|ISO_IEC_27001_2022-R-003
XW-ISO_9001_2026-TO-ISO_IEC_27001_2022,XW-00837,ISO_9001_2026-R-016,ISO_IEC_27001_2022-R-003,overlaps,bidirectional,Relación provisional basada en controles TCDX compartidos y estructura pública; no implica equivalencia jurídica ni certificatoria.,medium,draft,provisional,PROV:TCDX:BASELINE_CONTROLS:v1,XW-ISO_9001_2026-TO-ISO_IEC_27001_2022|ISO_9001_2026-R-016|ISO_IEC_27001_2022-R-003
XW-ISO_9001_2026-TO-ISO_IEC_27001_2022,XW-00838,ISO_9001_2026-R-016,ISO_IEC_27001_2022-R-006,supports,source_to_target,Relación provisional basada en controles TCDX compartidos y estructura pública; no implica equivalencia jurídica ni certificatoria.,medium,draft,provisional,PROV:TCDX:BASELINE_CONTROLS:v1,XW-ISO_9001_2026-TO-ISO_IEC_27001_2022|ISO_9001_2026-R-016|ISO_IEC_27001_2022-R-006
XW-ISO_9001_2026-TO-ISO_IEC_27001_2022,XW-00840,ISO_9001_2026-R-017,ISO_IEC_27001_2022-R-002,supports,source_to_target,Relación provisional basada en controles TCDX compartidos y estructura pública; no implica equivalencia jurídica ni certificatoria.,medium,draft,provisional,PROV:TCDX:BASELINE_CONTROLS:v1,XW-ISO_9001_2026-TO-ISO_IEC_27001_2022|ISO_9001_2026-R-017|ISO_IEC_27001_2022-R-002
XW-ISO_9001_2026-TO-ISO_IEC_27001_2022,XW-00843,ISO_9001_2026-R-018,ISO_IEC_27001_2022-R-002,supports,source_to_target,Relación provisional basada en controles TCDX compartidos y estructura pública; no implica equivalencia jurídica ni certificatoria.,medium,draft,provisional,PROV:TCDX:BASELINE_CONTROLS:v1,XW-ISO_9001_2026-TO-ISO_IEC_27001_2022|ISO_9001_2026-R-018|ISO_IEC_27001_2022-R-002
XW-ISO_9001_2026-TO-ISO_IEC_27001_2022,XW-00846,ISO_9001_2026-R-019,ISO_IEC_27001_2022-R-004,overlaps,bidirectional,Relación provisional basada en controles TCDX compartidos y estructura pública; no implica equivalencia jurídica ni certificatoria.,medium,draft,provisional,PROV:TCDX:BASELINE_CONTROLS:v1,XW-ISO_9001_2026-TO-ISO_IEC_27001_2022|ISO_9001_2026-R-019|ISO_IEC_27001_2022-R-004
XW-ISO_9001_2026-TO-ISO_IEC_27001_2022,XW-00849,ISO_9001_2026-R-020,ISO_IEC_27001_2022-R-003,overlaps,bidirectional,Relación provisional basada en controles TCDX compartidos y estructura pública; no implica equivalencia jurídica ni certificatoria.,medium,draft,provisional,PROV:TCDX:BASELINE_CONTROLS:v1,XW-ISO_9001_2026-TO-ISO_IEC_27001_2022|ISO_9001_2026-R-020|ISO_IEC_27001_2022-R-003
XW-ISO_9001_2026-TO-ISO_IEC_27001_2022,XW-00850,ISO_9001_2026-R-020,ISO_IEC_27001_2022-R-004,overlaps,bidirectional,Relación provisional basada en controles TCDX compartidos y estructura pública; no implica equivalencia jurídica ni certificatoria.,medium,draft,provisional,PROV:TCDX:BASELINE_CONTROLS:v1,XW-ISO_9001_2026-TO-ISO_IEC_27001_2022|ISO_9001_2026-R-020|ISO_IEC_27001_2022-R-004
XW-ISO_9001_2026-TO-ISO_IEC_27001_2022,XW-00852,ISO_9001_2026-R-021,ISO_IEC_27001_2022-R-002,supports,source_to_target,Relación provisional basada en controles TCDX compartidos y estructura pública; no implica equivalencia jurídica ni certificatoria.,medium,draft,provisional,PROV:TCDX:BASELINE_CONTROLS:v1,XW-ISO_9001_2026-TO-ISO_IEC_27001_2022|ISO_9001_2026-R-021|ISO_IEC_27001_2022-R-002
XW-ISO_9001_2026-TO-ISO_IEC_27001_2022,XW-00855,ISO_9001_2026-R-022,ISO_IEC_27001_2022-R-004,overlaps,bidirectional,Relación provisional basada en controles TCDX compartidos y estructura pública; no implica equivalencia jurídica ni certificatoria.,medium,draft,provisional,PROV:TCDX:BASELINE_CONTROLS:v1,XW-ISO_9001_2026-TO-ISO_IEC_27001_2022|ISO_9001_2026-R-022|ISO_IEC_27001_2022-R-004
XW-ISO_9001_2026-TO-ISO_IEC_27001_2022,XW-00858,ISO_9001_2026-R-023,ISO_IEC_27001_2022-R-002,supports,source_to_target,Relación provisional basada en controles TCDX compartidos y estructura pública; no implica equivalencia jurídica ni certificatoria.,medium,draft,provisional,PROV:TCDX:BASELINE_CONTROLS:v1,XW-ISO_9001_2026-TO-ISO_IEC_27001_2022|ISO_9001_2026-R-023|ISO_IEC_27001_2022-R-002
XW-ISO_9001_2026-TO-ISO_IEC_27001_2022,XW-00861,ISO_9001_2026-R-024,ISO_IEC_27001_2022-R-004,supports,source_to_target,Relación provisional basada en controles TCDX compartidos y estructura pública; no implica equivalencia jurídica ni certificatoria.,medium,draft,provisional,PROV:TCDX:BASELINE_CONTROLS:v1,XW-ISO_9001_2026-TO-ISO_IEC_27001_2022|ISO_9001_2026-R-024|ISO_IEC_27001_2022-R-004
XW-ISO_9001_2026-TO-ISO_IEC_27001_2022,XW-00862,ISO_9001_2026-R-026,ISO_IEC_27001_2022-R-002,supports,source_to_target,Relación provisional basada en controles TCDX compartidos y estructura pública; no implica equivalencia jurídica ni certificatoria.,medium,draft,provisional,PROV:TCDX:BASELINE_CONTROLS:v1,XW-ISO_9001_2026-TO-ISO_IEC_27001_2022|ISO_9001_2026-R-026|ISO_IEC_27001_2022-R-002
XW-ISO_9001_2026-TO-ISO_IEC_27001_2022,XW-00865,ISO_9001_2026-R-027,ISO_IEC_27001_2022-R-005,supports,source_to_target,Relación provisional basada en controles TCDX compartidos y estructura pública; no implica equivalencia jurídica ni certificatoria.,medium,draft,provisional,PROV:TCDX:BASELINE_CONTROLS:v1,XW-ISO_9001_2026-TO-ISO_IEC_27001_2022|ISO_9001_2026-R-027|ISO_IEC_27001_2022-R-005
XW-ISO_9001_2026-TO-ISO_IEC_27001_2022,XW-00866,ISO_9001_2026-R-028,ISO_IEC_27001_2022-R-002,supports,source_to_target,Relación provisional basada en controles TCDX compartidos y estructura pública; no implica equivalencia jurídica ni certificatoria.,medium,draft,provisional,PROV:TCDX:BASELINE_CONTROLS:v1,XW-ISO_9001_2026-TO-ISO_IEC_27001_2022|ISO_9001_2026-R-028|ISO_IEC_27001_2022-R-002
XW-ISO_9001_2026-TO-ISO_IEC_27001_2022,XW-00884,ISO_9001_2026-R-036,ISO_IEC_27001_2022-R-002,overlaps,bidirectional,Relación provisional basada en controles TCDX compartidos y estructura pública; no implica equivalencia jurídica ni certificatoria.,medium,draft,provisional,PROV:TCDX:BASELINE_CONTROLS:v1,XW-ISO_9001_2026-TO-ISO_IEC_27001_2022|ISO_9001_2026-R-036|ISO_IEC_27001_2022-R-002
XW-ISO_9001_2026-TO-ISO_IEC_27001_2022,XW-00887,ISO_9001_2026-R-037,ISO_IEC_27001_2022-R-002,overlaps,bidirectional,Relación provisional basada en controles TCDX compartidos y estructura pública; no implica equivalencia jurídica ni certificatoria.,medium,draft,provisional,PROV:TCDX:BASELINE_CONTROLS:v1,XW-ISO_9001_2026-TO-ISO_IEC_27001_2022|ISO_9001_2026-R-037|ISO_IEC_27001_2022-R-002
XW-ISO_9001_2026-TO-ISO_IEC_27001_2022,XW-00888,ISO_9001_2026-R-037,ISO_IEC_27001_2022-R-001,overlaps,bidirectional,Relación provisional basada en controles TCDX compartidos y estructura pública; no implica equivalencia jurídica ni certificatoria.,medium,draft,provisional,PROV:TCDX:BASELINE_CONTROLS:v1,XW-ISO_9001_2026-TO-ISO_IEC_27001_2022|ISO_9001_2026-R-037|ISO_IEC_27001_2022-R-001
XW-ISO_9001_2026-TO-ISO_IEC_27001_2022,XW-00893,ISO_9001_2026-R-039,ISO_IEC_27001_2022-R-004,overlaps,bidirectional,Relación provisional basada en controles TCDX compartidos y estructura pública; no implica equivalencia jurídica ni certificatoria.,medium,draft,provisional,PROV:TCDX:BASELINE_CONTROLS:v1,XW-ISO_9001_2026-TO-ISO_IEC_27001_2022|ISO_9001_2026-R-039|ISO_IEC_27001_2022-R-004
XW-ISO_9001_2026-TO-ISO_IEC_42001_2023,XW-00896,ISO_9001_2026-R-001,ISO_IEC_42001_2023-R-001,overlaps,bidirectional,Relación provisional basada en controles TCDX compartidos y estructura pública; no implica equivalencia jurídica ni certificatoria.,medium,draft,provisional,PROV:TCDX:BASELINE_CONTROLS:v1,XW-ISO_9001_2026-TO-ISO_IEC_42001_2023|ISO_9001_2026-R-001|ISO_IEC_42001_2023-R-001
XW-ISO_9001_2026-TO-ISO_IEC_42001_2023,XW-00899,ISO_9001_2026-R-002,ISO_IEC_42001_2023-R-002,overlaps,bidirectional,Relación provisional basada en controles TCDX compartidos y estructura pública; no implica equivalencia jurídica ni certificatoria.,medium,draft,provisional,PROV:TCDX:BASELINE_CONTROLS:v1,XW-ISO_9001_2026-TO-ISO_IEC_42001_2023|ISO_9001_2026-R-002|ISO_IEC_42001_2023-R-002
XW-ISO_9001_2026-TO-ISO_IEC_42001_2023,XW-00902,ISO_9001_2026-R-003,ISO_IEC_42001_2023-R-003,overlaps,bidirectional,Relación provisional basada en controles TCDX compartidos y estructura pública; no implica equivalencia jurídica ni certificatoria.,medium,draft,provisional,PROV:TCDX:BASELINE_CONTROLS:v1,XW-ISO_9001_2026-TO-ISO_IEC_42001_2023|ISO_9001_2026-R-003|ISO_IEC_42001_2023-R-003
XW-ISO_9001_2026-TO-ISO_IEC_42001_2023,XW-00905,ISO_9001_2026-R-004,ISO_IEC_42001_2023-R-004,overlaps,bidirectional,Relación provisional basada en controles TCDX compartidos y estructura pública; no implica equivalencia jurídica ni certificatoria.,medium,draft,provisional,PROV:TCDX:BASELINE_CONTROLS:v1,XW-ISO_9001_2026-TO-ISO_IEC_42001_2023|ISO_9001_2026-R-004|ISO_IEC_42001_2023-R-004
XW-ISO_9001_2026-TO-ISO_IEC_42001_2023,XW-00908,ISO_9001_2026-R-005,ISO_IEC_42001_2023-R-005,supports,source_to_target,Relación provisional basada en controles TCDX compartidos y estructura pública; no implica equivalencia jurídica ni certificatoria.,medium,draft,provisional,PROV:TCDX:BASELINE_CONTROLS:v1,XW-ISO_9001_2026-TO-ISO_IEC_42001_2023|ISO_9001_2026-R-005|ISO_IEC_42001_2023-R-005
XW-ISO_9001_2026-TO-ISO_IEC_42001_2023,XW-00910,ISO_9001_2026-R-006,ISO_IEC_42001_2023-R-006,overlaps,bidirectional,Relación provisional basada en controles TCDX compartidos y estructura pública; no implica equivalencia jurídica ni certificatoria.,medium,draft,provisional,PROV:TCDX:BASELINE_CONTROLS:v1,XW-ISO_9001_2026-TO-ISO_IEC_42001_2023|ISO_9001_2026-R-006|ISO_IEC_42001_2023-R-006
XW-ISO_9001_2026-TO-ISO_IEC_42001_2023,XW-00911,ISO_9001_2026-R-006,ISO_IEC_42001_2023-R-003,supports,source_to_target,Relación provisional basada en controles TCDX compartidos y estructura pública; no implica equivalencia jurídica ni certificatoria.,medium,draft,provisional,PROV:TCDX:BASELINE_CONTROLS:v1,XW-ISO_9001_2026-TO-ISO_IEC_42001_2023|ISO_9001_2026-R-006|ISO_IEC_42001_2023-R-003
XW-ISO_9001_2026-TO-ISO_IEC_42001_2023,XW-00913,ISO_9001_2026-R-007,ISO_IEC_42001_2023-R-007,overlaps,bidirectional,Relación provisional basada en controles TCDX compartidos y estructura pública; no implica equivalencia jurídica ni certificatoria.,medium,draft,provisional,PROV:TCDX:BASELINE_CONTROLS:v1,XW-ISO_9001_2026-TO-ISO_IEC_42001_2023|ISO_9001_2026-R-007|ISO_IEC_42001_2023-R-007
XW-ISO_9001_2026-TO-ISO_IEC_42001_2023,XW-00914,ISO_9001_2026-R-008,ISO_IEC_42001_2023-R-002,supports,source_to_target,Relación provisional basada en controles TCDX compartidos y estructura pública; no implica equivalencia jurídica ni certificatoria.,medium,draft,provisional,PROV:TCDX:BASELINE_CONTROLS:v1,XW-ISO_9001_2026-TO-ISO_IEC_42001_2023|ISO_9001_2026-R-008|ISO_IEC_42001_2023-R-002
XW-ISO_9001_2026-TO-ISO_IEC_42001_2023,XW-00917,ISO_9001_2026-R-009,ISO_IEC_42001_2023-R-001,overlaps,bidirectional,Relación provisional basada en controles TCDX compartidos y estructura pública; no implica equivalencia jurídica ni certificatoria.,medium,draft,provisional,PROV:TCDX:BASELINE_CONTROLS:v1,XW-ISO_9001_2026-TO-ISO_IEC_42001_2023|ISO_9001_2026-R-009|ISO_IEC_42001_2023-R-001
XW-ISO_9001_2026-TO-ISO_IEC_42001_2023,XW-00920,ISO_9001_2026-R-010,ISO_IEC_42001_2023-R-002,supports,source_to_target,Relación provisional basada en controles TCDX compartidos y estructura pública; no implica equivalencia jurídica ni certificatoria.,medium,draft,provisional,PROV:TCDX:BASELINE_CONTROLS:v1,XW-ISO_9001_2026-TO-ISO_IEC_42001_2023|ISO_9001_2026-R-010|ISO_IEC_42001_2023-R-002
XW-ISO_9001_2026-TO-ISO_IEC_42001_2023,XW-00923,ISO_9001_2026-R-011,ISO_IEC_42001_2023-R-007,supports,source_to_target,Relación provisional basada en controles TCDX compartidos y estructura pública; no implica equivalencia jurídica ni certificatoria.,medium,draft,provisional,PROV:TCDX:BASELINE_CONTROLS:v1,XW-ISO_9001_2026-TO-ISO_IEC_42001_2023|ISO_9001_2026-R-011|ISO_IEC_42001_2023-R-007
XW-ISO_9001_2026-TO-ISO_IEC_42001_2023,XW-00924,ISO_9001_2026-R-012,ISO_IEC_42001_2023-R-002,overlaps,bidirectional,Relación provisional basada en controles TCDX compartidos y estructura pública; no implica equivalencia jurídica ni certificatoria.,medium,draft,provisional,PROV:TCDX:BASELINE_CONTROLS:v1,XW-ISO_9001_2026-TO-ISO_IEC_42001_2023|ISO_9001_2026-R-012|ISO_IEC_42001_2023-R-002
XW-ISO_9001_2026-TO-ISO_IEC_42001_2023,XW-00930,ISO_9001_2026-R-014,ISO_IEC_42001_2023-R-002,overlaps,bidirectional,Relación provisional basada en controles TCDX compartidos y estructura pública; no implica equivalencia jurídica ni certificatoria.,medium,draft,provisional,PROV:TCDX:BASELINE_CONTROLS:v1,XW-ISO_9001_2026-TO-ISO_IEC_42001_2023|ISO_9001_2026-R-014|ISO_IEC_42001_2023-R-002
XW-ISO_9001_2026-TO-ISO_IEC_42001_2023,XW-00933,ISO_9001_2026-R-015,ISO_IEC_42001_2023-R-003,overlaps,bidirectional,Relación provisional basada en controles TCDX compartidos y estructura pública; no implica equivalencia jurídica ni certificatoria.,medium,draft,provisional,PROV:TCDX:BASELINE_CONTROLS:v1,XW-ISO_9001_2026-TO-ISO_IEC_42001_2023|ISO_9001_2026-R-015|ISO_IEC_42001_2023-R-003
XW-ISO_9001_2026-TO-ISO_IEC_42001_2023,XW-00936,ISO_9001_2026-R-016,ISO_IEC_42001_2023-R-003,overlaps,bidirectional,Relación provisional basada en controles TCDX compartidos y estructura pública; no implica equivalencia jurídica ni certificatoria.,medium,draft,provisional,PROV:TCDX:BASELINE_CONTROLS:v1,XW-ISO_9001_2026-TO-ISO_IEC_42001_2023|ISO_9001_2026-R-016|ISO_IEC_42001_2023-R-003
XW-ISO_9001_2026-TO-ISO_IEC_42001_2023,XW-00939,ISO_9001_2026-R-017,ISO_IEC_42001_2023-R-002,supports,source_to_target,Relación provisional basada en controles TCDX compartidos y estructura pública; no implica equivalencia jurídica ni certificatoria.,medium,draft,provisional,PROV:TCDX:BASELINE_CONTROLS:v1,XW-ISO_9001_2026-TO-ISO_IEC_42001_2023|ISO_9001_2026-R-017|ISO_IEC_42001_2023-R-002
XW-ISO_9001_2026-TO-ISO_IEC_42001_2023,XW-00942,ISO_9001_2026-R-018,ISO_IEC_42001_2023-R-002,supports,source_to_target,Relación provisional basada en controles TCDX compartidos y estructura pública; no implica equivalencia jurídica ni certificatoria.,medium,draft,provisional,PROV:TCDX:BASELINE_CONTROLS:v1,XW-ISO_9001_2026-TO-ISO_IEC_42001_2023|ISO_9001_2026-R-018|ISO_IEC_42001_2023-R-002
XW-ISO_9001_2026-TO-ISO_IEC_42001_2023,XW-00945,ISO_9001_2026-R-019,ISO_IEC_42001_2023-R-004,overlaps,bidirectional,Relación provisional basada en controles TCDX compartidos y estructura pública; no implica equivalencia jurídica ni certificatoria.,medium,draft,provisional,PROV:TCDX:BASELINE_CONTROLS:v1,XW-ISO_9001_2026-TO-ISO_IEC_42001_2023|ISO_9001_2026-R-019|ISO_IEC_42001_2023-R-004
XW-ISO_9001_2026-TO-ISO_IEC_42001_2023,XW-00948,ISO_9001_2026-R-020,ISO_IEC_42001_2023-R-003,overlaps,bidirectional,Relación provisional basada en controles TCDX compartidos y estructura pública; no implica equivalencia jurídica ni certificatoria.,medium,draft,provisional,PROV:TCDX:BASELINE_CONTROLS:v1,XW-ISO_9001_2026-TO-ISO_IEC_42001_2023|ISO_9001_2026-R-020|ISO_IEC_42001_2023-R-003
XW-ISO_9001_2026-TO-ISO_IEC_42001_2023,XW-00949,ISO_9001_2026-R-020,ISO_IEC_42001_2023-R-004,overlaps,bidirectional,Relación provisional basada en controles TCDX compartidos y estructura pública; no implica equivalencia jurídica ni certificatoria.,medium,draft,provisional,PROV:TCDX:BASELINE_CONTROLS:v1,XW-ISO_9001_2026-TO-ISO_IEC_42001_2023|ISO_9001_2026-R-020|ISO_IEC_42001_2023-R-004
XW-ISO_9001_2026-TO-ISO_IEC_42001_2023,XW-00951,ISO_9001_2026-R-021,ISO_IEC_42001_2023-R-002,supports,source_to_target,Relación provisional basada en controles TCDX compartidos y estructura pública; no implica equivalencia jurídica ni certificatoria.,medium,draft,provisional,PROV:TCDX:BASELINE_CONTROLS:v1,XW-ISO_9001_2026-TO-ISO_IEC_42001_2023|ISO_9001_2026-R-021|ISO_IEC_42001_2023-R-002
XW-ISO_9001_2026-TO-ISO_IEC_42001_2023,XW-00954,ISO_9001_2026-R-022,ISO_IEC_42001_2023-R-004,overlaps,bidirectional,Relación provisional basada en controles TCDX compartidos y estructura pública; no implica equivalencia jurídica ni certificatoria.,medium,draft,provisional,PROV:TCDX:BASELINE_CONTROLS:v1,XW-ISO_9001_2026-TO-ISO_IEC_42001_2023|ISO_9001_2026-R-022|ISO_IEC_42001_2023-R-004
XW-ISO_9001_2026-TO-ISO_IEC_42001_2023,XW-00957,ISO_9001_2026-R-023,ISO_IEC_42001_2023-R-002,supports,source_to_target,Relación provisional basada en controles TCDX compartidos y estructura pública; no implica equivalencia jurídica ni certificatoria.,medium,draft,provisional,PROV:TCDX:BASELINE_CONTROLS:v1,XW-ISO_9001_2026-TO-ISO_IEC_42001_2023|ISO_9001_2026-R-023|ISO_IEC_42001_2023-R-002
XW-ISO_9001_2026-TO-ISO_IEC_42001_2023,XW-00961,ISO_9001_2026-R-024,ISO_IEC_42001_2023-R-004,supports,source_to_target,Relación provisional basada en controles TCDX compartidos y estructura pública; no implica equivalencia jurídica ni certificatoria.,medium,draft,provisional,PROV:TCDX:BASELINE_CONTROLS:v1,XW-ISO_9001_2026-TO-ISO_IEC_42001_2023|ISO_9001_2026-R-024|ISO_IEC_42001_2023-R-004
XW-ISO_9001_2026-TO-ISO_IEC_42001_2023,XW-00963,ISO_9001_2026-R-026,ISO_IEC_42001_2023-R-002,supports,source_to_target,Relación provisional basada en controles TCDX compartidos y estructura pública; no implica equivalencia jurídica ni certificatoria.,medium,draft,provisional,PROV:TCDX:BASELINE_CONTROLS:v1,XW-ISO_9001_2026-TO-ISO_IEC_42001_2023|ISO_9001_2026-R-026|ISO_IEC_42001_2023-R-002
XW-ISO_9001_2026-TO-ISO_IEC_42001_2023,XW-00967,ISO_9001_2026-R-027,ISO_IEC_42001_2023-R-005,supports,source_to_target,Relación provisional basada en controles TCDX compartidos y estructura pública; no implica equivalencia jurídica ni certificatoria.,medium,draft,provisional,PROV:TCDX:BASELINE_CONTROLS:v1,XW-ISO_9001_2026-TO-ISO_IEC_42001_2023|ISO_9001_2026-R-027|ISO_IEC_42001_2023-R-005
XW-ISO_9001_2026-TO-ISO_IEC_42001_2023,XW-00968,ISO_9001_2026-R-028,ISO_IEC_42001_2023-R-002,supports,source_to_target,Relación provisional basada en controles TCDX compartidos y estructura pública; no implica equivalencia jurídica ni certificatoria.,medium,draft,provisional,PROV:TCDX:BASELINE_CONTROLS:v1,XW-ISO_9001_2026-TO-ISO_IEC_42001_2023|ISO_9001_2026-R-028|ISO_IEC_42001_2023-R-002
XW-ISO_9001_2026-TO-ISO_IEC_42001_2023,XW-00987,ISO_9001_2026-R-036,ISO_IEC_42001_2023-R-002,overlaps,bidirectional,Relación provisional basada en controles TCDX compartidos y estructura pública; no implica equivalencia jurídica ni certificatoria.,medium,draft,provisional,PROV:TCDX:BASELINE_CONTROLS:v1,XW-ISO_9001_2026-TO-ISO_IEC_42001_2023|ISO_9001_2026-R-036|ISO_IEC_42001_2023-R-002
XW-ISO_9001_2026-TO-ISO_IEC_42001_2023,XW-00992,ISO_9001_2026-R-037,ISO_IEC_42001_2023-R-002,overlaps,bidirectional,Relación provisional basada en controles TCDX compartidos y estructura pública; no implica equivalencia jurídica ni certificatoria.,medium,draft,provisional,PROV:TCDX:BASELINE_CONTROLS:v1,XW-ISO_9001_2026-TO-ISO_IEC_42001_2023|ISO_9001_2026-R-037|ISO_IEC_42001_2023-R-002
XW-ISO_9001_2026-TO-ISO_IEC_42001_2023,XW-00996,ISO_9001_2026-R-039,ISO_IEC_42001_2023-R-004,overlaps,bidirectional,Relación provisional basada en controles TCDX compartidos y estructura pública; no implica equivalencia jurídica ni certificatoria.,medium,draft,provisional,PROV:TCDX:BASELINE_CONTROLS:v1,XW-ISO_9001_2026-TO-ISO_IEC_42001_2023|ISO_9001_2026-R-039|ISO_IEC_42001_2023-R-004
