source_id,framework_code,authority,source_type,url,license_classification,allowed_use,prohibited_use,source_role,lifecycle_state,provenance_ref
SRC-ISO-9001-2015,ISO_9001_2015,ISO,official_public_metadata,https://www.iso.org/standard/62085.html,NOT_YET_LICENSED,"metadata,status,identifiers,TCDX-authored summaries",full normative text,official_metadata,active,PROV:SRC-ISO-9001-2015
SRC-ISO-9001-2015-AMD1,ISO_9001_2015,ISO,official_public_metadata,https://www.iso.org/standard/88431.html,NOT_YET_LICENSED,"metadata,status,amendment identity",full normative text,official_metadata,active,PROV:SRC-ISO-9001-2015-AMD1
SRC-ISO-9001-2026,ISO_9001_2026,ISO,official_public_metadata,https://www.iso.org/standard/9001,NOT_YET_LICENSED,"metadata,status,identifiers,TCDX-authored summaries",full normative text,official_metadata,active,PROV:SRC-ISO-9001-2026
SRC-ISO-9001-2026-NEWS,ISO_9001_2026,ISO,official_public_guidance,https://www.iso.org/es/actualidad/2026/09/ISO9001-2026,PUBLIC_WEB,public change guidance and transition metadata,treat guidance as normative text,supporting_reference,active,PROV:SRC-ISO-9001-2026-NEWS
SRC-ISO-27001,ISO_IEC_27001_2022,ISO/IEC,official_public_metadata,https://www.iso.org/standard/27001,NOT_YET_LICENSED,"metadata,status,identifiers,TCDX-authored summaries",full normative text,official_metadata,active,PROV:SRC-ISO-27001
SRC-ISO-27001-AMD1,ISO_IEC_27001_2022,ISO/IEC,official_public_metadata,https://www.iso.org/standard/88435.html,NOT_YET_LICENSED,"metadata,status,amendment identity",full normative text,official_metadata,active,PROV:SRC-ISO-27001-AMD1
SRC-ISO-42001,ISO_IEC_42001_2023,ISO/IEC,official_public_metadata,https://www.iso.org/standard/42001,NOT_YET_LICENSED,"metadata,status,identifiers,TCDX-authored summaries",full normative text,official_metadata,active,PROV:SRC-ISO-42001
SRC-CL-21719,CL_LEY_21719,Biblioteca del Congreso Nacional de Chile,official_public_law,https://www.bcn.cl/leychile/Navegar?idNorma=1209272&idVersion=2026-12-01,PUBLIC_LAW,"official legal source,paraphrase,traceability",none beyond source integrity/provenance,authorized_normative_source,active,PROV:SRC-CL-21719
SRC-CL-19628-CONSOLIDATED-20261201,CL_LEY_21719,Biblioteca del Congreso Nacional de Chile,official_public_law,https://www.bcn.cl/leychile/Navegar?idNorma=141599&idVersion=2026-12-01,PUBLIC_LAW,"operational consolidated future-effective legal text,paraphrase,traceability",none beyond source integrity/provenance,authorized_normative_source,active,PROV:SRC-CL-19628-CONSOLIDATED-20261201
