control_code,name,domain,control_origin,ownership_class,tenant_id,business_key,provenance_ref,license_classification,publication_eligibility
GOV-001,Gobierno integrado de cumplimiento,GOV,tcdx_baseline,PLATFORM_CONTROL,,PLATFORM_CONTROL||GOV-001,PROV:TCDX:BASELINE_CONTROLS:v1,TCDX_AUTHORED,eligible_after_tcdx_governance_review
GOV-002,Roles y responsabilidades,GOV,tcdx_baseline,PLATFORM_CONTROL,,PLATFORM_CONTROL||GOV-002,PROV:TCDX:BASELINE_CONTROLS:v1,TCDX_AUTHORED,eligible_after_tcdx_governance_review
GOV-003,Gestión de políticas,GOV,tcdx_baseline,PLATFORM_CONTROL,,PLATFORM_CONTROL||GOV-003,PROV:TCDX:BASELINE_CONTROLS:v1,TCDX_AUTHORED,eligible_after_tcdx_governance_review
GOV-004,Revisión por la dirección,GOV,tcdx_baseline,PLATFORM_CONTROL,,PLATFORM_CONTROL||GOV-004,PROV:TCDX:BASELINE_CONTROLS:v1,TCDX_AUTHORED,eligible_after_tcdx_governance_review
CTX-001,Contexto y partes interesadas,GOV,tcdx_baseline,PLATFORM_CONTROL,,PLATFORM_CONTROL||CTX-001,PROV:TCDX:BASELINE_CONTROLS:v1,TCDX_AUTHORED,eligible_after_tcdx_governance_review
SCOPE-001,Gestión de alcance,GOV,tcdx_baseline,PLATFORM_CONTROL,,PLATFORM_CONTROL||SCOPE-001,PROV:TCDX:BASELINE_CONTROLS:v1,TCDX_AUTHORED,eligible_after_tcdx_governance_review
RISK-001,Gestión integrada de riesgos,RISK,tcdx_baseline,PLATFORM_CONTROL,,PLATFORM_CONTROL||RISK-001,PROV:TCDX:BASELINE_CONTROLS:v1,TCDX_AUTHORED,eligible_after_tcdx_governance_review
RISK-002,Tratamiento y aceptación de riesgos,RISK,tcdx_baseline,PLATFORM_CONTROL,,PLATFORM_CONTROL||RISK-002,PROV:TCDX:BASELINE_CONTROLS:v1,TCDX_AUTHORED,eligible_after_tcdx_governance_review
OBJ-001,Objetivos y planificación,GOV,tcdx_baseline,PLATFORM_CONTROL,,PLATFORM_CONTROL||OBJ-001,PROV:TCDX:BASELINE_CONTROLS:v1,TCDX_AUTHORED,eligible_after_tcdx_governance_review
DOC-001,Control de información documentada,DOC,tcdx_baseline,PLATFORM_CONTROL,,PLATFORM_CONTROL||DOC-001,PROV:TCDX:BASELINE_CONTROLS:v1,TCDX_AUTHORED,eligible_after_tcdx_governance_review
REC-001,Gestión de registros,DOC,tcdx_baseline,PLATFORM_CONTROL,,PLATFORM_CONTROL||REC-001,PROV:TCDX:BASELINE_CONTROLS:v1,TCDX_AUTHORED,eligible_after_tcdx_governance_review
COMP-001,Competencia y formación,HR,tcdx_baseline,PLATFORM_CONTROL,,PLATFORM_CONTROL||COMP-001,PROV:TCDX:BASELINE_CONTROLS:v1,TCDX_AUTHORED,eligible_after_tcdx_governance_review
AWARE-001,Concientización,HR,tcdx_baseline,PLATFORM_CONTROL,,PLATFORM_CONTROL||AWARE-001,PROV:TCDX:BASELINE_CONTROLS:v1,TCDX_AUTHORED,eligible_after_tcdx_governance_review
COMM-001,Comunicación interna y externa,GOV,tcdx_baseline,PLATFORM_CONTROL,,PLATFORM_CONTROL||COMM-001,PROV:TCDX:BASELINE_CONTROLS:v1,TCDX_AUTHORED,eligible_after_tcdx_governance_review
ETH-001,Cultura y conducta ética,GOV,tcdx_baseline,PLATFORM_CONTROL,,PLATFORM_CONTROL||ETH-001,PROV:TCDX:BASELINE_CONTROLS:v1,TCDX_AUTHORED,eligible_after_tcdx_governance_review
PROC-001,Gestión de procesos,QUALITY,tcdx_baseline,PLATFORM_CONTROL,,PLATFORM_CONTROL||PROC-001,PROV:TCDX:BASELINE_CONTROLS:v1,TCDX_AUTHORED,eligible_after_tcdx_governance_review
CHANGE-001,Gestión de cambios,OPS,tcdx_baseline,PLATFORM_CONTROL,,PLATFORM_CONTROL||CHANGE-001,PROV:TCDX:BASELINE_CONTROLS:v1,TCDX_AUTHORED,eligible_after_tcdx_governance_review
SUP-001,Gestión de terceros y proveedores,TPRM,tcdx_baseline,PLATFORM_CONTROL,,PLATFORM_CONTROL||SUP-001,PROV:TCDX:BASELINE_CONTROLS:v1,TCDX_AUTHORED,eligible_after_tcdx_governance_review
CONTRACT-001,Gestión de obligaciones contractuales,TPRM,tcdx_baseline,PLATFORM_CONTROL,,PLATFORM_CONTROL||CONTRACT-001,PROV:TCDX:BASELINE_CONTROLS:v1,TCDX_AUTHORED,eligible_after_tcdx_governance_review
METRIC-001,"Monitoreo, medición y análisis",ASSURANCE,tcdx_baseline,PLATFORM_CONTROL,,PLATFORM_CONTROL||METRIC-001,PROV:TCDX:BASELINE_CONTROLS:v1,TCDX_AUTHORED,eligible_after_tcdx_governance_review
AUDIT-001,Auditoría interna,ASSURANCE,tcdx_baseline,PLATFORM_CONTROL,,PLATFORM_CONTROL||AUDIT-001,PROV:TCDX:BASELINE_CONTROLS:v1,TCDX_AUTHORED,eligible_after_tcdx_governance_review
NC-001,No conformidad y acción correctiva,IMPROVE,tcdx_baseline,PLATFORM_CONTROL,,PLATFORM_CONTROL||NC-001,PROV:TCDX:BASELINE_CONTROLS:v1,TCDX_AUTHORED,eligible_after_tcdx_governance_review
IMPROVE-001,Mejora continua,IMPROVE,tcdx_baseline,PLATFORM_CONTROL,,PLATFORM_CONTROL||IMPROVE-001,PROV:TCDX:BASELINE_CONTROLS:v1,TCDX_AUTHORED,eligible_after_tcdx_governance_review
ACCESS-001,Gestión de accesos y privilegios,ACCESS,tcdx_baseline,PLATFORM_CONTROL,,PLATFORM_CONTROL||ACCESS-001,PROV:TCDX:BASELINE_CONTROLS:v1,TCDX_AUTHORED,eligible_after_tcdx_governance_review
ACCESS-002,Revisión periódica de accesos,ACCESS,tcdx_baseline,PLATFORM_CONTROL,,PLATFORM_CONTROL||ACCESS-002,PROV:TCDX:BASELINE_CONTROLS:v1,TCDX_AUTHORED,eligible_after_tcdx_governance_review
IAM-001,Gestión del ciclo de vida de identidades,ACCESS,tcdx_baseline,PLATFORM_CONTROL,,PLATFORM_CONTROL||IAM-001,PROV:TCDX:BASELINE_CONTROLS:v1,TCDX_AUTHORED,eligible_after_tcdx_governance_review
SOD-001,Segregación de funciones,ACCESS,tcdx_baseline,PLATFORM_CONTROL,,PLATFORM_CONTROL||SOD-001,PROV:TCDX:BASELINE_CONTROLS:v1,TCDX_AUTHORED,eligible_after_tcdx_governance_review
ASSET-001,Inventario y propiedad de activos,ASSET,tcdx_baseline,PLATFORM_CONTROL,,PLATFORM_CONTROL||ASSET-001,PROV:TCDX:BASELINE_CONTROLS:v1,TCDX_AUTHORED,eligible_after_tcdx_governance_review
CLASS-001,Clasificación y manejo de información,DATA,tcdx_baseline,PLATFORM_CONTROL,,PLATFORM_CONTROL||CLASS-001,PROV:TCDX:BASELINE_CONTROLS:v1,TCDX_AUTHORED,eligible_after_tcdx_governance_review
TRANSFER-001,Transferencia segura de información,DATA,tcdx_baseline,PLATFORM_CONTROL,,PLATFORM_CONTROL||TRANSFER-001,PROV:TCDX:BASELINE_CONTROLS:v1,TCDX_AUTHORED,eligible_after_tcdx_governance_review
CRYPTO-001,Uso de criptografía,SECURITY,tcdx_baseline,PLATFORM_CONTROL,,PLATFORM_CONTROL||CRYPTO-001,PROV:TCDX:BASELINE_CONTROLS:v1,TCDX_AUTHORED,eligible_after_tcdx_governance_review
VULN-001,Gestión de vulnerabilidades,SECURITY,tcdx_baseline,PLATFORM_CONTROL,,PLATFORM_CONTROL||VULN-001,PROV:TCDX:BASELINE_CONTROLS:v1,TCDX_AUTHORED,eligible_after_tcdx_governance_review
CONFIG-001,Gestión de configuración segura,SECURITY,tcdx_baseline,PLATFORM_CONTROL,,PLATFORM_CONTROL||CONFIG-001,PROV:TCDX:BASELINE_CONTROLS:v1,TCDX_AUTHORED,eligible_after_tcdx_governance_review
MAL-001,Protección contra malware,SECURITY,tcdx_baseline,PLATFORM_CONTROL,,PLATFORM_CONTROL||MAL-001,PROV:TCDX:BASELINE_CONTROLS:v1,TCDX_AUTHORED,eligible_after_tcdx_governance_review
LOG-001,Registro de eventos,SECURITY,tcdx_baseline,PLATFORM_CONTROL,,PLATFORM_CONTROL||LOG-001,PROV:TCDX:BASELINE_CONTROLS:v1,TCDX_AUTHORED,eligible_after_tcdx_governance_review
MON-001,Monitoreo de seguridad,SECURITY,tcdx_baseline,PLATFORM_CONTROL,,PLATFORM_CONTROL||MON-001,PROV:TCDX:BASELINE_CONTROLS:v1,TCDX_AUTHORED,eligible_after_tcdx_governance_review
NET-001,Seguridad de redes,SECURITY,tcdx_baseline,PLATFORM_CONTROL,,PLATFORM_CONTROL||NET-001,PROV:TCDX:BASELINE_CONTROLS:v1,TCDX_AUTHORED,eligible_after_tcdx_governance_review
DEV-001,Ciclo de desarrollo seguro,DEV,tcdx_baseline,PLATFORM_CONTROL,,PLATFORM_CONTROL||DEV-001,PROV:TCDX:BASELINE_CONTROLS:v1,TCDX_AUTHORED,eligible_after_tcdx_governance_review
TEST-001,Pruebas y validación,DEV,tcdx_baseline,PLATFORM_CONTROL,,PLATFORM_CONTROL||TEST-001,PROV:TCDX:BASELINE_CONTROLS:v1,TCDX_AUTHORED,eligible_after_tcdx_governance_review
BACKUP-001,Respaldo y restauración,RESILIENCE,tcdx_baseline,PLATFORM_CONTROL,,PLATFORM_CONTROL||BACKUP-001,PROV:TCDX:BASELINE_CONTROLS:v1,TCDX_AUTHORED,eligible_after_tcdx_governance_review
BCM-001,Continuidad operacional,RESILIENCE,tcdx_baseline,PLATFORM_CONTROL,,PLATFORM_CONTROL||BCM-001,PROV:TCDX:BASELINE_CONTROLS:v1,TCDX_AUTHORED,eligible_after_tcdx_governance_review
INCIDENT-001,Gestión de incidentes,INCIDENT,tcdx_baseline,PLATFORM_CONTROL,,PLATFORM_CONTROL||INCIDENT-001,PROV:TCDX:BASELINE_CONTROLS:v1,TCDX_AUTHORED,eligible_after_tcdx_governance_review
EVIDENCE-001,Protección de evidencias y registros,EVIDENCE,tcdx_baseline,PLATFORM_CONTROL,,PLATFORM_CONTROL||EVIDENCE-001,PROV:TCDX:BASELINE_CONTROLS:v1,TCDX_AUTHORED,eligible_after_tcdx_governance_review
RETENTION-001,Retención y eliminación,DATA,tcdx_baseline,PLATFORM_CONTROL,,PLATFORM_CONTROL||RETENTION-001,PROV:TCDX:BASELINE_CONTROLS:v1,TCDX_AUTHORED,eligible_after_tcdx_governance_review
PRIV-001,Inventario de tratamientos de datos,PRIVACY,tcdx_baseline,PLATFORM_CONTROL,,PLATFORM_CONTROL||PRIV-001,PROV:TCDX:BASELINE_CONTROLS:v1,TCDX_AUTHORED,eligible_after_tcdx_governance_review
PRIV-002,Bases de licitud y consentimiento,PRIVACY,tcdx_baseline,PLATFORM_CONTROL,,PLATFORM_CONTROL||PRIV-002,PROV:TCDX:BASELINE_CONTROLS:v1,TCDX_AUTHORED,eligible_after_tcdx_governance_review
PRIV-003,Transparencia y avisos de privacidad,PRIVACY,tcdx_baseline,PLATFORM_CONTROL,,PLATFORM_CONTROL||PRIV-003,PROV:TCDX:BASELINE_CONTROLS:v1,TCDX_AUTHORED,eligible_after_tcdx_governance_review
PRIV-004,Gestión de derechos de titulares,PRIVACY,tcdx_baseline,PLATFORM_CONTROL,,PLATFORM_CONTROL||PRIV-004,PROV:TCDX:BASELINE_CONTROLS:v1,TCDX_AUTHORED,eligible_after_tcdx_governance_review
PRIV-005,Privacidad desde diseño y por defecto,PRIVACY,tcdx_baseline,PLATFORM_CONTROL,,PLATFORM_CONTROL||PRIV-005,PROV:TCDX:BASELINE_CONTROLS:v1,TCDX_AUTHORED,eligible_after_tcdx_governance_review
PRIV-006,Seguridad de datos personales,PRIVACY,tcdx_baseline,PLATFORM_CONTROL,,PLATFORM_CONTROL||PRIV-006,PROV:TCDX:BASELINE_CONTROLS:v1,TCDX_AUTHORED,eligible_after_tcdx_governance_review
PRIV-007,Gestión de encargados,PRIVACY,tcdx_baseline,PLATFORM_CONTROL,,PLATFORM_CONTROL||PRIV-007,PROV:TCDX:BASELINE_CONTROLS:v1,TCDX_AUTHORED,eligible_after_tcdx_governance_review
PRIV-008,Transferencias internacionales,PRIVACY,tcdx_baseline,PLATFORM_CONTROL,,PLATFORM_CONTROL||PRIV-008,PROV:TCDX:BASELINE_CONTROLS:v1,TCDX_AUTHORED,eligible_after_tcdx_governance_review
PRIV-009,Gestión de vulneraciones de datos,PRIVACY,tcdx_baseline,PLATFORM_CONTROL,,PLATFORM_CONTROL||PRIV-009,PROV:TCDX:BASELINE_CONTROLS:v1,TCDX_AUTHORED,eligible_after_tcdx_governance_review
PRIV-010,Calidad y minimización de datos,PRIVACY,tcdx_baseline,PLATFORM_CONTROL,,PLATFORM_CONTROL||PRIV-010,PROV:TCDX:BASELINE_CONTROLS:v1,TCDX_AUTHORED,eligible_after_tcdx_governance_review
PRIV-011,Datos sensibles y grupos vulnerables,PRIVACY,tcdx_baseline,PLATFORM_CONTROL,,PLATFORM_CONTROL||PRIV-011,PROV:TCDX:BASELINE_CONTROLS:v1,TCDX_AUTHORED,eligible_after_tcdx_governance_review
PRIV-012,Decisiones automatizadas y perfilamiento,PRIVACY,tcdx_baseline,PLATFORM_CONTROL,,PLATFORM_CONTROL||PRIV-012,PROV:TCDX:BASELINE_CONTROLS:v1,TCDX_AUTHORED,eligible_after_tcdx_governance_review
AI-001,Política de IA,AI,tcdx_baseline,PLATFORM_CONTROL,,PLATFORM_CONTROL||AI-001,PROV:TCDX:BASELINE_CONTROLS:v1,TCDX_AUTHORED,eligible_after_tcdx_governance_review
AI-002,Roles y accountability de IA,AI,tcdx_baseline,PLATFORM_CONTROL,,PLATFORM_CONTROL||AI-002,PROV:TCDX:BASELINE_CONTROLS:v1,TCDX_AUTHORED,eligible_after_tcdx_governance_review
AI-003,Inventario de sistemas de IA,AI,tcdx_baseline,PLATFORM_CONTROL,,PLATFORM_CONTROL||AI-003,PROV:TCDX:BASELINE_CONTROLS:v1,TCDX_AUTHORED,eligible_after_tcdx_governance_review
AI-004,Recursos de IA,AI,tcdx_baseline,PLATFORM_CONTROL,,PLATFORM_CONTROL||AI-004,PROV:TCDX:BASELINE_CONTROLS:v1,TCDX_AUTHORED,eligible_after_tcdx_governance_review
AI-005,Evaluación de impacto de IA,AI,tcdx_baseline,PLATFORM_CONTROL,,PLATFORM_CONTROL||AI-005,PROV:TCDX:BASELINE_CONTROLS:v1,TCDX_AUTHORED,eligible_after_tcdx_governance_review
AI-006,Gestión de riesgos de IA,AI,tcdx_baseline,PLATFORM_CONTROL,,PLATFORM_CONTROL||AI-006,PROV:TCDX:BASELINE_CONTROLS:v1,TCDX_AUTHORED,eligible_after_tcdx_governance_review
AI-007,Requisitos y diseño responsable de IA,AI,tcdx_baseline,PLATFORM_CONTROL,,PLATFORM_CONTROL||AI-007,PROV:TCDX:BASELINE_CONTROLS:v1,TCDX_AUTHORED,eligible_after_tcdx_governance_review
AI-008,Verificación y validación de IA,AI,tcdx_baseline,PLATFORM_CONTROL,,PLATFORM_CONTROL||AI-008,PROV:TCDX:BASELINE_CONTROLS:v1,TCDX_AUTHORED,eligible_after_tcdx_governance_review
AI-009,Despliegue y cambios de IA,AI,tcdx_baseline,PLATFORM_CONTROL,,PLATFORM_CONTROL||AI-009,PROV:TCDX:BASELINE_CONTROLS:v1,TCDX_AUTHORED,eligible_after_tcdx_governance_review
AI-010,Monitoreo y logging de IA,AI,tcdx_baseline,PLATFORM_CONTROL,,PLATFORM_CONTROL||AI-010,PROV:TCDX:BASELINE_CONTROLS:v1,TCDX_AUTHORED,eligible_after_tcdx_governance_review
AI-011,Documentación técnica y para usuarios,AI,tcdx_baseline,PLATFORM_CONTROL,,PLATFORM_CONTROL||AI-011,PROV:TCDX:BASELINE_CONTROLS:v1,TCDX_AUTHORED,eligible_after_tcdx_governance_review
AI-012,Gobierno de datos para IA,AI,tcdx_baseline,PLATFORM_CONTROL,,PLATFORM_CONTROL||AI-012,PROV:TCDX:BASELINE_CONTROLS:v1,TCDX_AUTHORED,eligible_after_tcdx_governance_review
AI-013,Uso responsable y límites de uso,AI,tcdx_baseline,PLATFORM_CONTROL,,PLATFORM_CONTROL||AI-013,PROV:TCDX:BASELINE_CONTROLS:v1,TCDX_AUTHORED,eligible_after_tcdx_governance_review
AI-014,Incidentes y preocupaciones de IA,AI,tcdx_baseline,PLATFORM_CONTROL,,PLATFORM_CONTROL||AI-014,PROV:TCDX:BASELINE_CONTROLS:v1,TCDX_AUTHORED,eligible_after_tcdx_governance_review
AI-015,Terceros y cadena de suministro IA,AI,tcdx_baseline,PLATFORM_CONTROL,,PLATFORM_CONTROL||AI-015,PROV:TCDX:BASELINE_CONTROLS:v1,TCDX_AUTHORED,eligible_after_tcdx_governance_review
QUALITY-001,Gestión de requisitos de clientes,QUALITY,tcdx_baseline,PLATFORM_CONTROL,,PLATFORM_CONTROL||QUALITY-001,PROV:TCDX:BASELINE_CONTROLS:v1,TCDX_AUTHORED,eligible_after_tcdx_governance_review
QUALITY-002,Diseño y desarrollo de productos/servicios,QUALITY,tcdx_baseline,PLATFORM_CONTROL,,PLATFORM_CONTROL||QUALITY-002,PROV:TCDX:BASELINE_CONTROLS:v1,TCDX_AUTHORED,eligible_after_tcdx_governance_review
QUALITY-003,Control de provisión externa,QUALITY,tcdx_baseline,PLATFORM_CONTROL,,PLATFORM_CONTROL||QUALITY-003,PROV:TCDX:BASELINE_CONTROLS:v1,TCDX_AUTHORED,eligible_after_tcdx_governance_review
QUALITY-004,Control operacional de provisión,QUALITY,tcdx_baseline,PLATFORM_CONTROL,,PLATFORM_CONTROL||QUALITY-004,PROV:TCDX:BASELINE_CONTROLS:v1,TCDX_AUTHORED,eligible_after_tcdx_governance_review
QUALITY-005,Liberación de productos/servicios,QUALITY,tcdx_baseline,PLATFORM_CONTROL,,PLATFORM_CONTROL||QUALITY-005,PROV:TCDX:BASELINE_CONTROLS:v1,TCDX_AUTHORED,eligible_after_tcdx_governance_review
QUALITY-006,Control de salidas no conformes,QUALITY,tcdx_baseline,PLATFORM_CONTROL,,PLATFORM_CONTROL||QUALITY-006,PROV:TCDX:BASELINE_CONTROLS:v1,TCDX_AUTHORED,eligible_after_tcdx_governance_review
QUALITY-007,Satisfacción del cliente,QUALITY,tcdx_baseline,PLATFORM_CONTROL,,PLATFORM_CONTROL||QUALITY-007,PROV:TCDX:BASELINE_CONTROLS:v1,TCDX_AUTHORED,eligible_after_tcdx_governance_review
PHYS-001,Seguridad física y ambiental,SECURITY,tcdx_baseline,PLATFORM_CONTROL,,PLATFORM_CONTROL||PHYS-001,PROV:TCDX:BASELINE_CONTROLS:v1,TCDX_AUTHORED,eligible_after_tcdx_governance_review
CLOUD-001,Gobierno de servicios cloud,SECURITY,tcdx_baseline,PLATFORM_CONTROL,,PLATFORM_CONTROL||CLOUD-001,PROV:TCDX:BASELINE_CONTROLS:v1,TCDX_AUTHORED,eligible_after_tcdx_governance_review
DLP-001,Prevención de fuga de información,DATA,tcdx_baseline,PLATFORM_CONTROL,,PLATFORM_CONTROL||DLP-001,PROV:TCDX:BASELINE_CONTROLS:v1,TCDX_AUTHORED,eligible_after_tcdx_governance_review
