control_code,version_number,objective,control_type,nature,frequency_code,execution_method,verification_method,minimum_evidence,suggested_owner_role_code,control_origin,ownership_class,tenant_id,source_lifecycle_state,target_lifecycle_instruction,business_key,provenance_ref,license_classification,publication_eligibility
GOV-001,1,"Establecer gobierno, autoridad y rendición de cuentas sobre los sistemas de gestión y obligaciones aplicables.",preventive,hybrid,continuous,governed_process,evidence_review,Registro o evidencia verificable de ejecución.,COMPLIANCE_MANAGER,tcdx_baseline,PLATFORM_CONTROL,,published_candidate,publish only through canonical governance transition,PLATFORM_CONTROL||GOV-001|1,PROV:TCDX:BASELINE_CONTROLS:v1,TCDX_AUTHORED,eligible_after_tcdx_governance_review
GOV-002,1,"Definir y mantener responsabilidades, autoridades y segregación de funciones.",preventive,hybrid,continuous,governed_process,evidence_review,Registro o evidencia verificable de ejecución.,COMPLIANCE_MANAGER,tcdx_baseline,PLATFORM_CONTROL,,published_candidate,publish only through canonical governance transition,PLATFORM_CONTROL||GOV-002|1,PROV:TCDX:BASELINE_CONTROLS:v1,TCDX_AUTHORED,eligible_after_tcdx_governance_review
GOV-003,1,"Aprobar, comunicar, revisar y versionar políticas corporativas.",preventive,hybrid,continuous,governed_process,evidence_review,Registro o evidencia verificable de ejecución.,COMPLIANCE_MANAGER,tcdx_baseline,PLATFORM_CONTROL,,published_candidate,publish only through canonical governance transition,PLATFORM_CONTROL||GOV-003|1,PROV:TCDX:BASELINE_CONTROLS:v1,TCDX_AUTHORED,eligible_after_tcdx_governance_review
GOV-004,1,"Revisar desempeño, riesgos, cambios y oportunidades a nivel directivo.",detective,hybrid,continuous,governed_process,evidence_review,Registro o evidencia verificable de ejecución.,COMPLIANCE_MANAGER,tcdx_baseline,PLATFORM_CONTROL,,published_candidate,publish only through canonical governance transition,PLATFORM_CONTROL||GOV-004|1,PROV:TCDX:BASELINE_CONTROLS:v1,TCDX_AUTHORED,eligible_after_tcdx_governance_review
CTX-001,1,"Mantener contexto, partes interesadas y requisitos pertinentes.",preventive,hybrid,continuous,governed_process,evidence_review,Registro o evidencia verificable de ejecución.,COMPLIANCE_MANAGER,tcdx_baseline,PLATFORM_CONTROL,,published_candidate,publish only through canonical governance transition,PLATFORM_CONTROL||CTX-001|1,PROV:TCDX:BASELINE_CONTROLS:v1,TCDX_AUTHORED,eligible_after_tcdx_governance_review
SCOPE-001,1,Definir y mantener alcance de sistemas de gestión y servicios.,preventive,hybrid,continuous,governed_process,evidence_review,Registro o evidencia verificable de ejecución.,COMPLIANCE_MANAGER,tcdx_baseline,PLATFORM_CONTROL,,published_candidate,publish only through canonical governance transition,PLATFORM_CONTROL||SCOPE-001|1,PROV:TCDX:BASELINE_CONTROLS:v1,TCDX_AUTHORED,eligible_after_tcdx_governance_review
RISK-001,1,"Identificar, analizar, evaluar, tratar y monitorear riesgos y oportunidades.",preventive,hybrid,continuous,governed_process,evidence_review,Registro o evidencia verificable de ejecución.,COMPLIANCE_MANAGER,tcdx_baseline,PLATFORM_CONTROL,,published_candidate,publish only through canonical governance transition,PLATFORM_CONTROL||RISK-001|1,PROV:TCDX:BASELINE_CONTROLS:v1,TCDX_AUTHORED,eligible_after_tcdx_governance_review
RISK-002,1,"Definir planes, responsables, plazos y aceptación formal del riesgo residual.",preventive,hybrid,continuous,governed_process,evidence_review,Registro o evidencia verificable de ejecución.,COMPLIANCE_MANAGER,tcdx_baseline,PLATFORM_CONTROL,,published_candidate,publish only through canonical governance transition,PLATFORM_CONTROL||RISK-002|1,PROV:TCDX:BASELINE_CONTROLS:v1,TCDX_AUTHORED,eligible_after_tcdx_governance_review
OBJ-001,1,"Definir objetivos medibles, responsables, recursos, plazos y seguimiento.",preventive,hybrid,continuous,governed_process,evidence_review,Registro o evidencia verificable de ejecución.,COMPLIANCE_MANAGER,tcdx_baseline,PLATFORM_CONTROL,,published_candidate,publish only through canonical governance transition,PLATFORM_CONTROL||OBJ-001|1,PROV:TCDX:BASELINE_CONTROLS:v1,TCDX_AUTHORED,eligible_after_tcdx_governance_review
DOC-001,1,"Crear, aprobar, versionar, distribuir, proteger y retirar documentación controlada.",preventive,hybrid,continuous,governed_process,evidence_review,Registro o evidencia verificable de ejecución.,COMPLIANCE_MANAGER,tcdx_baseline,PLATFORM_CONTROL,,published_candidate,publish only through canonical governance transition,PLATFORM_CONTROL||DOC-001|1,PROV:TCDX:BASELINE_CONTROLS:v1,TCDX_AUTHORED,eligible_after_tcdx_governance_review
REC-001,1,"Proteger integridad, disponibilidad, trazabilidad y conservación de registros.",preventive,hybrid,continuous,governed_process,evidence_review,Registro o evidencia verificable de ejecución.,COMPLIANCE_MANAGER,tcdx_baseline,PLATFORM_CONTROL,,published_candidate,publish only through canonical governance transition,PLATFORM_CONTROL||REC-001|1,PROV:TCDX:BASELINE_CONTROLS:v1,TCDX_AUTHORED,eligible_after_tcdx_governance_review
COMP-001,1,Asegurar competencia requerida y conservar evidencia de formación/experiencia.,preventive,hybrid,continuous,governed_process,evidence_review,Registro o evidencia verificable de ejecución.,COMPLIANCE_MANAGER,tcdx_baseline,PLATFORM_CONTROL,,published_candidate,publish only through canonical governance transition,PLATFORM_CONTROL||COMP-001|1,PROV:TCDX:BASELINE_CONTROLS:v1,TCDX_AUTHORED,eligible_after_tcdx_governance_review
AWARE-001,1,"Mantener conciencia sobre políticas, riesgos, responsabilidades y consecuencias.",preventive,hybrid,continuous,governed_process,evidence_review,Registro o evidencia verificable de ejecución.,COMPLIANCE_MANAGER,tcdx_baseline,PLATFORM_CONTROL,,published_candidate,publish only through canonical governance transition,PLATFORM_CONTROL||AWARE-001|1,PROV:TCDX:BASELINE_CONTROLS:v1,TCDX_AUTHORED,eligible_after_tcdx_governance_review
COMM-001,1,Planificar y controlar comunicaciones pertinentes y trazables.,preventive,hybrid,continuous,governed_process,evidence_review,Registro o evidencia verificable de ejecución.,COMPLIANCE_MANAGER,tcdx_baseline,PLATFORM_CONTROL,,published_candidate,publish only through canonical governance transition,PLATFORM_CONTROL||COMM-001|1,PROV:TCDX:BASELINE_CONTROLS:v1,TCDX_AUTHORED,eligible_after_tcdx_governance_review
ETH-001,1,"Promover comportamiento ético, cultura de calidad y reporte de preocupaciones.",preventive,hybrid,continuous,governed_process,evidence_review,Registro o evidencia verificable de ejecución.,COMPLIANCE_MANAGER,tcdx_baseline,PLATFORM_CONTROL,,published_candidate,publish only through canonical governance transition,PLATFORM_CONTROL||ETH-001|1,PROV:TCDX:BASELINE_CONTROLS:v1,TCDX_AUTHORED,eligible_after_tcdx_governance_review
PROC-001,1,"Definir procesos, criterios, responsables, entradas, salidas, indicadores e interacciones.",preventive,hybrid,continuous,governed_process,evidence_review,Registro o evidencia verificable de ejecución.,COMPLIANCE_MANAGER,tcdx_baseline,PLATFORM_CONTROL,,published_candidate,publish only through canonical governance transition,PLATFORM_CONTROL||PROC-001|1,PROV:TCDX:BASELINE_CONTROLS:v1,TCDX_AUTHORED,eligible_after_tcdx_governance_review
CHANGE-001,1,"Evaluar, aprobar, probar, implementar y revisar cambios controladamente.",preventive,hybrid,continuous,governed_process,evidence_review,Registro o evidencia verificable de ejecución.,COMPLIANCE_MANAGER,tcdx_baseline,PLATFORM_CONTROL,,published_candidate,publish only through canonical governance transition,PLATFORM_CONTROL||CHANGE-001|1,PROV:TCDX:BASELINE_CONTROLS:v1,TCDX_AUTHORED,eligible_after_tcdx_governance_review
SUP-001,1,"Evaluar, contratar, monitorear y revisar terceros según riesgo y obligaciones.",preventive,hybrid,continuous,governed_process,evidence_review,Registro o evidencia verificable de ejecución.,COMPLIANCE_MANAGER,tcdx_baseline,PLATFORM_CONTROL,,published_candidate,publish only through canonical governance transition,PLATFORM_CONTROL||SUP-001|1,PROV:TCDX:BASELINE_CONTROLS:v1,TCDX_AUTHORED,eligible_after_tcdx_governance_review
CONTRACT-001,1,"Mantener obligaciones de seguridad, privacidad, calidad y cumplimiento en contratos.",preventive,hybrid,continuous,governed_process,evidence_review,Registro o evidencia verificable de ejecución.,COMPLIANCE_MANAGER,tcdx_baseline,PLATFORM_CONTROL,,published_candidate,publish only through canonical governance transition,PLATFORM_CONTROL||CONTRACT-001|1,PROV:TCDX:BASELINE_CONTROLS:v1,TCDX_AUTHORED,eligible_after_tcdx_governance_review
METRIC-001,1,"Definir métricas, recolectar datos y evaluar desempeño y eficacia.",preventive,hybrid,continuous,governed_process,evidence_review,Registro o evidencia verificable de ejecución.,COMPLIANCE_MANAGER,tcdx_baseline,PLATFORM_CONTROL,,published_candidate,publish only through canonical governance transition,PLATFORM_CONTROL||METRIC-001|1,PROV:TCDX:BASELINE_CONTROLS:v1,TCDX_AUTHORED,eligible_after_tcdx_governance_review
AUDIT-001,1,Planificar y ejecutar auditorías independientes basadas en riesgo.,preventive,hybrid,continuous,governed_process,evidence_review,Registro o evidencia verificable de ejecución.,COMPLIANCE_MANAGER,tcdx_baseline,PLATFORM_CONTROL,,published_candidate,publish only through canonical governance transition,PLATFORM_CONTROL||AUDIT-001|1,PROV:TCDX:BASELINE_CONTROLS:v1,TCDX_AUTHORED,eligible_after_tcdx_governance_review
NC-001,1,"Registrar no conformidades, analizar causas, corregir y verificar eficacia.",preventive,hybrid,continuous,governed_process,evidence_review,Registro o evidencia verificable de ejecución.,COMPLIANCE_MANAGER,tcdx_baseline,PLATFORM_CONTROL,,published_candidate,publish only through canonical governance transition,PLATFORM_CONTROL||NC-001|1,PROV:TCDX:BASELINE_CONTROLS:v1,TCDX_AUTHORED,eligible_after_tcdx_governance_review
IMPROVE-001,1,"Gestionar oportunidades de mejora basadas en desempeño, auditoría, incidentes y cambios.",preventive,hybrid,continuous,governed_process,evidence_review,Registro o evidencia verificable de ejecución.,COMPLIANCE_MANAGER,tcdx_baseline,PLATFORM_CONTROL,,published_candidate,publish only through canonical governance transition,PLATFORM_CONTROL||IMPROVE-001|1,PROV:TCDX:BASELINE_CONTROLS:v1,TCDX_AUTHORED,eligible_after_tcdx_governance_review
ACCESS-001,1,"Autorizar y limitar accesos según necesidad, rol y mínimo privilegio.",preventive,hybrid,continuous,governed_process,evidence_review,Registro o evidencia verificable de ejecución.,COMPLIANCE_MANAGER,tcdx_baseline,PLATFORM_CONTROL,,published_candidate,publish only through canonical governance transition,PLATFORM_CONTROL||ACCESS-001|1,PROV:TCDX:BASELINE_CONTROLS:v1,TCDX_AUTHORED,eligible_after_tcdx_governance_review
ACCESS-002,1,Revisar periódicamente accesos y retirar privilegios innecesarios.,detective,hybrid,continuous,governed_process,evidence_review,Registro o evidencia verificable de ejecución.,COMPLIANCE_MANAGER,tcdx_baseline,PLATFORM_CONTROL,,published_candidate,publish only through canonical governance transition,PLATFORM_CONTROL||ACCESS-002|1,PROV:TCDX:BASELINE_CONTROLS:v1,TCDX_AUTHORED,eligible_after_tcdx_governance_review
IAM-001,1,"Controlar altas, cambios, bajas y autenticación de identidades.",preventive,hybrid,continuous,governed_process,evidence_review,Registro o evidencia verificable de ejecución.,COMPLIANCE_MANAGER,tcdx_baseline,PLATFORM_CONTROL,,published_candidate,publish only through canonical governance transition,PLATFORM_CONTROL||IAM-001|1,PROV:TCDX:BASELINE_CONTROLS:v1,TCDX_AUTHORED,eligible_after_tcdx_governance_review
SOD-001,1,Prevenir combinaciones incompatibles de responsabilidades y aprobaciones.,preventive,hybrid,continuous,governed_process,evidence_review,Registro o evidencia verificable de ejecución.,COMPLIANCE_MANAGER,tcdx_baseline,PLATFORM_CONTROL,,published_candidate,publish only through canonical governance transition,PLATFORM_CONTROL||SOD-001|1,PROV:TCDX:BASELINE_CONTROLS:v1,TCDX_AUTHORED,eligible_after_tcdx_governance_review
ASSET-001,1,"Mantener inventario, clasificación, propietario y ciclo de vida de activos.",preventive,hybrid,continuous,governed_process,evidence_review,Registro o evidencia verificable de ejecución.,COMPLIANCE_MANAGER,tcdx_baseline,PLATFORM_CONTROL,,published_candidate,publish only through canonical governance transition,PLATFORM_CONTROL||ASSET-001|1,PROV:TCDX:BASELINE_CONTROLS:v1,TCDX_AUTHORED,eligible_after_tcdx_governance_review
CLASS-001,1,Clasificar información y aplicar manejo acorde a sensibilidad.,preventive,hybrid,continuous,governed_process,evidence_review,Registro o evidencia verificable de ejecución.,COMPLIANCE_MANAGER,tcdx_baseline,PLATFORM_CONTROL,,published_candidate,publish only through canonical governance transition,PLATFORM_CONTROL||CLASS-001|1,PROV:TCDX:BASELINE_CONTROLS:v1,TCDX_AUTHORED,eligible_after_tcdx_governance_review
TRANSFER-001,1,Proteger información durante transferencia interna o externa.,preventive,hybrid,continuous,governed_process,evidence_review,Registro o evidencia verificable de ejecución.,COMPLIANCE_MANAGER,tcdx_baseline,PLATFORM_CONTROL,,published_candidate,publish only through canonical governance transition,PLATFORM_CONTROL||TRANSFER-001|1,PROV:TCDX:BASELINE_CONTROLS:v1,TCDX_AUTHORED,eligible_after_tcdx_governance_review
CRYPTO-001,1,Aplicar criptografía y gestión de claves de acuerdo con riesgo y clasificación.,preventive,hybrid,continuous,governed_process,evidence_review,Registro o evidencia verificable de ejecución.,COMPLIANCE_MANAGER,tcdx_baseline,PLATFORM_CONTROL,,published_candidate,publish only through canonical governance transition,PLATFORM_CONTROL||CRYPTO-001|1,PROV:TCDX:BASELINE_CONTROLS:v1,TCDX_AUTHORED,eligible_after_tcdx_governance_review
VULN-001,1,"Identificar, priorizar, remediar y verificar vulnerabilidades técnicas.",preventive,hybrid,continuous,governed_process,evidence_review,Registro o evidencia verificable de ejecución.,COMPLIANCE_MANAGER,tcdx_baseline,PLATFORM_CONTROL,,published_candidate,publish only through canonical governance transition,PLATFORM_CONTROL||VULN-001|1,PROV:TCDX:BASELINE_CONTROLS:v1,TCDX_AUTHORED,eligible_after_tcdx_governance_review
CONFIG-001,1,Definir y mantener configuraciones seguras y controladas.,preventive,hybrid,continuous,governed_process,evidence_review,Registro o evidencia verificable de ejecución.,COMPLIANCE_MANAGER,tcdx_baseline,PLATFORM_CONTROL,,published_candidate,publish only through canonical governance transition,PLATFORM_CONTROL||CONFIG-001|1,PROV:TCDX:BASELINE_CONTROLS:v1,TCDX_AUTHORED,eligible_after_tcdx_governance_review
MAL-001,1,"Prevenir, detectar y responder a software malicioso.",preventive,hybrid,continuous,governed_process,evidence_review,Registro o evidencia verificable de ejecución.,COMPLIANCE_MANAGER,tcdx_baseline,PLATFORM_CONTROL,,published_candidate,publish only through canonical governance transition,PLATFORM_CONTROL||MAL-001|1,PROV:TCDX:BASELINE_CONTROLS:v1,TCDX_AUTHORED,eligible_after_tcdx_governance_review
LOG-001,1,Generar y proteger logs suficientes para trazabilidad y seguridad.,preventive,hybrid,continuous,governed_process,evidence_review,Registro o evidencia verificable de ejecución.,COMPLIANCE_MANAGER,tcdx_baseline,PLATFORM_CONTROL,,published_candidate,publish only through canonical governance transition,PLATFORM_CONTROL||LOG-001|1,PROV:TCDX:BASELINE_CONTROLS:v1,TCDX_AUTHORED,eligible_after_tcdx_governance_review
MON-001,1,Monitorear eventos y detectar comportamientos anómalos o incidentes.,detective,hybrid,continuous,governed_process,evidence_review,Registro o evidencia verificable de ejecución.,COMPLIANCE_MANAGER,tcdx_baseline,PLATFORM_CONTROL,,published_candidate,publish only through canonical governance transition,PLATFORM_CONTROL||MON-001|1,PROV:TCDX:BASELINE_CONTROLS:v1,TCDX_AUTHORED,eligible_after_tcdx_governance_review
NET-001,1,"Proteger redes, servicios y segmentación de comunicaciones.",preventive,hybrid,continuous,governed_process,evidence_review,Registro o evidencia verificable de ejecución.,COMPLIANCE_MANAGER,tcdx_baseline,PLATFORM_CONTROL,,published_candidate,publish only through canonical governance transition,PLATFORM_CONTROL||NET-001|1,PROV:TCDX:BASELINE_CONTROLS:v1,TCDX_AUTHORED,eligible_after_tcdx_governance_review
DEV-001,1,"Integrar requisitos, diseño, codificación, pruebas y cambios seguros.",preventive,hybrid,continuous,governed_process,evidence_review,Registro o evidencia verificable de ejecución.,COMPLIANCE_MANAGER,tcdx_baseline,PLATFORM_CONTROL,,published_candidate,publish only through canonical governance transition,PLATFORM_CONTROL||DEV-001|1,PROV:TCDX:BASELINE_CONTROLS:v1,TCDX_AUTHORED,eligible_after_tcdx_governance_review
TEST-001,1,"Verificar y validar requisitos funcionales, calidad, seguridad y cumplimiento.",preventive,hybrid,continuous,governed_process,evidence_review,Registro o evidencia verificable de ejecución.,COMPLIANCE_MANAGER,tcdx_baseline,PLATFORM_CONTROL,,published_candidate,publish only through canonical governance transition,PLATFORM_CONTROL||TEST-001|1,PROV:TCDX:BASELINE_CONTROLS:v1,TCDX_AUTHORED,eligible_after_tcdx_governance_review
BACKUP-001,1,Mantener respaldos protegidos y demostrar restauración efectiva.,preventive,hybrid,continuous,governed_process,evidence_review,Registro o evidencia verificable de ejecución.,COMPLIANCE_MANAGER,tcdx_baseline,PLATFORM_CONTROL,,published_candidate,publish only through canonical governance transition,PLATFORM_CONTROL||BACKUP-001|1,PROV:TCDX:BASELINE_CONTROLS:v1,TCDX_AUTHORED,eligible_after_tcdx_governance_review
BCM-001,1,"Mantener estrategias, planes y pruebas de continuidad y recuperación.",preventive,hybrid,continuous,governed_process,evidence_review,Registro o evidencia verificable de ejecución.,COMPLIANCE_MANAGER,tcdx_baseline,PLATFORM_CONTROL,,published_candidate,publish only through canonical governance transition,PLATFORM_CONTROL||BCM-001|1,PROV:TCDX:BASELINE_CONTROLS:v1,TCDX_AUTHORED,eligible_after_tcdx_governance_review
INCIDENT-001,1,"Preparar, detectar, clasificar, responder, aprender y conservar evidencia de incidentes.",preventive,hybrid,continuous,governed_process,evidence_review,Registro o evidencia verificable de ejecución.,COMPLIANCE_MANAGER,tcdx_baseline,PLATFORM_CONTROL,,published_candidate,publish only through canonical governance transition,PLATFORM_CONTROL||INCIDENT-001|1,PROV:TCDX:BASELINE_CONTROLS:v1,TCDX_AUTHORED,eligible_after_tcdx_governance_review
EVIDENCE-001,1,"Preservar autenticidad, integridad, cadena de custodia y disponibilidad de evidencia.",preventive,hybrid,continuous,governed_process,evidence_review,Registro o evidencia verificable de ejecución.,COMPLIANCE_MANAGER,tcdx_baseline,PLATFORM_CONTROL,,published_candidate,publish only through canonical governance transition,PLATFORM_CONTROL||EVIDENCE-001|1,PROV:TCDX:BASELINE_CONTROLS:v1,TCDX_AUTHORED,eligible_after_tcdx_governance_review
RETENTION-001,1,Aplicar períodos de conservación y disposición segura según obligación y propósito.,preventive,hybrid,continuous,governed_process,evidence_review,Registro o evidencia verificable de ejecución.,COMPLIANCE_MANAGER,tcdx_baseline,PLATFORM_CONTROL,,published_candidate,publish only through canonical governance transition,PLATFORM_CONTROL||RETENTION-001|1,PROV:TCDX:BASELINE_CONTROLS:v1,TCDX_AUTHORED,eligible_after_tcdx_governance_review
PRIV-001,1,"Mantener inventario de tratamientos, finalidades, categorías, bases y destinatarios.",preventive,hybrid,continuous,governed_process,evidence_review,Registro o evidencia verificable de ejecución.,COMPLIANCE_MANAGER,tcdx_baseline,PLATFORM_CONTROL,,published_candidate,publish only through canonical governance transition,PLATFORM_CONTROL||PRIV-001|1,PROV:TCDX:BASELINE_CONTROLS:v1,TCDX_AUTHORED,eligible_after_tcdx_governance_review
PRIV-002,1,Determinar base jurídica y gestionar consentimiento cuando corresponda.,preventive,hybrid,continuous,governed_process,evidence_review,Registro o evidencia verificable de ejecución.,COMPLIANCE_MANAGER,tcdx_baseline,PLATFORM_CONTROL,,published_candidate,publish only through canonical governance transition,PLATFORM_CONTROL||PRIV-002|1,PROV:TCDX:BASELINE_CONTROLS:v1,TCDX_AUTHORED,eligible_after_tcdx_governance_review
PRIV-003,1,Entregar información clara y accesible sobre tratamientos y derechos.,preventive,hybrid,continuous,governed_process,evidence_review,Registro o evidencia verificable de ejecución.,COMPLIANCE_MANAGER,tcdx_baseline,PLATFORM_CONTROL,,published_candidate,publish only through canonical governance transition,PLATFORM_CONTROL||PRIV-003|1,PROV:TCDX:BASELINE_CONTROLS:v1,TCDX_AUTHORED,eligible_after_tcdx_governance_review
PRIV-004,1,"Recibir, autenticar, resolver y evidenciar solicitudes de derechos.",preventive,hybrid,continuous,governed_process,evidence_review,Registro o evidencia verificable de ejecución.,COMPLIANCE_MANAGER,tcdx_baseline,PLATFORM_CONTROL,,published_candidate,publish only through canonical governance transition,PLATFORM_CONTROL||PRIV-004|1,PROV:TCDX:BASELINE_CONTROLS:v1,TCDX_AUTHORED,eligible_after_tcdx_governance_review
PRIV-005,1,"Integrar minimización, necesidad y salvaguardas desde diseño y por defecto.",preventive,hybrid,continuous,governed_process,evidence_review,Registro o evidencia verificable de ejecución.,COMPLIANCE_MANAGER,tcdx_baseline,PLATFORM_CONTROL,,published_candidate,publish only through canonical governance transition,PLATFORM_CONTROL||PRIV-005|1,PROV:TCDX:BASELINE_CONTROLS:v1,TCDX_AUTHORED,eligible_after_tcdx_governance_review
PRIV-006,1,Aplicar medidas técnicas y organizativas adecuadas al riesgo de datos personales.,preventive,hybrid,continuous,governed_process,evidence_review,Registro o evidencia verificable de ejecución.,COMPLIANCE_MANAGER,tcdx_baseline,PLATFORM_CONTROL,,published_candidate,publish only through canonical governance transition,PLATFORM_CONTROL||PRIV-006|1,PROV:TCDX:BASELINE_CONTROLS:v1,TCDX_AUTHORED,eligible_after_tcdx_governance_review
PRIV-007,1,Evaluar y gobernar encargados/subencargados mediante instrucciones y contratos.,preventive,hybrid,continuous,governed_process,evidence_review,Registro o evidencia verificable de ejecución.,COMPLIANCE_MANAGER,tcdx_baseline,PLATFORM_CONTROL,,published_candidate,publish only through canonical governance transition,PLATFORM_CONTROL||PRIV-007|1,PROV:TCDX:BASELINE_CONTROLS:v1,TCDX_AUTHORED,eligible_after_tcdx_governance_review
PRIV-008,1,Evaluar y documentar mecanismos y garantías de transferencias internacionales.,preventive,hybrid,continuous,governed_process,evidence_review,Registro o evidencia verificable de ejecución.,COMPLIANCE_MANAGER,tcdx_baseline,PLATFORM_CONTROL,,published_candidate,publish only through canonical governance transition,PLATFORM_CONTROL||PRIV-008|1,PROV:TCDX:BASELINE_CONTROLS:v1,TCDX_AUTHORED,eligible_after_tcdx_governance_review
PRIV-009,1,"Detectar, evaluar, registrar y comunicar vulneraciones de datos según obligación.",preventive,hybrid,continuous,governed_process,evidence_review,Registro o evidencia verificable de ejecución.,COMPLIANCE_MANAGER,tcdx_baseline,PLATFORM_CONTROL,,published_candidate,publish only through canonical governance transition,PLATFORM_CONTROL||PRIV-009|1,PROV:TCDX:BASELINE_CONTROLS:v1,TCDX_AUTHORED,eligible_after_tcdx_governance_review
PRIV-010,1,"Mantener datos pertinentes, exactos, actualizados y limitados a lo necesario.",preventive,hybrid,continuous,governed_process,evidence_review,Registro o evidencia verificable de ejecución.,COMPLIANCE_MANAGER,tcdx_baseline,PLATFORM_CONTROL,,published_candidate,publish only through canonical governance transition,PLATFORM_CONTROL||PRIV-010|1,PROV:TCDX:BASELINE_CONTROLS:v1,TCDX_AUTHORED,eligible_after_tcdx_governance_review
PRIV-011,1,Aplicar salvaguardas reforzadas a datos sensibles y titulares vulnerables.,preventive,hybrid,continuous,governed_process,evidence_review,Registro o evidencia verificable de ejecución.,COMPLIANCE_MANAGER,tcdx_baseline,PLATFORM_CONTROL,,published_candidate,publish only through canonical governance transition,PLATFORM_CONTROL||PRIV-011|1,PROV:TCDX:BASELINE_CONTROLS:v1,TCDX_AUTHORED,eligible_after_tcdx_governance_review
PRIV-012,1,"Gobernar decisiones automatizadas, transparencia, explicación, intervención y revisión.",preventive,hybrid,continuous,governed_process,evidence_review,Registro o evidencia verificable de ejecución.,COMPLIANCE_MANAGER,tcdx_baseline,PLATFORM_CONTROL,,published_candidate,publish only through canonical governance transition,PLATFORM_CONTROL||PRIV-012|1,PROV:TCDX:BASELINE_CONTROLS:v1,TCDX_AUTHORED,eligible_after_tcdx_governance_review
AI-001,1,"Establecer, alinear y revisar política para desarrollo y uso responsable de IA.",preventive,hybrid,continuous,governed_process,evidence_review,Registro o evidencia verificable de ejecución.,COMPLIANCE_MANAGER,tcdx_baseline,PLATFORM_CONTROL,,published_candidate,publish only through canonical governance transition,PLATFORM_CONTROL||AI-001|1,PROV:TCDX:BASELINE_CONTROLS:v1,TCDX_AUTHORED,eligible_after_tcdx_governance_review
AI-002,1,Asignar responsabilidades y canales de reporte para sistemas de IA.,preventive,hybrid,continuous,governed_process,evidence_review,Registro o evidencia verificable de ejecución.,COMPLIANCE_MANAGER,tcdx_baseline,PLATFORM_CONTROL,,published_candidate,publish only through canonical governance transition,PLATFORM_CONTROL||AI-002|1,PROV:TCDX:BASELINE_CONTROLS:v1,TCDX_AUTHORED,eligible_after_tcdx_governance_review
AI-003,1,"Mantener inventario, propietario, finalidad, estado y criticidad de sistemas IA.",preventive,hybrid,continuous,governed_process,evidence_review,Registro o evidencia verificable de ejecución.,COMPLIANCE_MANAGER,tcdx_baseline,PLATFORM_CONTROL,,published_candidate,publish only through canonical governance transition,PLATFORM_CONTROL||AI-003|1,PROV:TCDX:BASELINE_CONTROLS:v1,TCDX_AUTHORED,eligible_after_tcdx_governance_review
AI-004,1,"Documentar datos, herramientas, cómputo y recursos humanos de sistemas IA.",preventive,hybrid,continuous,governed_process,evidence_review,Registro o evidencia verificable de ejecución.,COMPLIANCE_MANAGER,tcdx_baseline,PLATFORM_CONTROL,,published_candidate,publish only through canonical governance transition,PLATFORM_CONTROL||AI-004|1,PROV:TCDX:BASELINE_CONTROLS:v1,TCDX_AUTHORED,eligible_after_tcdx_governance_review
AI-005,1,"Evaluar y documentar impactos sobre individuos, grupos y sociedad.",preventive,hybrid,continuous,governed_process,evidence_review,Registro o evidencia verificable de ejecución.,COMPLIANCE_MANAGER,tcdx_baseline,PLATFORM_CONTROL,,published_candidate,publish only through canonical governance transition,PLATFORM_CONTROL||AI-005|1,PROV:TCDX:BASELINE_CONTROLS:v1,TCDX_AUTHORED,eligible_after_tcdx_governance_review
AI-006,1,"Identificar, evaluar, tratar y monitorear riesgos específicos de IA.",preventive,hybrid,continuous,governed_process,evidence_review,Registro o evidencia verificable de ejecución.,COMPLIANCE_MANAGER,tcdx_baseline,PLATFORM_CONTROL,,published_candidate,publish only through canonical governance transition,PLATFORM_CONTROL||AI-006|1,PROV:TCDX:BASELINE_CONTROLS:v1,TCDX_AUTHORED,eligible_after_tcdx_governance_review
AI-007,1,"Definir requisitos, objetivos y criterios de diseño responsable para IA.",preventive,hybrid,continuous,governed_process,evidence_review,Registro o evidencia verificable de ejecución.,COMPLIANCE_MANAGER,tcdx_baseline,PLATFORM_CONTROL,,published_candidate,publish only through canonical governance transition,PLATFORM_CONTROL||AI-007|1,PROV:TCDX:BASELINE_CONTROLS:v1,TCDX_AUTHORED,eligible_after_tcdx_governance_review
AI-008,1,Verificar y validar sistemas IA antes y durante operación.,detective,hybrid,continuous,governed_process,evidence_review,Registro o evidencia verificable de ejecución.,COMPLIANCE_MANAGER,tcdx_baseline,PLATFORM_CONTROL,,published_candidate,publish only through canonical governance transition,PLATFORM_CONTROL||AI-008|1,PROV:TCDX:BASELINE_CONTROLS:v1,TCDX_AUTHORED,eligible_after_tcdx_governance_review
AI-009,1,"Controlar despliegue, versiones, cambios y rollback de sistemas IA.",preventive,hybrid,continuous,governed_process,evidence_review,Registro o evidencia verificable de ejecución.,COMPLIANCE_MANAGER,tcdx_baseline,PLATFORM_CONTROL,,published_candidate,publish only through canonical governance transition,PLATFORM_CONTROL||AI-009|1,PROV:TCDX:BASELINE_CONTROLS:v1,TCDX_AUTHORED,eligible_after_tcdx_governance_review
AI-010,1,Monitorear desempeño/comportamiento y conservar eventos relevantes de IA.,detective,hybrid,continuous,governed_process,evidence_review,Registro o evidencia verificable de ejecución.,COMPLIANCE_MANAGER,tcdx_baseline,PLATFORM_CONTROL,,published_candidate,publish only through canonical governance transition,PLATFORM_CONTROL||AI-010|1,PROV:TCDX:BASELINE_CONTROLS:v1,TCDX_AUTHORED,eligible_after_tcdx_governance_review
AI-011,1,"Mantener documentación técnica, limitaciones, uso previsto e información para usuarios.",preventive,hybrid,continuous,governed_process,evidence_review,Registro o evidencia verificable de ejecución.,COMPLIANCE_MANAGER,tcdx_baseline,PLATFORM_CONTROL,,published_candidate,publish only through canonical governance transition,PLATFORM_CONTROL||AI-011|1,PROV:TCDX:BASELINE_CONTROLS:v1,TCDX_AUTHORED,eligible_after_tcdx_governance_review
AI-012,1,"Gestionar adquisición, calidad, proveniencia, preparación y uso de datos IA.",preventive,hybrid,continuous,governed_process,evidence_review,Registro o evidencia verificable de ejecución.,COMPLIANCE_MANAGER,tcdx_baseline,PLATFORM_CONTROL,,published_candidate,publish only through canonical governance transition,PLATFORM_CONTROL||AI-012|1,PROV:TCDX:BASELINE_CONTROLS:v1,TCDX_AUTHORED,eligible_after_tcdx_governance_review
AI-013,1,"Definir uso previsto, restricciones y procesos para uso responsable de IA.",preventive,hybrid,continuous,governed_process,evidence_review,Registro o evidencia verificable de ejecución.,COMPLIANCE_MANAGER,tcdx_baseline,PLATFORM_CONTROL,,published_candidate,publish only through canonical governance transition,PLATFORM_CONTROL||AI-013|1,PROV:TCDX:BASELINE_CONTROLS:v1,TCDX_AUTHORED,eligible_after_tcdx_governance_review
AI-014,1,"Habilitar reporte, respuesta y comunicación de incidentes/preocupaciones IA.",preventive,hybrid,continuous,governed_process,evidence_review,Registro o evidencia verificable de ejecución.,COMPLIANCE_MANAGER,tcdx_baseline,PLATFORM_CONTROL,,published_candidate,publish only through canonical governance transition,PLATFORM_CONTROL||AI-014|1,PROV:TCDX:BASELINE_CONTROLS:v1,TCDX_AUTHORED,eligible_after_tcdx_governance_review
AI-015,1,Asignar responsabilidades y gobernar proveedores/clientes en la cadena de IA.,preventive,hybrid,continuous,governed_process,evidence_review,Registro o evidencia verificable de ejecución.,COMPLIANCE_MANAGER,tcdx_baseline,PLATFORM_CONTROL,,published_candidate,publish only through canonical governance transition,PLATFORM_CONTROL||AI-015|1,PROV:TCDX:BASELINE_CONTROLS:v1,TCDX_AUTHORED,eligible_after_tcdx_governance_review
QUALITY-001,1,"Determinar, revisar y controlar requisitos de productos/servicios y comunicaciones con clientes.",preventive,hybrid,continuous,governed_process,evidence_review,Registro o evidencia verificable de ejecución.,COMPLIANCE_MANAGER,tcdx_baseline,PLATFORM_CONTROL,,published_candidate,publish only through canonical governance transition,PLATFORM_CONTROL||QUALITY-001|1,PROV:TCDX:BASELINE_CONTROLS:v1,TCDX_AUTHORED,eligible_after_tcdx_governance_review
QUALITY-002,1,"Planificar y controlar diseño, entradas, revisiones, verificación, validación y cambios.",preventive,hybrid,continuous,governed_process,evidence_review,Registro o evidencia verificable de ejecución.,COMPLIANCE_MANAGER,tcdx_baseline,PLATFORM_CONTROL,,published_candidate,publish only through canonical governance transition,PLATFORM_CONTROL||QUALITY-002|1,PROV:TCDX:BASELINE_CONTROLS:v1,TCDX_AUTHORED,eligible_after_tcdx_governance_review
QUALITY-003,1,"Definir criterios de selección, evaluación y control de proveedores externos.",preventive,hybrid,continuous,governed_process,evidence_review,Registro o evidencia verificable de ejecución.,COMPLIANCE_MANAGER,tcdx_baseline,PLATFORM_CONTROL,,published_candidate,publish only through canonical governance transition,PLATFORM_CONTROL||QUALITY-003|1,PROV:TCDX:BASELINE_CONTROLS:v1,TCDX_AUTHORED,eligible_after_tcdx_governance_review
QUALITY-004,1,Ejecutar provisión bajo condiciones controladas y criterios definidos.,preventive,hybrid,continuous,governed_process,evidence_review,Registro o evidencia verificable de ejecución.,COMPLIANCE_MANAGER,tcdx_baseline,PLATFORM_CONTROL,,published_candidate,publish only through canonical governance transition,PLATFORM_CONTROL||QUALITY-004|1,PROV:TCDX:BASELINE_CONTROLS:v1,TCDX_AUTHORED,eligible_after_tcdx_governance_review
QUALITY-005,1,Verificar cumplimiento de criterios antes de liberación.,preventive,hybrid,continuous,governed_process,evidence_review,Registro o evidencia verificable de ejecución.,COMPLIANCE_MANAGER,tcdx_baseline,PLATFORM_CONTROL,,published_candidate,publish only through canonical governance transition,PLATFORM_CONTROL||QUALITY-005|1,PROV:TCDX:BASELINE_CONTROLS:v1,TCDX_AUTHORED,eligible_after_tcdx_governance_review
QUALITY-006,1,"Identificar, contener, corregir y disponer salidas no conformes.",preventive,hybrid,continuous,governed_process,evidence_review,Registro o evidencia verificable de ejecución.,COMPLIANCE_MANAGER,tcdx_baseline,PLATFORM_CONTROL,,published_candidate,publish only through canonical governance transition,PLATFORM_CONTROL||QUALITY-006|1,PROV:TCDX:BASELINE_CONTROLS:v1,TCDX_AUTHORED,eligible_after_tcdx_governance_review
QUALITY-007,1,Monitorear percepción y satisfacción del cliente y actuar sobre resultados.,detective,hybrid,continuous,governed_process,evidence_review,Registro o evidencia verificable de ejecución.,COMPLIANCE_MANAGER,tcdx_baseline,PLATFORM_CONTROL,,published_candidate,publish only through canonical governance transition,PLATFORM_CONTROL||QUALITY-007|1,PROV:TCDX:BASELINE_CONTROLS:v1,TCDX_AUTHORED,eligible_after_tcdx_governance_review
PHYS-001,1,"Proteger instalaciones, áreas, equipos y medios frente a acceso y amenazas físicas.",preventive,hybrid,continuous,governed_process,evidence_review,Registro o evidencia verificable de ejecución.,COMPLIANCE_MANAGER,tcdx_baseline,PLATFORM_CONTROL,,published_candidate,publish only through canonical governance transition,PLATFORM_CONTROL||PHYS-001|1,PROV:TCDX:BASELINE_CONTROLS:v1,TCDX_AUTHORED,eligible_after_tcdx_governance_review
CLOUD-001,1,"Evaluar, contratar, configurar, monitorear y terminar servicios cloud de forma segura.",preventive,hybrid,continuous,governed_process,evidence_review,Registro o evidencia verificable de ejecución.,COMPLIANCE_MANAGER,tcdx_baseline,PLATFORM_CONTROL,,published_candidate,publish only through canonical governance transition,PLATFORM_CONTROL||CLOUD-001|1,PROV:TCDX:BASELINE_CONTROLS:v1,TCDX_AUTHORED,eligible_after_tcdx_governance_review
DLP-001,1,Prevenir y detectar divulgación o extracción no autorizada de información.,preventive,hybrid,continuous,governed_process,evidence_review,Registro o evidencia verificable de ejecución.,COMPLIANCE_MANAGER,tcdx_baseline,PLATFORM_CONTROL,,published_candidate,publish only through canonical governance transition,PLATFORM_CONTROL||DLP-001|1,PROV:TCDX:BASELINE_CONTROLS:v1,TCDX_AUTHORED,eligible_after_tcdx_governance_review
