control_code,evidence_expectation,minimum_evidence,reuse_policy
GOV-001,política aprobada; acta/revisión; RACI; registro de decisiones,Registro o evidencia verificable de ejecución.,"Puede reutilizarse entre requisitos/marcos sólo si objeto, periodo, alcance y vigencia son compatibles; la reutilización no implica cumplimiento automático."
GOV-002,política aprobada; acta/revisión; RACI; registro de decisiones,Registro o evidencia verificable de ejecución.,"Puede reutilizarse entre requisitos/marcos sólo si objeto, periodo, alcance y vigencia son compatibles; la reutilización no implica cumplimiento automático."
GOV-003,política aprobada; acta/revisión; RACI; registro de decisiones,Registro o evidencia verificable de ejecución.,"Puede reutilizarse entre requisitos/marcos sólo si objeto, periodo, alcance y vigencia son compatibles; la reutilización no implica cumplimiento automático."
GOV-004,política aprobada; acta/revisión; RACI; registro de decisiones,Registro o evidencia verificable de ejecución.,"Puede reutilizarse entre requisitos/marcos sólo si objeto, periodo, alcance y vigencia son compatibles; la reutilización no implica cumplimiento automático."
CTX-001,política aprobada; acta/revisión; RACI; registro de decisiones,Registro o evidencia verificable de ejecución.,"Puede reutilizarse entre requisitos/marcos sólo si objeto, periodo, alcance y vigencia son compatibles; la reutilización no implica cumplimiento automático."
SCOPE-001,política aprobada; acta/revisión; RACI; registro de decisiones,Registro o evidencia verificable de ejecución.,"Puede reutilizarse entre requisitos/marcos sólo si objeto, periodo, alcance y vigencia son compatibles; la reutilización no implica cumplimiento automático."
RISK-001,registro de riesgos; evaluación; plan de tratamiento; aceptación,Registro o evidencia verificable de ejecución.,"Puede reutilizarse entre requisitos/marcos sólo si objeto, periodo, alcance y vigencia son compatibles; la reutilización no implica cumplimiento automático."
RISK-002,registro de riesgos; evaluación; plan de tratamiento; aceptación,Registro o evidencia verificable de ejecución.,"Puede reutilizarse entre requisitos/marcos sólo si objeto, periodo, alcance y vigencia son compatibles; la reutilización no implica cumplimiento automático."
OBJ-001,política aprobada; acta/revisión; RACI; registro de decisiones,Registro o evidencia verificable de ejecución.,"Puede reutilizarse entre requisitos/marcos sólo si objeto, periodo, alcance y vigencia son compatibles; la reutilización no implica cumplimiento automático."
DOC-001,documento versionado; aprobación; historial; retención,Registro o evidencia verificable de ejecución.,"Puede reutilizarse entre requisitos/marcos sólo si objeto, periodo, alcance y vigencia son compatibles; la reutilización no implica cumplimiento automático."
REC-001,documento versionado; aprobación; historial; retención,Registro o evidencia verificable de ejecución.,"Puede reutilizarse entre requisitos/marcos sólo si objeto, periodo, alcance y vigencia son compatibles; la reutilización no implica cumplimiento automático."
COMP-001,registro de competencia/formación; aceptación; comunicación,Registro o evidencia verificable de ejecución.,"Puede reutilizarse entre requisitos/marcos sólo si objeto, periodo, alcance y vigencia son compatibles; la reutilización no implica cumplimiento automático."
AWARE-001,registro de competencia/formación; aceptación; comunicación,Registro o evidencia verificable de ejecución.,"Puede reutilizarse entre requisitos/marcos sólo si objeto, periodo, alcance y vigencia son compatibles; la reutilización no implica cumplimiento automático."
COMM-001,política aprobada; acta/revisión; RACI; registro de decisiones,Registro o evidencia verificable de ejecución.,"Puede reutilizarse entre requisitos/marcos sólo si objeto, periodo, alcance y vigencia son compatibles; la reutilización no implica cumplimiento automático."
ETH-001,política aprobada; acta/revisión; RACI; registro de decisiones,Registro o evidencia verificable de ejecución.,"Puede reutilizarse entre requisitos/marcos sólo si objeto, periodo, alcance y vigencia son compatibles; la reutilización no implica cumplimiento automático."
PROC-001,procedimiento; especificación; registro de revisión; indicador; evidencia de aceptación,Registro o evidencia verificable de ejecución.,"Puede reutilizarse entre requisitos/marcos sólo si objeto, periodo, alcance y vigencia son compatibles; la reutilización no implica cumplimiento automático."
CHANGE-001,registro verificable; aprobación; evidencia de ejecución,Registro o evidencia verificable de ejecución.,"Puede reutilizarse entre requisitos/marcos sólo si objeto, periodo, alcance y vigencia son compatibles; la reutilización no implica cumplimiento automático."
SUP-001,due diligence; contrato/DPA; evaluación; monitoreo,Registro o evidencia verificable de ejecución.,"Puede reutilizarse entre requisitos/marcos sólo si objeto, periodo, alcance y vigencia son compatibles; la reutilización no implica cumplimiento automático."
CONTRACT-001,due diligence; contrato/DPA; evaluación; monitoreo,Registro o evidencia verificable de ejecución.,"Puede reutilizarse entre requisitos/marcos sólo si objeto, periodo, alcance y vigencia son compatibles; la reutilización no implica cumplimiento automático."
METRIC-001,programa; informe; hallazgo; métrica; acta,Registro o evidencia verificable de ejecución.,"Puede reutilizarse entre requisitos/marcos sólo si objeto, periodo, alcance y vigencia son compatibles; la reutilización no implica cumplimiento automático."
AUDIT-001,programa; informe; hallazgo; métrica; acta,Registro o evidencia verificable de ejecución.,"Puede reutilizarse entre requisitos/marcos sólo si objeto, periodo, alcance y vigencia son compatibles; la reutilización no implica cumplimiento automático."
NC-001,registro verificable; aprobación; evidencia de ejecución,Registro o evidencia verificable de ejecución.,"Puede reutilizarse entre requisitos/marcos sólo si objeto, periodo, alcance y vigencia son compatibles; la reutilización no implica cumplimiento automático."
IMPROVE-001,registro verificable; aprobación; evidencia de ejecución,Registro o evidencia verificable de ejecución.,"Puede reutilizarse entre requisitos/marcos sólo si objeto, periodo, alcance y vigencia son compatibles; la reutilización no implica cumplimiento automático."
ACCESS-001,matriz de accesos; tickets alta/baja; revisión periódica; logs IAM,Registro o evidencia verificable de ejecución.,"Puede reutilizarse entre requisitos/marcos sólo si objeto, periodo, alcance y vigencia son compatibles; la reutilización no implica cumplimiento automático."
ACCESS-002,matriz de accesos; tickets alta/baja; revisión periódica; logs IAM,Registro o evidencia verificable de ejecución.,"Puede reutilizarse entre requisitos/marcos sólo si objeto, periodo, alcance y vigencia son compatibles; la reutilización no implica cumplimiento automático."
IAM-001,matriz de accesos; tickets alta/baja; revisión periódica; logs IAM,Registro o evidencia verificable de ejecución.,"Puede reutilizarse entre requisitos/marcos sólo si objeto, periodo, alcance y vigencia son compatibles; la reutilización no implica cumplimiento automático."
SOD-001,matriz de accesos; tickets alta/baja; revisión periódica; logs IAM,Registro o evidencia verificable de ejecución.,"Puede reutilizarse entre requisitos/marcos sólo si objeto, periodo, alcance y vigencia son compatibles; la reutilización no implica cumplimiento automático."
ASSET-001,registro verificable; aprobación; evidencia de ejecución,Registro o evidencia verificable de ejecución.,"Puede reutilizarse entre requisitos/marcos sólo si objeto, periodo, alcance y vigencia son compatibles; la reutilización no implica cumplimiento automático."
CLASS-001,inventario/clasificación; regla DLP; registro de transferencia/retención,Registro o evidencia verificable de ejecución.,"Puede reutilizarse entre requisitos/marcos sólo si objeto, periodo, alcance y vigencia son compatibles; la reutilización no implica cumplimiento automático."
TRANSFER-001,inventario/clasificación; regla DLP; registro de transferencia/retención,Registro o evidencia verificable de ejecución.,"Puede reutilizarse entre requisitos/marcos sólo si objeto, periodo, alcance y vigencia son compatibles; la reutilización no implica cumplimiento automático."
CRYPTO-001,configuración; reporte técnico; logs; ticket de remediación; prueba,Registro o evidencia verificable de ejecución.,"Puede reutilizarse entre requisitos/marcos sólo si objeto, periodo, alcance y vigencia son compatibles; la reutilización no implica cumplimiento automático."
VULN-001,configuración; reporte técnico; logs; ticket de remediación; prueba,Registro o evidencia verificable de ejecución.,"Puede reutilizarse entre requisitos/marcos sólo si objeto, periodo, alcance y vigencia son compatibles; la reutilización no implica cumplimiento automático."
CONFIG-001,configuración; reporte técnico; logs; ticket de remediación; prueba,Registro o evidencia verificable de ejecución.,"Puede reutilizarse entre requisitos/marcos sólo si objeto, periodo, alcance y vigencia son compatibles; la reutilización no implica cumplimiento automático."
MAL-001,configuración; reporte técnico; logs; ticket de remediación; prueba,Registro o evidencia verificable de ejecución.,"Puede reutilizarse entre requisitos/marcos sólo si objeto, periodo, alcance y vigencia son compatibles; la reutilización no implica cumplimiento automático."
LOG-001,configuración; reporte técnico; logs; ticket de remediación; prueba,Registro o evidencia verificable de ejecución.,"Puede reutilizarse entre requisitos/marcos sólo si objeto, periodo, alcance y vigencia son compatibles; la reutilización no implica cumplimiento automático."
MON-001,configuración; reporte técnico; logs; ticket de remediación; prueba,Registro o evidencia verificable de ejecución.,"Puede reutilizarse entre requisitos/marcos sólo si objeto, periodo, alcance y vigencia son compatibles; la reutilización no implica cumplimiento automático."
NET-001,configuración; reporte técnico; logs; ticket de remediación; prueba,Registro o evidencia verificable de ejecución.,"Puede reutilizarse entre requisitos/marcos sólo si objeto, periodo, alcance y vigencia son compatibles; la reutilización no implica cumplimiento automático."
DEV-001,requisitos; revisión de código; pruebas; aprobación de cambio,Registro o evidencia verificable de ejecución.,"Puede reutilizarse entre requisitos/marcos sólo si objeto, periodo, alcance y vigencia son compatibles; la reutilización no implica cumplimiento automático."
TEST-001,requisitos; revisión de código; pruebas; aprobación de cambio,Registro o evidencia verificable de ejecución.,"Puede reutilizarse entre requisitos/marcos sólo si objeto, periodo, alcance y vigencia son compatibles; la reutilización no implica cumplimiento automático."
BACKUP-001,plan; backup log; resultado de restauración/prueba; RTO/RPO,Registro o evidencia verificable de ejecución.,"Puede reutilizarse entre requisitos/marcos sólo si objeto, periodo, alcance y vigencia son compatibles; la reutilización no implica cumplimiento automático."
BCM-001,plan; backup log; resultado de restauración/prueba; RTO/RPO,Registro o evidencia verificable de ejecución.,"Puede reutilizarse entre requisitos/marcos sólo si objeto, periodo, alcance y vigencia son compatibles; la reutilización no implica cumplimiento automático."
INCIDENT-001,ticket; timeline; clasificación; evidencia; postmortem,Registro o evidencia verificable de ejecución.,"Puede reutilizarse entre requisitos/marcos sólo si objeto, periodo, alcance y vigencia son compatibles; la reutilización no implica cumplimiento automático."
EVIDENCE-001,hash; metadata; cadena de custodia; aprobación,Registro o evidencia verificable de ejecución.,"Puede reutilizarse entre requisitos/marcos sólo si objeto, periodo, alcance y vigencia son compatibles; la reutilización no implica cumplimiento automático."
RETENTION-001,inventario/clasificación; regla DLP; registro de transferencia/retención,Registro o evidencia verificable de ejecución.,"Puede reutilizarse entre requisitos/marcos sólo si objeto, periodo, alcance y vigencia son compatibles; la reutilización no implica cumplimiento automático."
PRIV-001,registro de tratamiento; aviso; solicitud; contrato; evaluación; log,Registro o evidencia verificable de ejecución.,"Puede reutilizarse entre requisitos/marcos sólo si objeto, periodo, alcance y vigencia son compatibles; la reutilización no implica cumplimiento automático."
PRIV-002,registro de tratamiento; aviso; solicitud; contrato; evaluación; log,Registro o evidencia verificable de ejecución.,"Puede reutilizarse entre requisitos/marcos sólo si objeto, periodo, alcance y vigencia son compatibles; la reutilización no implica cumplimiento automático."
PRIV-003,registro de tratamiento; aviso; solicitud; contrato; evaluación; log,Registro o evidencia verificable de ejecución.,"Puede reutilizarse entre requisitos/marcos sólo si objeto, periodo, alcance y vigencia son compatibles; la reutilización no implica cumplimiento automático."
PRIV-004,registro de tratamiento; aviso; solicitud; contrato; evaluación; log,Registro o evidencia verificable de ejecución.,"Puede reutilizarse entre requisitos/marcos sólo si objeto, periodo, alcance y vigencia son compatibles; la reutilización no implica cumplimiento automático."
PRIV-005,registro de tratamiento; aviso; solicitud; contrato; evaluación; log,Registro o evidencia verificable de ejecución.,"Puede reutilizarse entre requisitos/marcos sólo si objeto, periodo, alcance y vigencia son compatibles; la reutilización no implica cumplimiento automático."
PRIV-006,registro de tratamiento; aviso; solicitud; contrato; evaluación; log,Registro o evidencia verificable de ejecución.,"Puede reutilizarse entre requisitos/marcos sólo si objeto, periodo, alcance y vigencia son compatibles; la reutilización no implica cumplimiento automático."
PRIV-007,registro de tratamiento; aviso; solicitud; contrato; evaluación; log,Registro o evidencia verificable de ejecución.,"Puede reutilizarse entre requisitos/marcos sólo si objeto, periodo, alcance y vigencia son compatibles; la reutilización no implica cumplimiento automático."
PRIV-008,registro de tratamiento; aviso; solicitud; contrato; evaluación; log,Registro o evidencia verificable de ejecución.,"Puede reutilizarse entre requisitos/marcos sólo si objeto, periodo, alcance y vigencia son compatibles; la reutilización no implica cumplimiento automático."
PRIV-009,registro de tratamiento; aviso; solicitud; contrato; evaluación; log,Registro o evidencia verificable de ejecución.,"Puede reutilizarse entre requisitos/marcos sólo si objeto, periodo, alcance y vigencia son compatibles; la reutilización no implica cumplimiento automático."
PRIV-010,registro de tratamiento; aviso; solicitud; contrato; evaluación; log,Registro o evidencia verificable de ejecución.,"Puede reutilizarse entre requisitos/marcos sólo si objeto, periodo, alcance y vigencia son compatibles; la reutilización no implica cumplimiento automático."
PRIV-011,registro de tratamiento; aviso; solicitud; contrato; evaluación; log,Registro o evidencia verificable de ejecución.,"Puede reutilizarse entre requisitos/marcos sólo si objeto, periodo, alcance y vigencia son compatibles; la reutilización no implica cumplimiento automático."
PRIV-012,registro de tratamiento; aviso; solicitud; contrato; evaluación; log,Registro o evidencia verificable de ejecución.,"Puede reutilizarse entre requisitos/marcos sólo si objeto, periodo, alcance y vigencia son compatibles; la reutilización no implica cumplimiento automático."
AI-001,inventario IA; evaluación de impacto; system/model card; pruebas; logs; registros de datos,Registro o evidencia verificable de ejecución.,"Puede reutilizarse entre requisitos/marcos sólo si objeto, periodo, alcance y vigencia son compatibles; la reutilización no implica cumplimiento automático."
AI-002,inventario IA; evaluación de impacto; system/model card; pruebas; logs; registros de datos,Registro o evidencia verificable de ejecución.,"Puede reutilizarse entre requisitos/marcos sólo si objeto, periodo, alcance y vigencia son compatibles; la reutilización no implica cumplimiento automático."
AI-003,inventario IA; evaluación de impacto; system/model card; pruebas; logs; registros de datos,Registro o evidencia verificable de ejecución.,"Puede reutilizarse entre requisitos/marcos sólo si objeto, periodo, alcance y vigencia son compatibles; la reutilización no implica cumplimiento automático."
AI-004,inventario IA; evaluación de impacto; system/model card; pruebas; logs; registros de datos,Registro o evidencia verificable de ejecución.,"Puede reutilizarse entre requisitos/marcos sólo si objeto, periodo, alcance y vigencia son compatibles; la reutilización no implica cumplimiento automático."
AI-005,inventario IA; evaluación de impacto; system/model card; pruebas; logs; registros de datos,Registro o evidencia verificable de ejecución.,"Puede reutilizarse entre requisitos/marcos sólo si objeto, periodo, alcance y vigencia son compatibles; la reutilización no implica cumplimiento automático."
AI-006,inventario IA; evaluación de impacto; system/model card; pruebas; logs; registros de datos,Registro o evidencia verificable de ejecución.,"Puede reutilizarse entre requisitos/marcos sólo si objeto, periodo, alcance y vigencia son compatibles; la reutilización no implica cumplimiento automático."
AI-007,inventario IA; evaluación de impacto; system/model card; pruebas; logs; registros de datos,Registro o evidencia verificable de ejecución.,"Puede reutilizarse entre requisitos/marcos sólo si objeto, periodo, alcance y vigencia son compatibles; la reutilización no implica cumplimiento automático."
AI-008,inventario IA; evaluación de impacto; system/model card; pruebas; logs; registros de datos,Registro o evidencia verificable de ejecución.,"Puede reutilizarse entre requisitos/marcos sólo si objeto, periodo, alcance y vigencia son compatibles; la reutilización no implica cumplimiento automático."
AI-009,inventario IA; evaluación de impacto; system/model card; pruebas; logs; registros de datos,Registro o evidencia verificable de ejecución.,"Puede reutilizarse entre requisitos/marcos sólo si objeto, periodo, alcance y vigencia son compatibles; la reutilización no implica cumplimiento automático."
AI-010,inventario IA; evaluación de impacto; system/model card; pruebas; logs; registros de datos,Registro o evidencia verificable de ejecución.,"Puede reutilizarse entre requisitos/marcos sólo si objeto, periodo, alcance y vigencia son compatibles; la reutilización no implica cumplimiento automático."
AI-011,inventario IA; evaluación de impacto; system/model card; pruebas; logs; registros de datos,Registro o evidencia verificable de ejecución.,"Puede reutilizarse entre requisitos/marcos sólo si objeto, periodo, alcance y vigencia son compatibles; la reutilización no implica cumplimiento automático."
AI-012,inventario IA; evaluación de impacto; system/model card; pruebas; logs; registros de datos,Registro o evidencia verificable de ejecución.,"Puede reutilizarse entre requisitos/marcos sólo si objeto, periodo, alcance y vigencia son compatibles; la reutilización no implica cumplimiento automático."
AI-013,inventario IA; evaluación de impacto; system/model card; pruebas; logs; registros de datos,Registro o evidencia verificable de ejecución.,"Puede reutilizarse entre requisitos/marcos sólo si objeto, periodo, alcance y vigencia son compatibles; la reutilización no implica cumplimiento automático."
AI-014,inventario IA; evaluación de impacto; system/model card; pruebas; logs; registros de datos,Registro o evidencia verificable de ejecución.,"Puede reutilizarse entre requisitos/marcos sólo si objeto, periodo, alcance y vigencia son compatibles; la reutilización no implica cumplimiento automático."
AI-015,inventario IA; evaluación de impacto; system/model card; pruebas; logs; registros de datos,Registro o evidencia verificable de ejecución.,"Puede reutilizarse entre requisitos/marcos sólo si objeto, periodo, alcance y vigencia son compatibles; la reutilización no implica cumplimiento automático."
QUALITY-001,procedimiento; especificación; registro de revisión; indicador; evidencia de aceptación,Registro o evidencia verificable de ejecución.,"Puede reutilizarse entre requisitos/marcos sólo si objeto, periodo, alcance y vigencia son compatibles; la reutilización no implica cumplimiento automático."
QUALITY-002,procedimiento; especificación; registro de revisión; indicador; evidencia de aceptación,Registro o evidencia verificable de ejecución.,"Puede reutilizarse entre requisitos/marcos sólo si objeto, periodo, alcance y vigencia son compatibles; la reutilización no implica cumplimiento automático."
QUALITY-003,procedimiento; especificación; registro de revisión; indicador; evidencia de aceptación,Registro o evidencia verificable de ejecución.,"Puede reutilizarse entre requisitos/marcos sólo si objeto, periodo, alcance y vigencia son compatibles; la reutilización no implica cumplimiento automático."
QUALITY-004,procedimiento; especificación; registro de revisión; indicador; evidencia de aceptación,Registro o evidencia verificable de ejecución.,"Puede reutilizarse entre requisitos/marcos sólo si objeto, periodo, alcance y vigencia son compatibles; la reutilización no implica cumplimiento automático."
QUALITY-005,procedimiento; especificación; registro de revisión; indicador; evidencia de aceptación,Registro o evidencia verificable de ejecución.,"Puede reutilizarse entre requisitos/marcos sólo si objeto, periodo, alcance y vigencia son compatibles; la reutilización no implica cumplimiento automático."
QUALITY-006,procedimiento; especificación; registro de revisión; indicador; evidencia de aceptación,Registro o evidencia verificable de ejecución.,"Puede reutilizarse entre requisitos/marcos sólo si objeto, periodo, alcance y vigencia son compatibles; la reutilización no implica cumplimiento automático."
QUALITY-007,procedimiento; especificación; registro de revisión; indicador; evidencia de aceptación,Registro o evidencia verificable de ejecución.,"Puede reutilizarse entre requisitos/marcos sólo si objeto, periodo, alcance y vigencia son compatibles; la reutilización no implica cumplimiento automático."
PHYS-001,configuración; reporte técnico; logs; ticket de remediación; prueba,Registro o evidencia verificable de ejecución.,"Puede reutilizarse entre requisitos/marcos sólo si objeto, periodo, alcance y vigencia son compatibles; la reutilización no implica cumplimiento automático."
CLOUD-001,configuración; reporte técnico; logs; ticket de remediación; prueba,Registro o evidencia verificable de ejecución.,"Puede reutilizarse entre requisitos/marcos sólo si objeto, periodo, alcance y vigencia son compatibles; la reutilización no implica cumplimiento automático."
DLP-001,inventario/clasificación; regla DLP; registro de transferencia/retención,Registro o evidencia verificable de ejecución.,"Puede reutilizarse entre requisitos/marcos sólo si objeto, periodo, alcance y vigencia son compatibles; la reutilización no implica cumplimiento automático."
