source_framework,source_locator,target_framework,target_locator,relationship_type,change_status,tcdx_assessment,source_url
ISO_9001_2015,4.1,ISO_9001_2026,4.1,equivalent_or_updated_same_structure,REQUIRES_LICENSED_RECONCILIATION,ISO informa que se mantiene la estructura armonizada. Debe reconciliarse el detalle exacto con la edición licenciada 2026.,https://www.iso.org/quality-management/iso-9001-2026
ISO_9001_2015,4.2,ISO_9001_2026,4.2,equivalent_or_updated_same_structure,REQUIRES_LICENSED_RECONCILIATION,ISO informa que se mantiene la estructura armonizada. Debe reconciliarse el detalle exacto con la edición licenciada 2026.,https://www.iso.org/quality-management/iso-9001-2026
ISO_9001_2015,4.3,ISO_9001_2026,4.3,equivalent_or_updated_same_structure,REQUIRES_LICENSED_RECONCILIATION,ISO informa que se mantiene la estructura armonizada. Debe reconciliarse el detalle exacto con la edición licenciada 2026.,https://www.iso.org/quality-management/iso-9001-2026
ISO_9001_2015,4.4,ISO_9001_2026,4.4,equivalent_or_updated_same_structure,REQUIRES_LICENSED_RECONCILIATION,ISO informa que se mantiene la estructura armonizada. Debe reconciliarse el detalle exacto con la edición licenciada 2026.,https://www.iso.org/quality-management/iso-9001-2026
ISO_9001_2015,5.1,ISO_9001_2026,5.1,updated,PUBLIC_CHANGE_CONFIRMED,liderazgo/cultura/ética reforzados,https://www.iso.org/quality-management/iso-9001-2026
ISO_9001_2015,5.2,ISO_9001_2026,5.2,updated,PUBLIC_CHANGE_CONFIRMED,mayor alineación estratégica,https://www.iso.org/quality-management/iso-9001-2026
ISO_9001_2015,5.3,ISO_9001_2026,5.3,equivalent_or_updated_same_structure,REQUIRES_LICENSED_RECONCILIATION,ISO informa que se mantiene la estructura armonizada. Debe reconciliarse el detalle exacto con la edición licenciada 2026.,https://www.iso.org/quality-management/iso-9001-2026
ISO_9001_2015,6.1,ISO_9001_2026,6.1,updated,PUBLIC_CHANGE_CONFIRMED,mayor claridad y separación riesgos/oportunidades,https://www.iso.org/quality-management/iso-9001-2026
ISO_9001_2015,6.2,ISO_9001_2026,6.2,equivalent_or_updated_same_structure,REQUIRES_LICENSED_RECONCILIATION,ISO informa que se mantiene la estructura armonizada. Debe reconciliarse el detalle exacto con la edición licenciada 2026.,https://www.iso.org/quality-management/iso-9001-2026
ISO_9001_2015,6.3,ISO_9001_2026,6.3,equivalent_or_updated_same_structure,REQUIRES_LICENSED_RECONCILIATION,ISO informa que se mantiene la estructura armonizada. Debe reconciliarse el detalle exacto con la edición licenciada 2026.,https://www.iso.org/quality-management/iso-9001-2026
ISO_9001_2015,7.1,ISO_9001_2026,7.1,equivalent_or_updated_same_structure,REQUIRES_LICENSED_RECONCILIATION,ISO informa que se mantiene la estructura armonizada. Debe reconciliarse el detalle exacto con la edición licenciada 2026.,https://www.iso.org/quality-management/iso-9001-2026
ISO_9001_2015,7.2,ISO_9001_2026,7.2,equivalent_or_updated_same_structure,REQUIRES_LICENSED_RECONCILIATION,ISO informa que se mantiene la estructura armonizada. Debe reconciliarse el detalle exacto con la edición licenciada 2026.,https://www.iso.org/quality-management/iso-9001-2026
ISO_9001_2015,7.3,ISO_9001_2026,7.3,updated,PUBLIC_CHANGE_CONFIRMED,conciencia sobre cultura de calidad y ética,https://www.iso.org/quality-management/iso-9001-2026
ISO_9001_2015,7.4,ISO_9001_2026,7.4,equivalent_or_updated_same_structure,REQUIRES_LICENSED_RECONCILIATION,ISO informa que se mantiene la estructura armonizada. Debe reconciliarse el detalle exacto con la edición licenciada 2026.,https://www.iso.org/quality-management/iso-9001-2026
ISO_9001_2015,7.5,ISO_9001_2026,7.5,equivalent_or_updated_same_structure,REQUIRES_LICENSED_RECONCILIATION,ISO informa que se mantiene la estructura armonizada. Debe reconciliarse el detalle exacto con la edición licenciada 2026.,https://www.iso.org/quality-management/iso-9001-2026
ISO_9001_2015,8.1,ISO_9001_2026,8.1,equivalent_or_updated_same_structure,REQUIRES_LICENSED_RECONCILIATION,ISO informa que se mantiene la estructura armonizada. Debe reconciliarse el detalle exacto con la edición licenciada 2026.,https://www.iso.org/quality-management/iso-9001-2026
ISO_9001_2015,8.2,ISO_9001_2026,8.2,equivalent_or_updated_same_structure,REQUIRES_LICENSED_RECONCILIATION,ISO informa que se mantiene la estructura armonizada. Debe reconciliarse el detalle exacto con la edición licenciada 2026.,https://www.iso.org/quality-management/iso-9001-2026
ISO_9001_2015,8.3,ISO_9001_2026,8.3,equivalent_or_updated_same_structure,REQUIRES_LICENSED_RECONCILIATION,ISO informa que se mantiene la estructura armonizada. Debe reconciliarse el detalle exacto con la edición licenciada 2026.,https://www.iso.org/quality-management/iso-9001-2026
ISO_9001_2015,8.4,ISO_9001_2026,8.4,equivalent_or_updated_same_structure,REQUIRES_LICENSED_RECONCILIATION,ISO informa que se mantiene la estructura armonizada. Debe reconciliarse el detalle exacto con la edición licenciada 2026.,https://www.iso.org/quality-management/iso-9001-2026
ISO_9001_2015,8.5,ISO_9001_2026,8.5,equivalent_or_updated_same_structure,REQUIRES_LICENSED_RECONCILIATION,ISO informa que se mantiene la estructura armonizada. Debe reconciliarse el detalle exacto con la edición licenciada 2026.,https://www.iso.org/quality-management/iso-9001-2026
ISO_9001_2015,8.6,ISO_9001_2026,8.6,equivalent_or_updated_same_structure,REQUIRES_LICENSED_RECONCILIATION,ISO informa que se mantiene la estructura armonizada. Debe reconciliarse el detalle exacto con la edición licenciada 2026.,https://www.iso.org/quality-management/iso-9001-2026
ISO_9001_2015,8.7,ISO_9001_2026,8.7,equivalent_or_updated_same_structure,REQUIRES_LICENSED_RECONCILIATION,ISO informa que se mantiene la estructura armonizada. Debe reconciliarse el detalle exacto con la edición licenciada 2026.,https://www.iso.org/quality-management/iso-9001-2026
ISO_9001_2015,9.1,ISO_9001_2026,9.1,equivalent_or_updated_same_structure,REQUIRES_LICENSED_RECONCILIATION,ISO informa que se mantiene la estructura armonizada. Debe reconciliarse el detalle exacto con la edición licenciada 2026.,https://www.iso.org/quality-management/iso-9001-2026
ISO_9001_2015,9.2,ISO_9001_2026,9.2,equivalent_or_updated_same_structure,REQUIRES_LICENSED_RECONCILIATION,ISO informa que se mantiene la estructura armonizada. Debe reconciliarse el detalle exacto con la edición licenciada 2026.,https://www.iso.org/quality-management/iso-9001-2026
ISO_9001_2015,9.3,ISO_9001_2026,9.3,equivalent_or_updated_same_structure,REQUIRES_LICENSED_RECONCILIATION,ISO informa que se mantiene la estructura armonizada. Debe reconciliarse el detalle exacto con la edición licenciada 2026.,https://www.iso.org/quality-management/iso-9001-2026
ISO_9001_2015,10.1,ISO_9001_2026,10.1,equivalent_or_updated_same_structure,REQUIRES_LICENSED_RECONCILIATION,ISO informa que se mantiene la estructura armonizada. Debe reconciliarse el detalle exacto con la edición licenciada 2026.,https://www.iso.org/quality-management/iso-9001-2026
ISO_9001_2015,10.2,ISO_9001_2026,10.2,equivalent_or_updated_same_structure,REQUIRES_LICENSED_RECONCILIATION,ISO informa que se mantiene la estructura armonizada. Debe reconciliarse el detalle exacto con la edición licenciada 2026.,https://www.iso.org/quality-management/iso-9001-2026
ISO_9001_2015,10.3,ISO_9001_2026,10.3,equivalent_or_updated_same_structure,REQUIRES_LICENSED_RECONCILIATION,ISO informa que se mantiene la estructura armonizada. Debe reconciliarse el detalle exacto con la edición licenciada 2026.,https://www.iso.org/quality-management/iso-9001-2026
