framework_code,normative_unit_code,title_tcdx,unit_type,parent_code,source_status,source_url,review_status
ISO_9001_2015,4,Contexto de la organización,clause,,OFFICIAL_PUBLIC_METADATA_PLUS_TCDX_SUMMARY,https://www.iso.org/standard/62085.html,provisional
ISO_9001_2015,5,Liderazgo,clause,,OFFICIAL_PUBLIC_METADATA_PLUS_TCDX_SUMMARY,https://www.iso.org/standard/62085.html,provisional
ISO_9001_2015,6,Planificación,clause,,OFFICIAL_PUBLIC_METADATA_PLUS_TCDX_SUMMARY,https://www.iso.org/standard/62085.html,provisional
ISO_9001_2015,7,Apoyo,clause,,OFFICIAL_PUBLIC_METADATA_PLUS_TCDX_SUMMARY,https://www.iso.org/standard/62085.html,provisional
ISO_9001_2015,8,Operación,clause,,OFFICIAL_PUBLIC_METADATA_PLUS_TCDX_SUMMARY,https://www.iso.org/standard/62085.html,provisional
ISO_9001_2015,9,Evaluación del desempeño,clause,,OFFICIAL_PUBLIC_METADATA_PLUS_TCDX_SUMMARY,https://www.iso.org/standard/62085.html,provisional
ISO_9001_2015,10,Mejora,clause,,OFFICIAL_PUBLIC_METADATA_PLUS_TCDX_SUMMARY,https://www.iso.org/standard/62085.html,provisional
ISO_9001_2026,4,Contexto de la organización,clause,,OFFICIAL_PUBLIC_METADATA_PLUS_TCDX_SUMMARY,https://www.iso.org/standard/9001,provisional
ISO_9001_2026,5,Liderazgo,clause,,OFFICIAL_PUBLIC_METADATA_PLUS_TCDX_SUMMARY,https://www.iso.org/standard/9001,provisional
ISO_9001_2026,6,Planificación,clause,,OFFICIAL_PUBLIC_METADATA_PLUS_TCDX_SUMMARY,https://www.iso.org/standard/9001,provisional
ISO_9001_2026,7,Apoyo,clause,,OFFICIAL_PUBLIC_METADATA_PLUS_TCDX_SUMMARY,https://www.iso.org/standard/9001,provisional
ISO_9001_2026,8,Operación,clause,,OFFICIAL_PUBLIC_METADATA_PLUS_TCDX_SUMMARY,https://www.iso.org/standard/9001,provisional
ISO_9001_2026,9,Evaluación del desempeño,clause,,OFFICIAL_PUBLIC_METADATA_PLUS_TCDX_SUMMARY,https://www.iso.org/standard/9001,provisional
ISO_9001_2026,10,Mejora,clause,,OFFICIAL_PUBLIC_METADATA_PLUS_TCDX_SUMMARY,https://www.iso.org/standard/9001,provisional
ISO_IEC_27001_2022,4,Contexto de la organización,clause,,OFFICIAL_PUBLIC_METADATA_PLUS_TCDX_SUMMARY,https://www.iso.org/standard/27001,provisional
ISO_IEC_27001_2022,5,Liderazgo,clause,,OFFICIAL_PUBLIC_METADATA_PLUS_TCDX_SUMMARY,https://www.iso.org/standard/27001,provisional
ISO_IEC_27001_2022,6,Planificación,clause,,OFFICIAL_PUBLIC_METADATA_PLUS_TCDX_SUMMARY,https://www.iso.org/standard/27001,provisional
ISO_IEC_27001_2022,7,Apoyo,clause,,OFFICIAL_PUBLIC_METADATA_PLUS_TCDX_SUMMARY,https://www.iso.org/standard/27001,provisional
ISO_IEC_27001_2022,8,Operación,clause,,OFFICIAL_PUBLIC_METADATA_PLUS_TCDX_SUMMARY,https://www.iso.org/standard/27001,provisional
ISO_IEC_27001_2022,9,Evaluación del desempeño,clause,,OFFICIAL_PUBLIC_METADATA_PLUS_TCDX_SUMMARY,https://www.iso.org/standard/27001,provisional
ISO_IEC_27001_2022,10,Mejora,clause,,OFFICIAL_PUBLIC_METADATA_PLUS_TCDX_SUMMARY,https://www.iso.org/standard/27001,provisional
ISO_IEC_42001_2023,4,Contexto de la organización,clause,,OFFICIAL_PUBLIC_METADATA_PLUS_TCDX_SUMMARY,https://www.iso.org/standard/42001,provisional
ISO_IEC_42001_2023,5,Liderazgo,clause,,OFFICIAL_PUBLIC_METADATA_PLUS_TCDX_SUMMARY,https://www.iso.org/standard/42001,provisional
ISO_IEC_42001_2023,6,Planificación,clause,,OFFICIAL_PUBLIC_METADATA_PLUS_TCDX_SUMMARY,https://www.iso.org/standard/42001,provisional
ISO_IEC_42001_2023,7,Apoyo,clause,,OFFICIAL_PUBLIC_METADATA_PLUS_TCDX_SUMMARY,https://www.iso.org/standard/42001,provisional
ISO_IEC_42001_2023,8,Operación,clause,,OFFICIAL_PUBLIC_METADATA_PLUS_TCDX_SUMMARY,https://www.iso.org/standard/42001,provisional
ISO_IEC_42001_2023,9,Evaluación del desempeño,clause,,OFFICIAL_PUBLIC_METADATA_PLUS_TCDX_SUMMARY,https://www.iso.org/standard/42001,provisional
ISO_IEC_42001_2023,10,Mejora,clause,,OFFICIAL_PUBLIC_METADATA_PLUS_TCDX_SUMMARY,https://www.iso.org/standard/42001,provisional
ISO_9001_2015,4.1,Contexto interno y externo,subclause,4,PROVISIONAL_SUPPORTING_REFERENCE,https://www.iso.org/standard/62085.html,provisional
ISO_9001_2015,4.2,Partes interesadas,subclause,4,PROVISIONAL_SUPPORTING_REFERENCE,https://www.iso.org/standard/62085.html,provisional
ISO_9001_2015,4.3,Alcance del SGC,subclause,4,PROVISIONAL_SUPPORTING_REFERENCE,https://www.iso.org/standard/62085.html,provisional
ISO_9001_2015,4.4,Procesos del SGC,subclause,4,PROVISIONAL_SUPPORTING_REFERENCE,https://www.iso.org/standard/62085.html,provisional
ISO_9001_2015,5.1,Liderazgo y compromiso,subclause,5,PROVISIONAL_SUPPORTING_REFERENCE,https://www.iso.org/standard/62085.html,provisional
ISO_9001_2015,5.2,Política de calidad,subclause,5,PROVISIONAL_SUPPORTING_REFERENCE,https://www.iso.org/standard/62085.html,provisional
ISO_9001_2015,5.3,Roles y responsabilidades,subclause,5,PROVISIONAL_SUPPORTING_REFERENCE,https://www.iso.org/standard/62085.html,provisional
ISO_9001_2015,6.1,Riesgos y oportunidades,subclause,6,PROVISIONAL_SUPPORTING_REFERENCE,https://www.iso.org/standard/62085.html,provisional
ISO_9001_2015,6.2,Objetivos de calidad,subclause,6,PROVISIONAL_SUPPORTING_REFERENCE,https://www.iso.org/standard/62085.html,provisional
ISO_9001_2015,6.3,Planificación de cambios,subclause,6,PROVISIONAL_SUPPORTING_REFERENCE,https://www.iso.org/standard/62085.html,provisional
ISO_9001_2015,7.1,Recursos,subclause,7,PROVISIONAL_SUPPORTING_REFERENCE,https://www.iso.org/standard/62085.html,provisional
ISO_9001_2015,7.2,Competencia,subclause,7,PROVISIONAL_SUPPORTING_REFERENCE,https://www.iso.org/standard/62085.html,provisional
ISO_9001_2015,7.3,Toma de conciencia,subclause,7,PROVISIONAL_SUPPORTING_REFERENCE,https://www.iso.org/standard/62085.html,provisional
ISO_9001_2015,7.4,Comunicación,subclause,7,PROVISIONAL_SUPPORTING_REFERENCE,https://www.iso.org/standard/62085.html,provisional
ISO_9001_2015,7.5,Información documentada,subclause,7,PROVISIONAL_SUPPORTING_REFERENCE,https://www.iso.org/standard/62085.html,provisional
ISO_9001_2015,8.1,Planificación y control operacional,subclause,8,PROVISIONAL_SUPPORTING_REFERENCE,https://www.iso.org/standard/62085.html,provisional
ISO_9001_2015,8.2,Requisitos de productos y servicios,subclause,8,PROVISIONAL_SUPPORTING_REFERENCE,https://www.iso.org/standard/62085.html,provisional
ISO_9001_2015,8.3,Diseño y desarrollo,subclause,8,PROVISIONAL_SUPPORTING_REFERENCE,https://www.iso.org/standard/62085.html,provisional
ISO_9001_2015,8.4,Proveedores externos,subclause,8,PROVISIONAL_SUPPORTING_REFERENCE,https://www.iso.org/standard/62085.html,provisional
ISO_9001_2015,8.5,Producción y provisión del servicio,subclause,8,PROVISIONAL_SUPPORTING_REFERENCE,https://www.iso.org/standard/62085.html,provisional
ISO_9001_2015,8.6,Liberación,subclause,8,PROVISIONAL_SUPPORTING_REFERENCE,https://www.iso.org/standard/62085.html,provisional
ISO_9001_2015,8.7,Salidas no conformes,subclause,8,PROVISIONAL_SUPPORTING_REFERENCE,https://www.iso.org/standard/62085.html,provisional
ISO_9001_2015,9.1,Seguimiento y análisis,subclause,9,PROVISIONAL_SUPPORTING_REFERENCE,https://www.iso.org/standard/62085.html,provisional
ISO_9001_2015,9.2,Auditoría interna,subclause,9,PROVISIONAL_SUPPORTING_REFERENCE,https://www.iso.org/standard/62085.html,provisional
ISO_9001_2015,9.3,Revisión por la dirección,subclause,9,PROVISIONAL_SUPPORTING_REFERENCE,https://www.iso.org/standard/62085.html,provisional
ISO_9001_2015,10.1,Mejora general,subclause,10,PROVISIONAL_SUPPORTING_REFERENCE,https://www.iso.org/standard/62085.html,provisional
ISO_9001_2015,10.2,No conformidad y acción correctiva,subclause,10,PROVISIONAL_SUPPORTING_REFERENCE,https://www.iso.org/standard/62085.html,provisional
ISO_9001_2015,10.3,Mejora continua,subclause,10,PROVISIONAL_SUPPORTING_REFERENCE,https://www.iso.org/standard/62085.html,provisional
ISO_9001_2026,4.1,Contexto interno y externo,subclause,4,PROVISIONAL_SUPPORTING_REFERENCE,https://www.iso.org/standard/9001,provisional
ISO_9001_2026,4.2,Partes interesadas,subclause,4,PROVISIONAL_SUPPORTING_REFERENCE,https://www.iso.org/standard/9001,provisional
ISO_9001_2026,4.3,Alcance del SGC,subclause,4,PROVISIONAL_SUPPORTING_REFERENCE,https://www.iso.org/standard/9001,provisional
ISO_9001_2026,4.4,Procesos del SGC,subclause,4,PROVISIONAL_SUPPORTING_REFERENCE,https://www.iso.org/standard/9001,provisional
ISO_9001_2026,5.1,Liderazgo y compromiso,subclause,5,PROVISIONAL_SUPPORTING_REFERENCE,https://www.iso.org/standard/9001,provisional
ISO_9001_2026,5.2,Política de calidad,subclause,5,PROVISIONAL_SUPPORTING_REFERENCE,https://www.iso.org/standard/9001,provisional
ISO_9001_2026,5.3,Roles y responsabilidades,subclause,5,PROVISIONAL_SUPPORTING_REFERENCE,https://www.iso.org/standard/9001,provisional
ISO_9001_2026,6.1,Riesgos y oportunidades,subclause,6,PROVISIONAL_SUPPORTING_REFERENCE,https://www.iso.org/standard/9001,provisional
ISO_9001_2026,6.2,Objetivos de calidad,subclause,6,PROVISIONAL_SUPPORTING_REFERENCE,https://www.iso.org/standard/9001,provisional
ISO_9001_2026,6.3,Planificación de cambios,subclause,6,PROVISIONAL_SUPPORTING_REFERENCE,https://www.iso.org/standard/9001,provisional
ISO_9001_2026,7.1,Recursos,subclause,7,PROVISIONAL_SUPPORTING_REFERENCE,https://www.iso.org/standard/9001,provisional
ISO_9001_2026,7.2,Competencia,subclause,7,PROVISIONAL_SUPPORTING_REFERENCE,https://www.iso.org/standard/9001,provisional
ISO_9001_2026,7.3,Toma de conciencia,subclause,7,PROVISIONAL_SUPPORTING_REFERENCE,https://www.iso.org/standard/9001,provisional
ISO_9001_2026,7.4,Comunicación,subclause,7,PROVISIONAL_SUPPORTING_REFERENCE,https://www.iso.org/standard/9001,provisional
ISO_9001_2026,7.5,Información documentada,subclause,7,PROVISIONAL_SUPPORTING_REFERENCE,https://www.iso.org/standard/9001,provisional
ISO_9001_2026,8.1,Planificación y control operacional,subclause,8,PROVISIONAL_SUPPORTING_REFERENCE,https://www.iso.org/standard/9001,provisional
ISO_9001_2026,8.2,Requisitos de productos y servicios,subclause,8,PROVISIONAL_SUPPORTING_REFERENCE,https://www.iso.org/standard/9001,provisional
ISO_9001_2026,8.3,Diseño y desarrollo,subclause,8,PROVISIONAL_SUPPORTING_REFERENCE,https://www.iso.org/standard/9001,provisional
ISO_9001_2026,8.4,Proveedores externos,subclause,8,PROVISIONAL_SUPPORTING_REFERENCE,https://www.iso.org/standard/9001,provisional
ISO_9001_2026,8.5,Producción y provisión del servicio,subclause,8,PROVISIONAL_SUPPORTING_REFERENCE,https://www.iso.org/standard/9001,provisional
ISO_9001_2026,8.6,Liberación,subclause,8,PROVISIONAL_SUPPORTING_REFERENCE,https://www.iso.org/standard/9001,provisional
ISO_9001_2026,8.7,Salidas no conformes,subclause,8,PROVISIONAL_SUPPORTING_REFERENCE,https://www.iso.org/standard/9001,provisional
ISO_9001_2026,9.1,Seguimiento y análisis,subclause,9,PROVISIONAL_SUPPORTING_REFERENCE,https://www.iso.org/standard/9001,provisional
ISO_9001_2026,9.2,Auditoría interna,subclause,9,PROVISIONAL_SUPPORTING_REFERENCE,https://www.iso.org/standard/9001,provisional
ISO_9001_2026,9.3,Revisión por la dirección,subclause,9,PROVISIONAL_SUPPORTING_REFERENCE,https://www.iso.org/standard/9001,provisional
ISO_9001_2026,10.1,Mejora general,subclause,10,PROVISIONAL_SUPPORTING_REFERENCE,https://www.iso.org/standard/9001,provisional
ISO_9001_2026,10.2,No conformidad y acción correctiva,subclause,10,PROVISIONAL_SUPPORTING_REFERENCE,https://www.iso.org/standard/9001,provisional
ISO_9001_2026,10.3,Mejora continua,subclause,10,PROVISIONAL_SUPPORTING_REFERENCE,https://www.iso.org/standard/9001,provisional
ISO_IEC_27001_2022,A.5,Annex A - grupo 5,annex_control_group,A,PROVISIONAL_SUPPORTING_REFERENCE,https://www.iso.org/standard/27001,provisional
ISO_IEC_27001_2022,A.5.1,Políticas de seguridad,annex_control,A.5,PROVISIONAL_SUPPORTING_REFERENCE,https://www.iso.org/standard/27001,provisional
ISO_IEC_27001_2022,A.5.2,Roles y responsabilidades de seguridad,annex_control,A.5,PROVISIONAL_SUPPORTING_REFERENCE,https://www.iso.org/standard/27001,provisional
ISO_IEC_27001_2022,A.5.3,Segregación de funciones,annex_control,A.5,PROVISIONAL_SUPPORTING_REFERENCE,https://www.iso.org/standard/27001,provisional
ISO_IEC_27001_2022,A.5.4,Responsabilidades de dirección,annex_control,A.5,PROVISIONAL_SUPPORTING_REFERENCE,https://www.iso.org/standard/27001,provisional
ISO_IEC_27001_2022,A.5.5,Contacto con autoridades,annex_control,A.5,PROVISIONAL_SUPPORTING_REFERENCE,https://www.iso.org/standard/27001,provisional
ISO_IEC_27001_2022,A.5.6,Contacto con grupos especializados,annex_control,A.5,PROVISIONAL_SUPPORTING_REFERENCE,https://www.iso.org/standard/27001,provisional
ISO_IEC_27001_2022,A.5.7,Inteligencia de amenazas,annex_control,A.5,PROVISIONAL_SUPPORTING_REFERENCE,https://www.iso.org/standard/27001,provisional
ISO_IEC_27001_2022,A.5.8,Seguridad en gestión de proyectos,annex_control,A.5,PROVISIONAL_SUPPORTING_REFERENCE,https://www.iso.org/standard/27001,provisional
ISO_IEC_27001_2022,A.5.9,Inventario de información y activos,annex_control,A.5,PROVISIONAL_SUPPORTING_REFERENCE,https://www.iso.org/standard/27001,provisional
ISO_IEC_27001_2022,A.5.10,Uso aceptable de activos,annex_control,A.5,PROVISIONAL_SUPPORTING_REFERENCE,https://www.iso.org/standard/27001,provisional
ISO_IEC_27001_2022,A.5.11,Devolución de activos,annex_control,A.5,PROVISIONAL_SUPPORTING_REFERENCE,https://www.iso.org/standard/27001,provisional
ISO_IEC_27001_2022,A.5.12,Clasificación de información,annex_control,A.5,PROVISIONAL_SUPPORTING_REFERENCE,https://www.iso.org/standard/27001,provisional
ISO_IEC_27001_2022,A.5.13,Etiquetado de información,annex_control,A.5,PROVISIONAL_SUPPORTING_REFERENCE,https://www.iso.org/standard/27001,provisional
ISO_IEC_27001_2022,A.5.14,Transferencia de información,annex_control,A.5,PROVISIONAL_SUPPORTING_REFERENCE,https://www.iso.org/standard/27001,provisional
ISO_IEC_27001_2022,A.5.15,Control de acceso,annex_control,A.5,PROVISIONAL_SUPPORTING_REFERENCE,https://www.iso.org/standard/27001,provisional
ISO_IEC_27001_2022,A.5.16,Gestión de identidades,annex_control,A.5,PROVISIONAL_SUPPORTING_REFERENCE,https://www.iso.org/standard/27001,provisional
ISO_IEC_27001_2022,A.5.17,Información de autenticación,annex_control,A.5,PROVISIONAL_SUPPORTING_REFERENCE,https://www.iso.org/standard/27001,provisional
ISO_IEC_27001_2022,A.5.18,Derechos de acceso,annex_control,A.5,PROVISIONAL_SUPPORTING_REFERENCE,https://www.iso.org/standard/27001,provisional
ISO_IEC_27001_2022,A.5.19,Seguridad en relaciones con proveedores,annex_control,A.5,PROVISIONAL_SUPPORTING_REFERENCE,https://www.iso.org/standard/27001,provisional
ISO_IEC_27001_2022,A.5.20,Seguridad en acuerdos con proveedores,annex_control,A.5,PROVISIONAL_SUPPORTING_REFERENCE,https://www.iso.org/standard/27001,provisional
ISO_IEC_27001_2022,A.5.21,Cadena de suministro TIC,annex_control,A.5,PROVISIONAL_SUPPORTING_REFERENCE,https://www.iso.org/standard/27001,provisional
ISO_IEC_27001_2022,A.5.22,Monitoreo y cambios de servicios de proveedores,annex_control,A.5,PROVISIONAL_SUPPORTING_REFERENCE,https://www.iso.org/standard/27001,provisional
ISO_IEC_27001_2022,A.5.23,Seguridad para uso de nube,annex_control,A.5,PROVISIONAL_SUPPORTING_REFERENCE,https://www.iso.org/standard/27001,provisional
ISO_IEC_27001_2022,A.5.24,Preparación para gestión de incidentes,annex_control,A.5,PROVISIONAL_SUPPORTING_REFERENCE,https://www.iso.org/standard/27001,provisional
ISO_IEC_27001_2022,A.5.25,Evaluación de eventos de seguridad,annex_control,A.5,PROVISIONAL_SUPPORTING_REFERENCE,https://www.iso.org/standard/27001,provisional
ISO_IEC_27001_2022,A.5.26,Respuesta a incidentes,annex_control,A.5,PROVISIONAL_SUPPORTING_REFERENCE,https://www.iso.org/standard/27001,provisional
ISO_IEC_27001_2022,A.5.27,Aprendizaje de incidentes,annex_control,A.5,PROVISIONAL_SUPPORTING_REFERENCE,https://www.iso.org/standard/27001,provisional
ISO_IEC_27001_2022,A.5.28,Recolección de evidencia,annex_control,A.5,PROVISIONAL_SUPPORTING_REFERENCE,https://www.iso.org/standard/27001,provisional
ISO_IEC_27001_2022,A.5.29,Seguridad durante interrupciones,annex_control,A.5,PROVISIONAL_SUPPORTING_REFERENCE,https://www.iso.org/standard/27001,provisional
ISO_IEC_27001_2022,A.5.30,Preparación TIC para continuidad,annex_control,A.5,PROVISIONAL_SUPPORTING_REFERENCE,https://www.iso.org/standard/27001,provisional
ISO_IEC_27001_2022,A.5.31,Requisitos legales/regulatorios/contractuales,annex_control,A.5,PROVISIONAL_SUPPORTING_REFERENCE,https://www.iso.org/standard/27001,provisional
ISO_IEC_27001_2022,A.5.32,Derechos de propiedad intelectual,annex_control,A.5,PROVISIONAL_SUPPORTING_REFERENCE,https://www.iso.org/standard/27001,provisional
ISO_IEC_27001_2022,A.5.33,Protección de registros,annex_control,A.5,PROVISIONAL_SUPPORTING_REFERENCE,https://www.iso.org/standard/27001,provisional
ISO_IEC_27001_2022,A.5.34,Privacidad y protección de PII,annex_control,A.5,PROVISIONAL_SUPPORTING_REFERENCE,https://www.iso.org/standard/27001,provisional
ISO_IEC_27001_2022,A.5.35,Revisión independiente de seguridad,annex_control,A.5,PROVISIONAL_SUPPORTING_REFERENCE,https://www.iso.org/standard/27001,provisional
ISO_IEC_27001_2022,A.5.36,Cumplimiento de políticas y estándares,annex_control,A.5,PROVISIONAL_SUPPORTING_REFERENCE,https://www.iso.org/standard/27001,provisional
ISO_IEC_27001_2022,A.5.37,Procedimientos operativos documentados,annex_control,A.5,PROVISIONAL_SUPPORTING_REFERENCE,https://www.iso.org/standard/27001,provisional
ISO_IEC_27001_2022,A.6,Annex A - grupo 6,annex_control_group,A,PROVISIONAL_SUPPORTING_REFERENCE,https://www.iso.org/standard/27001,provisional
ISO_IEC_27001_2022,A.6.1,Selección de personal,annex_control,A.6,PROVISIONAL_SUPPORTING_REFERENCE,https://www.iso.org/standard/27001,provisional
ISO_IEC_27001_2022,A.6.2,Términos y condiciones laborales,annex_control,A.6,PROVISIONAL_SUPPORTING_REFERENCE,https://www.iso.org/standard/27001,provisional
ISO_IEC_27001_2022,A.6.3,Conciencia y formación en seguridad,annex_control,A.6,PROVISIONAL_SUPPORTING_REFERENCE,https://www.iso.org/standard/27001,provisional
ISO_IEC_27001_2022,A.6.4,Proceso disciplinario,annex_control,A.6,PROVISIONAL_SUPPORTING_REFERENCE,https://www.iso.org/standard/27001,provisional
ISO_IEC_27001_2022,A.6.5,Responsabilidades tras cambio o término,annex_control,A.6,PROVISIONAL_SUPPORTING_REFERENCE,https://www.iso.org/standard/27001,provisional
ISO_IEC_27001_2022,A.6.6,Acuerdos de confidencialidad,annex_control,A.6,PROVISIONAL_SUPPORTING_REFERENCE,https://www.iso.org/standard/27001,provisional
ISO_IEC_27001_2022,A.6.7,Trabajo remoto,annex_control,A.6,PROVISIONAL_SUPPORTING_REFERENCE,https://www.iso.org/standard/27001,provisional
ISO_IEC_27001_2022,A.6.8,Reporte de eventos de seguridad,annex_control,A.6,PROVISIONAL_SUPPORTING_REFERENCE,https://www.iso.org/standard/27001,provisional
ISO_IEC_27001_2022,A.7,Annex A - grupo 7,annex_control_group,A,PROVISIONAL_SUPPORTING_REFERENCE,https://www.iso.org/standard/27001,provisional
ISO_IEC_27001_2022,A.7.1,Perímetros físicos,annex_control,A.7,PROVISIONAL_SUPPORTING_REFERENCE,https://www.iso.org/standard/27001,provisional
ISO_IEC_27001_2022,A.7.2,Entrada física,annex_control,A.7,PROVISIONAL_SUPPORTING_REFERENCE,https://www.iso.org/standard/27001,provisional
ISO_IEC_27001_2022,A.7.3,Protección de oficinas e instalaciones,annex_control,A.7,PROVISIONAL_SUPPORTING_REFERENCE,https://www.iso.org/standard/27001,provisional
ISO_IEC_27001_2022,A.7.4,Monitoreo de seguridad física,annex_control,A.7,PROVISIONAL_SUPPORTING_REFERENCE,https://www.iso.org/standard/27001,provisional
ISO_IEC_27001_2022,A.7.5,Protección contra amenazas físicas/ambientales,annex_control,A.7,PROVISIONAL_SUPPORTING_REFERENCE,https://www.iso.org/standard/27001,provisional
ISO_IEC_27001_2022,A.7.6,Trabajo en áreas seguras,annex_control,A.7,PROVISIONAL_SUPPORTING_REFERENCE,https://www.iso.org/standard/27001,provisional
ISO_IEC_27001_2022,A.7.7,Escritorio y pantalla limpia,annex_control,A.7,PROVISIONAL_SUPPORTING_REFERENCE,https://www.iso.org/standard/27001,provisional
ISO_IEC_27001_2022,A.7.8,Ubicación y protección de equipos,annex_control,A.7,PROVISIONAL_SUPPORTING_REFERENCE,https://www.iso.org/standard/27001,provisional
ISO_IEC_27001_2022,A.7.9,Activos fuera de instalaciones,annex_control,A.7,PROVISIONAL_SUPPORTING_REFERENCE,https://www.iso.org/standard/27001,provisional
ISO_IEC_27001_2022,A.7.10,Medios de almacenamiento,annex_control,A.7,PROVISIONAL_SUPPORTING_REFERENCE,https://www.iso.org/standard/27001,provisional
ISO_IEC_27001_2022,A.7.11,Servicios de soporte,annex_control,A.7,PROVISIONAL_SUPPORTING_REFERENCE,https://www.iso.org/standard/27001,provisional
ISO_IEC_27001_2022,A.7.12,Seguridad del cableado,annex_control,A.7,PROVISIONAL_SUPPORTING_REFERENCE,https://www.iso.org/standard/27001,provisional
ISO_IEC_27001_2022,A.7.13,Mantenimiento de equipos,annex_control,A.7,PROVISIONAL_SUPPORTING_REFERENCE,https://www.iso.org/standard/27001,provisional
ISO_IEC_27001_2022,A.7.14,Eliminación o reutilización segura de equipos,annex_control,A.7,PROVISIONAL_SUPPORTING_REFERENCE,https://www.iso.org/standard/27001,provisional
ISO_IEC_27001_2022,A.8,Annex A - grupo 8,annex_control_group,A,PROVISIONAL_SUPPORTING_REFERENCE,https://www.iso.org/standard/27001,provisional
ISO_IEC_27001_2022,A.8.1,Dispositivos endpoint,annex_control,A.8,PROVISIONAL_SUPPORTING_REFERENCE,https://www.iso.org/standard/27001,provisional
ISO_IEC_27001_2022,A.8.2,Accesos privilegiados,annex_control,A.8,PROVISIONAL_SUPPORTING_REFERENCE,https://www.iso.org/standard/27001,provisional
ISO_IEC_27001_2022,A.8.3,Restricción de acceso a información,annex_control,A.8,PROVISIONAL_SUPPORTING_REFERENCE,https://www.iso.org/standard/27001,provisional
ISO_IEC_27001_2022,A.8.4,Acceso a código fuente,annex_control,A.8,PROVISIONAL_SUPPORTING_REFERENCE,https://www.iso.org/standard/27001,provisional
ISO_IEC_27001_2022,A.8.5,Autenticación segura,annex_control,A.8,PROVISIONAL_SUPPORTING_REFERENCE,https://www.iso.org/standard/27001,provisional
ISO_IEC_27001_2022,A.8.6,Gestión de capacidad,annex_control,A.8,PROVISIONAL_SUPPORTING_REFERENCE,https://www.iso.org/standard/27001,provisional
ISO_IEC_27001_2022,A.8.7,Protección contra malware,annex_control,A.8,PROVISIONAL_SUPPORTING_REFERENCE,https://www.iso.org/standard/27001,provisional
ISO_IEC_27001_2022,A.8.8,Vulnerabilidades técnicas,annex_control,A.8,PROVISIONAL_SUPPORTING_REFERENCE,https://www.iso.org/standard/27001,provisional
ISO_IEC_27001_2022,A.8.9,Gestión de configuración,annex_control,A.8,PROVISIONAL_SUPPORTING_REFERENCE,https://www.iso.org/standard/27001,provisional
ISO_IEC_27001_2022,A.8.10,Eliminación de información,annex_control,A.8,PROVISIONAL_SUPPORTING_REFERENCE,https://www.iso.org/standard/27001,provisional
ISO_IEC_27001_2022,A.8.11,Enmascaramiento de datos,annex_control,A.8,PROVISIONAL_SUPPORTING_REFERENCE,https://www.iso.org/standard/27001,provisional
ISO_IEC_27001_2022,A.8.12,Prevención de fuga de datos,annex_control,A.8,PROVISIONAL_SUPPORTING_REFERENCE,https://www.iso.org/standard/27001,provisional
ISO_IEC_27001_2022,A.8.13,Respaldo de información,annex_control,A.8,PROVISIONAL_SUPPORTING_REFERENCE,https://www.iso.org/standard/27001,provisional
ISO_IEC_27001_2022,A.8.14,Redundancia de procesamiento,annex_control,A.8,PROVISIONAL_SUPPORTING_REFERENCE,https://www.iso.org/standard/27001,provisional
ISO_IEC_27001_2022,A.8.15,Logging,annex_control,A.8,PROVISIONAL_SUPPORTING_REFERENCE,https://www.iso.org/standard/27001,provisional
ISO_IEC_27001_2022,A.8.16,Monitoreo de actividades,annex_control,A.8,PROVISIONAL_SUPPORTING_REFERENCE,https://www.iso.org/standard/27001,provisional
ISO_IEC_27001_2022,A.8.17,Sincronización de relojes,annex_control,A.8,PROVISIONAL_SUPPORTING_REFERENCE,https://www.iso.org/standard/27001,provisional
ISO_IEC_27001_2022,A.8.18,Uso de utilitarios privilegiados,annex_control,A.8,PROVISIONAL_SUPPORTING_REFERENCE,https://www.iso.org/standard/27001,provisional
ISO_IEC_27001_2022,A.8.19,Instalación de software,annex_control,A.8,PROVISIONAL_SUPPORTING_REFERENCE,https://www.iso.org/standard/27001,provisional
ISO_IEC_27001_2022,A.8.20,Seguridad de redes,annex_control,A.8,PROVISIONAL_SUPPORTING_REFERENCE,https://www.iso.org/standard/27001,provisional
ISO_IEC_27001_2022,A.8.21,Seguridad de servicios de red,annex_control,A.8,PROVISIONAL_SUPPORTING_REFERENCE,https://www.iso.org/standard/27001,provisional
ISO_IEC_27001_2022,A.8.22,Segregación de redes,annex_control,A.8,PROVISIONAL_SUPPORTING_REFERENCE,https://www.iso.org/standard/27001,provisional
ISO_IEC_27001_2022,A.8.23,Filtrado web,annex_control,A.8,PROVISIONAL_SUPPORTING_REFERENCE,https://www.iso.org/standard/27001,provisional
ISO_IEC_27001_2022,A.8.24,Criptografía,annex_control,A.8,PROVISIONAL_SUPPORTING_REFERENCE,https://www.iso.org/standard/27001,provisional
ISO_IEC_27001_2022,A.8.25,Ciclo de desarrollo seguro,annex_control,A.8,PROVISIONAL_SUPPORTING_REFERENCE,https://www.iso.org/standard/27001,provisional
ISO_IEC_27001_2022,A.8.26,Requisitos de seguridad de aplicaciones,annex_control,A.8,PROVISIONAL_SUPPORTING_REFERENCE,https://www.iso.org/standard/27001,provisional
ISO_IEC_27001_2022,A.8.27,Arquitectura e ingeniería segura,annex_control,A.8,PROVISIONAL_SUPPORTING_REFERENCE,https://www.iso.org/standard/27001,provisional
ISO_IEC_27001_2022,A.8.28,Codificación segura,annex_control,A.8,PROVISIONAL_SUPPORTING_REFERENCE,https://www.iso.org/standard/27001,provisional
ISO_IEC_27001_2022,A.8.29,Pruebas de seguridad en desarrollo/aceptación,annex_control,A.8,PROVISIONAL_SUPPORTING_REFERENCE,https://www.iso.org/standard/27001,provisional
ISO_IEC_27001_2022,A.8.30,Desarrollo externalizado,annex_control,A.8,PROVISIONAL_SUPPORTING_REFERENCE,https://www.iso.org/standard/27001,provisional
ISO_IEC_27001_2022,A.8.31,Separación desarrollo/prueba/producción,annex_control,A.8,PROVISIONAL_SUPPORTING_REFERENCE,https://www.iso.org/standard/27001,provisional
ISO_IEC_27001_2022,A.8.32,Gestión de cambios,annex_control,A.8,PROVISIONAL_SUPPORTING_REFERENCE,https://www.iso.org/standard/27001,provisional
ISO_IEC_27001_2022,A.8.33,Datos de prueba,annex_control,A.8,PROVISIONAL_SUPPORTING_REFERENCE,https://www.iso.org/standard/27001,provisional
ISO_IEC_27001_2022,A.8.34,Protección durante pruebas de auditoría,annex_control,A.8,PROVISIONAL_SUPPORTING_REFERENCE,https://www.iso.org/standard/27001,provisional
ISO_IEC_42001_2023,A.2,Annex A - objetivo 2,annex_control_group,A,PROVISIONAL_SUPPORTING_REFERENCE,https://www.iso.org/standard/42001,provisional
ISO_IEC_42001_2023,A.2.2,Política de IA,annex_control,A.2,PROVISIONAL_SUPPORTING_REFERENCE,https://www.iso.org/standard/42001,provisional
ISO_IEC_42001_2023,A.2.3,Alineación de política de IA con otras políticas,annex_control,A.2,PROVISIONAL_SUPPORTING_REFERENCE,https://www.iso.org/standard/42001,provisional
ISO_IEC_42001_2023,A.2.4,Revisión de política de IA,annex_control,A.2,PROVISIONAL_SUPPORTING_REFERENCE,https://www.iso.org/standard/42001,provisional
ISO_IEC_42001_2023,A.3,Annex A - objetivo 3,annex_control_group,A,PROVISIONAL_SUPPORTING_REFERENCE,https://www.iso.org/standard/42001,provisional
ISO_IEC_42001_2023,A.3.2,Roles y responsabilidades de IA,annex_control,A.3,PROVISIONAL_SUPPORTING_REFERENCE,https://www.iso.org/standard/42001,provisional
ISO_IEC_42001_2023,A.3.3,Reporte de preocupaciones relacionadas con IA,annex_control,A.3,PROVISIONAL_SUPPORTING_REFERENCE,https://www.iso.org/standard/42001,provisional
ISO_IEC_42001_2023,A.4,Annex A - objetivo 4,annex_control_group,A,PROVISIONAL_SUPPORTING_REFERENCE,https://www.iso.org/standard/42001,provisional
ISO_IEC_42001_2023,A.4.2,Documentación de recursos de IA,annex_control,A.4,PROVISIONAL_SUPPORTING_REFERENCE,https://www.iso.org/standard/42001,provisional
ISO_IEC_42001_2023,A.4.3,Recursos de datos,annex_control,A.4,PROVISIONAL_SUPPORTING_REFERENCE,https://www.iso.org/standard/42001,provisional
ISO_IEC_42001_2023,A.4.4,Recursos de herramientas,annex_control,A.4,PROVISIONAL_SUPPORTING_REFERENCE,https://www.iso.org/standard/42001,provisional
ISO_IEC_42001_2023,A.4.5,Recursos de sistemas y cómputo,annex_control,A.4,PROVISIONAL_SUPPORTING_REFERENCE,https://www.iso.org/standard/42001,provisional
ISO_IEC_42001_2023,A.4.6,Recursos humanos,annex_control,A.4,PROVISIONAL_SUPPORTING_REFERENCE,https://www.iso.org/standard/42001,provisional
ISO_IEC_42001_2023,A.5,Annex A - objetivo 5,annex_control_group,A,PROVISIONAL_SUPPORTING_REFERENCE,https://www.iso.org/standard/42001,provisional
ISO_IEC_42001_2023,A.5.2,Proceso de evaluación de impacto IA,annex_control,A.5,PROVISIONAL_SUPPORTING_REFERENCE,https://www.iso.org/standard/42001,provisional
ISO_IEC_42001_2023,A.5.3,Documentación de evaluaciones de impacto,annex_control,A.5,PROVISIONAL_SUPPORTING_REFERENCE,https://www.iso.org/standard/42001,provisional
ISO_IEC_42001_2023,A.5.4,Impacto sobre individuos o grupos,annex_control,A.5,PROVISIONAL_SUPPORTING_REFERENCE,https://www.iso.org/standard/42001,provisional
ISO_IEC_42001_2023,A.5.5,Impacto social,annex_control,A.5,PROVISIONAL_SUPPORTING_REFERENCE,https://www.iso.org/standard/42001,provisional
ISO_IEC_42001_2023,A.6,Annex A - objetivo 6,annex_control_group,A,PROVISIONAL_SUPPORTING_REFERENCE,https://www.iso.org/standard/42001,provisional
ISO_IEC_42001_2023,A.6.2,Objetivos de desarrollo responsable de IA,annex_control,A.6,PROVISIONAL_SUPPORTING_REFERENCE,https://www.iso.org/standard/42001,provisional
ISO_IEC_42001_2023,A.6.3,Procesos para desarrollo responsable de IA,annex_control,A.6,PROVISIONAL_SUPPORTING_REFERENCE,https://www.iso.org/standard/42001,provisional
ISO_IEC_42001_2023,A.6.4,Requisitos del sistema IA,annex_control,A.6,PROVISIONAL_SUPPORTING_REFERENCE,https://www.iso.org/standard/42001,provisional
ISO_IEC_42001_2023,A.6.5,Documentación de diseño y desarrollo,annex_control,A.6,PROVISIONAL_SUPPORTING_REFERENCE,https://www.iso.org/standard/42001,provisional
ISO_IEC_42001_2023,A.6.6,Verificación y validación del sistema IA,annex_control,A.6,PROVISIONAL_SUPPORTING_REFERENCE,https://www.iso.org/standard/42001,provisional
ISO_IEC_42001_2023,A.6.7,Despliegue del sistema IA,annex_control,A.6,PROVISIONAL_SUPPORTING_REFERENCE,https://www.iso.org/standard/42001,provisional
ISO_IEC_42001_2023,A.6.8,Operación y monitoreo del sistema IA,annex_control,A.6,PROVISIONAL_SUPPORTING_REFERENCE,https://www.iso.org/standard/42001,provisional
ISO_IEC_42001_2023,A.6.9,Documentación técnica del sistema IA,annex_control,A.6,PROVISIONAL_SUPPORTING_REFERENCE,https://www.iso.org/standard/42001,provisional
ISO_IEC_42001_2023,A.6.10,Registro de eventos del sistema IA,annex_control,A.6,PROVISIONAL_SUPPORTING_REFERENCE,https://www.iso.org/standard/42001,provisional
ISO_IEC_42001_2023,A.7,Annex A - objetivo 7,annex_control_group,A,PROVISIONAL_SUPPORTING_REFERENCE,https://www.iso.org/standard/42001,provisional
ISO_IEC_42001_2023,A.7.2,Gestión de datos para IA,annex_control,A.7,PROVISIONAL_SUPPORTING_REFERENCE,https://www.iso.org/standard/42001,provisional
ISO_IEC_42001_2023,A.7.3,Adquisición de datos,annex_control,A.7,PROVISIONAL_SUPPORTING_REFERENCE,https://www.iso.org/standard/42001,provisional
ISO_IEC_42001_2023,A.7.4,Calidad de datos,annex_control,A.7,PROVISIONAL_SUPPORTING_REFERENCE,https://www.iso.org/standard/42001,provisional
ISO_IEC_42001_2023,A.7.5,Proveniencia de datos,annex_control,A.7,PROVISIONAL_SUPPORTING_REFERENCE,https://www.iso.org/standard/42001,provisional
ISO_IEC_42001_2023,A.7.6,Preparación de datos,annex_control,A.7,PROVISIONAL_SUPPORTING_REFERENCE,https://www.iso.org/standard/42001,provisional
ISO_IEC_42001_2023,A.8,Annex A - objetivo 8,annex_control_group,A,PROVISIONAL_SUPPORTING_REFERENCE,https://www.iso.org/standard/42001,provisional
ISO_IEC_42001_2023,A.8.2,Información y documentación para usuarios,annex_control,A.8,PROVISIONAL_SUPPORTING_REFERENCE,https://www.iso.org/standard/42001,provisional
ISO_IEC_42001_2023,A.8.3,Reporte externo sobre sistemas IA,annex_control,A.8,PROVISIONAL_SUPPORTING_REFERENCE,https://www.iso.org/standard/42001,provisional
ISO_IEC_42001_2023,A.8.4,Comunicación de incidentes IA,annex_control,A.8,PROVISIONAL_SUPPORTING_REFERENCE,https://www.iso.org/standard/42001,provisional
ISO_IEC_42001_2023,A.8.5,Información a partes interesadas,annex_control,A.8,PROVISIONAL_SUPPORTING_REFERENCE,https://www.iso.org/standard/42001,provisional
ISO_IEC_42001_2023,A.9,Annex A - objetivo 9,annex_control_group,A,PROVISIONAL_SUPPORTING_REFERENCE,https://www.iso.org/standard/42001,provisional
ISO_IEC_42001_2023,A.9.2,Procesos para uso responsable de IA,annex_control,A.9,PROVISIONAL_SUPPORTING_REFERENCE,https://www.iso.org/standard/42001,provisional
ISO_IEC_42001_2023,A.9.3,Objetivos para uso responsable de IA,annex_control,A.9,PROVISIONAL_SUPPORTING_REFERENCE,https://www.iso.org/standard/42001,provisional
ISO_IEC_42001_2023,A.9.4,Uso previsto del sistema IA,annex_control,A.9,PROVISIONAL_SUPPORTING_REFERENCE,https://www.iso.org/standard/42001,provisional
ISO_IEC_42001_2023,A.10,Annex A - objetivo 10,annex_control_group,A,PROVISIONAL_SUPPORTING_REFERENCE,https://www.iso.org/standard/42001,provisional
ISO_IEC_42001_2023,A.10.2,Asignación de responsabilidades con terceros,annex_control,A.10,PROVISIONAL_SUPPORTING_REFERENCE,https://www.iso.org/standard/42001,provisional
ISO_IEC_42001_2023,A.10.3,Proveedores de sistemas/servicios IA,annex_control,A.10,PROVISIONAL_SUPPORTING_REFERENCE,https://www.iso.org/standard/42001,provisional
ISO_IEC_42001_2023,A.10.4,Relaciones y obligaciones con clientes,annex_control,A.10,PROVISIONAL_SUPPORTING_REFERENCE,https://www.iso.org/standard/42001,provisional
CL_LEY_21719,Art. 3,Principios del tratamiento,article_or_obligation,,OFFICIAL_PUBLIC_SOURCE,https://www.bcn.cl/leychile/Navegar?idNorma=1209272&idVersion=2026-12-01,reviewed_public_source
CL_LEY_21719,Art. 4,Derechos del titular,article_or_obligation,,OFFICIAL_PUBLIC_SOURCE,https://www.bcn.cl/leychile/Navegar?idNorma=1209272&idVersion=2026-12-01,reviewed_public_source
CL_LEY_21719,Art. 5,Derecho de acceso,article_or_obligation,,OFFICIAL_PUBLIC_SOURCE,https://www.bcn.cl/leychile/Navegar?idNorma=1209272&idVersion=2026-12-01,reviewed_public_source
CL_LEY_21719,Art. 6,Rectificación,article_or_obligation,,OFFICIAL_PUBLIC_SOURCE,https://www.bcn.cl/leychile/Navegar?idNorma=1209272&idVersion=2026-12-01,reviewed_public_source
CL_LEY_21719,Art. 7,Supresión,article_or_obligation,,OFFICIAL_PUBLIC_SOURCE,https://www.bcn.cl/leychile/Navegar?idNorma=1209272&idVersion=2026-12-01,reviewed_public_source
CL_LEY_21719,Art. 8,Oposición,article_or_obligation,,OFFICIAL_PUBLIC_SOURCE,https://www.bcn.cl/leychile/Navegar?idNorma=1209272&idVersion=2026-12-01,reviewed_public_source
CL_LEY_21719,Art. 8 bis,Decisiones automatizadas,article_or_obligation,,OFFICIAL_PUBLIC_SOURCE,https://www.bcn.cl/leychile/Navegar?idNorma=1209272&idVersion=2026-12-01,reviewed_public_source
CL_LEY_21719,Art. 8 ter,Bloqueo,article_or_obligation,,OFFICIAL_PUBLIC_SOURCE,https://www.bcn.cl/leychile/Navegar?idNorma=1209272&idVersion=2026-12-01,reviewed_public_source
CL_LEY_21719,Art. 9,Portabilidad,article_or_obligation,,OFFICIAL_PUBLIC_SOURCE,https://www.bcn.cl/leychile/Navegar?idNorma=1209272&idVersion=2026-12-01,reviewed_public_source
CL_LEY_21719,Art. 10,Gestión de solicitudes,article_or_obligation,,OFFICIAL_PUBLIC_SOURCE,https://www.bcn.cl/leychile/Navegar?idNorma=1209272&idVersion=2026-12-01,reviewed_public_source
CL_LEY_21719,Art. 12,Consentimiento,article_or_obligation,,OFFICIAL_PUBLIC_SOURCE,https://www.bcn.cl/leychile/Navegar?idNorma=1209272&idVersion=2026-12-01,reviewed_public_source
CL_LEY_21719,Art. 13,Bases de licitud,article_or_obligation,,OFFICIAL_PUBLIC_SOURCE,https://www.bcn.cl/leychile/Navegar?idNorma=1209272&idVersion=2026-12-01,reviewed_public_source
CL_LEY_21719,Art. 14 bis,Confidencialidad,article_or_obligation,,OFFICIAL_PUBLIC_SOURCE,https://www.bcn.cl/leychile/Navegar?idNorma=1209272&idVersion=2026-12-01,reviewed_public_source
CL_LEY_21719,Art. 14 ter,Deberes del responsable,article_or_obligation,,OFFICIAL_PUBLIC_SOURCE,https://www.bcn.cl/leychile/Navegar?idNorma=1209272&idVersion=2026-12-01,reviewed_public_source
CL_LEY_21719,Art. 14 quáter,Privacidad desde diseño y por defecto,article_or_obligation,,OFFICIAL_PUBLIC_SOURCE,https://www.bcn.cl/leychile/Navegar?idNorma=1209272&idVersion=2026-12-01,reviewed_public_source
CL_LEY_21719,Art. 14 quinquies,Seguridad,article_or_obligation,,OFFICIAL_PUBLIC_SOURCE,https://www.bcn.cl/leychile/Navegar?idNorma=1209272&idVersion=2026-12-01,reviewed_public_source
CL_LEY_21719,Art. 14 quinquies,Gestión de vulneraciones,article_or_obligation,,OFFICIAL_PUBLIC_SOURCE,https://www.bcn.cl/leychile/Navegar?idNorma=1209272&idVersion=2026-12-01,reviewed_public_source
CL_LEY_21719,Art. 15,Cesión de datos,article_or_obligation,,OFFICIAL_PUBLIC_SOURCE,https://www.bcn.cl/leychile/Navegar?idNorma=1209272&idVersion=2026-12-01,reviewed_public_source
CL_LEY_21719,Art. 15 bis,Encargados,article_or_obligation,,OFFICIAL_PUBLIC_SOURCE,https://www.bcn.cl/leychile/Navegar?idNorma=1209272&idVersion=2026-12-01,reviewed_public_source
CL_LEY_21719,Datos sensibles,Datos sensibles,article_or_obligation,,OFFICIAL_PUBLIC_SOURCE,https://www.bcn.cl/leychile/Navegar?idNorma=1209272&idVersion=2026-12-01,reviewed_public_source
CL_LEY_21719,NNA,"Niños, niñas y adolescentes",article_or_obligation,,OFFICIAL_PUBLIC_SOURCE,https://www.bcn.cl/leychile/Navegar?idNorma=1209272&idVersion=2026-12-01,reviewed_public_source
CL_LEY_21719,Art. 27,Transferencias internacionales,article_or_obligation,,OFFICIAL_PUBLIC_SOURCE,https://www.bcn.cl/leychile/Navegar?idNorma=1209272&idVersion=2026-12-01,reviewed_public_source
CL_LEY_21719,Art. 28,Garantías de transferencias,article_or_obligation,,OFFICIAL_PUBLIC_SOURCE,https://www.bcn.cl/leychile/Navegar?idNorma=1209272&idVersion=2026-12-01,reviewed_public_source
CL_LEY_21719,Art. 29,Fiscalización transferencias,article_or_obligation,,OFFICIAL_PUBLIC_SOURCE,https://www.bcn.cl/leychile/Navegar?idNorma=1209272&idVersion=2026-12-01,reviewed_public_source
CL_LEY_21719,Responsabilidad,Accountability,article_or_obligation,,OFFICIAL_PUBLIC_SOURCE,https://www.bcn.cl/leychile/Navegar?idNorma=1209272&idVersion=2026-12-01,reviewed_public_source
CL_LEY_21719,Conservación,Limitación de conservación,article_or_obligation,,OFFICIAL_PUBLIC_SOURCE,https://www.bcn.cl/leychile/Navegar?idNorma=1209272&idVersion=2026-12-01,reviewed_public_source
CL_LEY_21719,Transparencia,Información al titular,article_or_obligation,,OFFICIAL_PUBLIC_SOURCE,https://www.bcn.cl/leychile/Navegar?idNorma=1209272&idVersion=2026-12-01,reviewed_public_source
CL_LEY_21719,Calidad,Calidad de datos,article_or_obligation,,OFFICIAL_PUBLIC_SOURCE,https://www.bcn.cl/leychile/Navegar?idNorma=1209272&idVersion=2026-12-01,reviewed_public_source
CL_LEY_21719,Seguridad,Gestión de riesgos de privacidad,article_or_obligation,,OFFICIAL_PUBLIC_SOURCE,https://www.bcn.cl/leychile/Navegar?idNorma=1209272&idVersion=2026-12-01,reviewed_public_source
CL_LEY_21719,Registro,Registros de cumplimiento,article_or_obligation,,OFFICIAL_PUBLIC_SOURCE,https://www.bcn.cl/leychile/Navegar?idNorma=1209272&idVersion=2026-12-01,reviewed_public_source
