control_code,name,domain,objective,control_type,nature,frequency_code,execution_method,verification_method,minimum_evidence,suggested_owner_role_code,control_origin,ownership_class,version_number,lifecycle_state,provenance,license_status
GOV-001,Gobierno integrado de cumplimiento,GOV,"Establecer gobierno, autoridad y rendición de cuentas sobre los sistemas de gestión y obligaciones aplicables.",preventive,hybrid,continuous,governed_process,evidence_review,Registro o evidencia verificable de ejecución.,COMPLIANCE_MANAGER,tcdx_baseline,PLATFORM_CONTROL,1,published_candidate,TCDX_AUTHORED,TCDX_AUTHORED
GOV-002,Roles y responsabilidades,GOV,"Definir y mantener responsabilidades, autoridades y segregación de funciones.",preventive,hybrid,continuous,governed_process,evidence_review,Registro o evidencia verificable de ejecución.,COMPLIANCE_MANAGER,tcdx_baseline,PLATFORM_CONTROL,1,published_candidate,TCDX_AUTHORED,TCDX_AUTHORED
GOV-003,Gestión de políticas,GOV,"Aprobar, comunicar, revisar y versionar políticas corporativas.",preventive,hybrid,continuous,governed_process,evidence_review,Registro o evidencia verificable de ejecución.,COMPLIANCE_MANAGER,tcdx_baseline,PLATFORM_CONTROL,1,published_candidate,TCDX_AUTHORED,TCDX_AUTHORED
GOV-004,Revisión por la dirección,GOV,"Revisar desempeño, riesgos, cambios y oportunidades a nivel directivo.",detective,hybrid,continuous,governed_process,evidence_review,Registro o evidencia verificable de ejecución.,COMPLIANCE_MANAGER,tcdx_baseline,PLATFORM_CONTROL,1,published_candidate,TCDX_AUTHORED,TCDX_AUTHORED
CTX-001,Contexto y partes interesadas,GOV,"Mantener contexto, partes interesadas y requisitos pertinentes.",preventive,hybrid,continuous,governed_process,evidence_review,Registro o evidencia verificable de ejecución.,COMPLIANCE_MANAGER,tcdx_baseline,PLATFORM_CONTROL,1,published_candidate,TCDX_AUTHORED,TCDX_AUTHORED
SCOPE-001,Gestión de alcance,GOV,Definir y mantener alcance de sistemas de gestión y servicios.,preventive,hybrid,continuous,governed_process,evidence_review,Registro o evidencia verificable de ejecución.,COMPLIANCE_MANAGER,tcdx_baseline,PLATFORM_CONTROL,1,published_candidate,TCDX_AUTHORED,TCDX_AUTHORED
RISK-001,Gestión integrada de riesgos,RISK,"Identificar, analizar, evaluar, tratar y monitorear riesgos y oportunidades.",preventive,hybrid,continuous,governed_process,evidence_review,Registro o evidencia verificable de ejecución.,COMPLIANCE_MANAGER,tcdx_baseline,PLATFORM_CONTROL,1,published_candidate,TCDX_AUTHORED,TCDX_AUTHORED
RISK-002,Tratamiento y aceptación de riesgos,RISK,"Definir planes, responsables, plazos y aceptación formal del riesgo residual.",preventive,hybrid,continuous,governed_process,evidence_review,Registro o evidencia verificable de ejecución.,COMPLIANCE_MANAGER,tcdx_baseline,PLATFORM_CONTROL,1,published_candidate,TCDX_AUTHORED,TCDX_AUTHORED
OBJ-001,Objetivos y planificación,GOV,"Definir objetivos medibles, responsables, recursos, plazos y seguimiento.",preventive,hybrid,continuous,governed_process,evidence_review,Registro o evidencia verificable de ejecución.,COMPLIANCE_MANAGER,tcdx_baseline,PLATFORM_CONTROL,1,published_candidate,TCDX_AUTHORED,TCDX_AUTHORED
DOC-001,Control de información documentada,DOC,"Crear, aprobar, versionar, distribuir, proteger y retirar documentación controlada.",preventive,hybrid,continuous,governed_process,evidence_review,Registro o evidencia verificable de ejecución.,COMPLIANCE_MANAGER,tcdx_baseline,PLATFORM_CONTROL,1,published_candidate,TCDX_AUTHORED,TCDX_AUTHORED
REC-001,Gestión de registros,DOC,"Proteger integridad, disponibilidad, trazabilidad y conservación de registros.",preventive,hybrid,continuous,governed_process,evidence_review,Registro o evidencia verificable de ejecución.,COMPLIANCE_MANAGER,tcdx_baseline,PLATFORM_CONTROL,1,published_candidate,TCDX_AUTHORED,TCDX_AUTHORED
COMP-001,Competencia y formación,HR,Asegurar competencia requerida y conservar evidencia de formación/experiencia.,preventive,hybrid,continuous,governed_process,evidence_review,Registro o evidencia verificable de ejecución.,COMPLIANCE_MANAGER,tcdx_baseline,PLATFORM_CONTROL,1,published_candidate,TCDX_AUTHORED,TCDX_AUTHORED
AWARE-001,Concientización,HR,"Mantener conciencia sobre políticas, riesgos, responsabilidades y consecuencias.",preventive,hybrid,continuous,governed_process,evidence_review,Registro o evidencia verificable de ejecución.,COMPLIANCE_MANAGER,tcdx_baseline,PLATFORM_CONTROL,1,published_candidate,TCDX_AUTHORED,TCDX_AUTHORED
COMM-001,Comunicación interna y externa,GOV,Planificar y controlar comunicaciones pertinentes y trazables.,preventive,hybrid,continuous,governed_process,evidence_review,Registro o evidencia verificable de ejecución.,COMPLIANCE_MANAGER,tcdx_baseline,PLATFORM_CONTROL,1,published_candidate,TCDX_AUTHORED,TCDX_AUTHORED
ETH-001,Cultura y conducta ética,GOV,"Promover comportamiento ético, cultura de calidad y reporte de preocupaciones.",preventive,hybrid,continuous,governed_process,evidence_review,Registro o evidencia verificable de ejecución.,COMPLIANCE_MANAGER,tcdx_baseline,PLATFORM_CONTROL,1,published_candidate,TCDX_AUTHORED,TCDX_AUTHORED
PROC-001,Gestión de procesos,QUALITY,"Definir procesos, criterios, responsables, entradas, salidas, indicadores e interacciones.",preventive,hybrid,continuous,governed_process,evidence_review,Registro o evidencia verificable de ejecución.,COMPLIANCE_MANAGER,tcdx_baseline,PLATFORM_CONTROL,1,published_candidate,TCDX_AUTHORED,TCDX_AUTHORED
CHANGE-001,Gestión de cambios,OPS,"Evaluar, aprobar, probar, implementar y revisar cambios controladamente.",preventive,hybrid,continuous,governed_process,evidence_review,Registro o evidencia verificable de ejecución.,COMPLIANCE_MANAGER,tcdx_baseline,PLATFORM_CONTROL,1,published_candidate,TCDX_AUTHORED,TCDX_AUTHORED
SUP-001,Gestión de terceros y proveedores,TPRM,"Evaluar, contratar, monitorear y revisar terceros según riesgo y obligaciones.",preventive,hybrid,continuous,governed_process,evidence_review,Registro o evidencia verificable de ejecución.,COMPLIANCE_MANAGER,tcdx_baseline,PLATFORM_CONTROL,1,published_candidate,TCDX_AUTHORED,TCDX_AUTHORED
CONTRACT-001,Gestión de obligaciones contractuales,TPRM,"Mantener obligaciones de seguridad, privacidad, calidad y cumplimiento en contratos.",preventive,hybrid,continuous,governed_process,evidence_review,Registro o evidencia verificable de ejecución.,COMPLIANCE_MANAGER,tcdx_baseline,PLATFORM_CONTROL,1,published_candidate,TCDX_AUTHORED,TCDX_AUTHORED
METRIC-001,"Monitoreo, medición y análisis",ASSURANCE,"Definir métricas, recolectar datos y evaluar desempeño y eficacia.",preventive,hybrid,continuous,governed_process,evidence_review,Registro o evidencia verificable de ejecución.,COMPLIANCE_MANAGER,tcdx_baseline,PLATFORM_CONTROL,1,published_candidate,TCDX_AUTHORED,TCDX_AUTHORED
AUDIT-001,Auditoría interna,ASSURANCE,Planificar y ejecutar auditorías independientes basadas en riesgo.,preventive,hybrid,continuous,governed_process,evidence_review,Registro o evidencia verificable de ejecución.,COMPLIANCE_MANAGER,tcdx_baseline,PLATFORM_CONTROL,1,published_candidate,TCDX_AUTHORED,TCDX_AUTHORED
NC-001,No conformidad y acción correctiva,IMPROVE,"Registrar no conformidades, analizar causas, corregir y verificar eficacia.",preventive,hybrid,continuous,governed_process,evidence_review,Registro o evidencia verificable de ejecución.,COMPLIANCE_MANAGER,tcdx_baseline,PLATFORM_CONTROL,1,published_candidate,TCDX_AUTHORED,TCDX_AUTHORED
IMPROVE-001,Mejora continua,IMPROVE,"Gestionar oportunidades de mejora basadas en desempeño, auditoría, incidentes y cambios.",preventive,hybrid,continuous,governed_process,evidence_review,Registro o evidencia verificable de ejecución.,COMPLIANCE_MANAGER,tcdx_baseline,PLATFORM_CONTROL,1,published_candidate,TCDX_AUTHORED,TCDX_AUTHORED
ACCESS-001,Gestión de accesos y privilegios,ACCESS,"Autorizar y limitar accesos según necesidad, rol y mínimo privilegio.",preventive,hybrid,continuous,governed_process,evidence_review,Registro o evidencia verificable de ejecución.,COMPLIANCE_MANAGER,tcdx_baseline,PLATFORM_CONTROL,1,published_candidate,TCDX_AUTHORED,TCDX_AUTHORED
ACCESS-002,Revisión periódica de accesos,ACCESS,Revisar periódicamente accesos y retirar privilegios innecesarios.,detective,hybrid,continuous,governed_process,evidence_review,Registro o evidencia verificable de ejecución.,COMPLIANCE_MANAGER,tcdx_baseline,PLATFORM_CONTROL,1,published_candidate,TCDX_AUTHORED,TCDX_AUTHORED
IAM-001,Gestión del ciclo de vida de identidades,ACCESS,"Controlar altas, cambios, bajas y autenticación de identidades.",preventive,hybrid,continuous,governed_process,evidence_review,Registro o evidencia verificable de ejecución.,COMPLIANCE_MANAGER,tcdx_baseline,PLATFORM_CONTROL,1,published_candidate,TCDX_AUTHORED,TCDX_AUTHORED
SOD-001,Segregación de funciones,ACCESS,Prevenir combinaciones incompatibles de responsabilidades y aprobaciones.,preventive,hybrid,continuous,governed_process,evidence_review,Registro o evidencia verificable de ejecución.,COMPLIANCE_MANAGER,tcdx_baseline,PLATFORM_CONTROL,1,published_candidate,TCDX_AUTHORED,TCDX_AUTHORED
ASSET-001,Inventario y propiedad de activos,ASSET,"Mantener inventario, clasificación, propietario y ciclo de vida de activos.",preventive,hybrid,continuous,governed_process,evidence_review,Registro o evidencia verificable de ejecución.,COMPLIANCE_MANAGER,tcdx_baseline,PLATFORM_CONTROL,1,published_candidate,TCDX_AUTHORED,TCDX_AUTHORED
CLASS-001,Clasificación y manejo de información,DATA,Clasificar información y aplicar manejo acorde a sensibilidad.,preventive,hybrid,continuous,governed_process,evidence_review,Registro o evidencia verificable de ejecución.,COMPLIANCE_MANAGER,tcdx_baseline,PLATFORM_CONTROL,1,published_candidate,TCDX_AUTHORED,TCDX_AUTHORED
TRANSFER-001,Transferencia segura de información,DATA,Proteger información durante transferencia interna o externa.,preventive,hybrid,continuous,governed_process,evidence_review,Registro o evidencia verificable de ejecución.,COMPLIANCE_MANAGER,tcdx_baseline,PLATFORM_CONTROL,1,published_candidate,TCDX_AUTHORED,TCDX_AUTHORED
CRYPTO-001,Uso de criptografía,SECURITY,Aplicar criptografía y gestión de claves de acuerdo con riesgo y clasificación.,preventive,hybrid,continuous,governed_process,evidence_review,Registro o evidencia verificable de ejecución.,COMPLIANCE_MANAGER,tcdx_baseline,PLATFORM_CONTROL,1,published_candidate,TCDX_AUTHORED,TCDX_AUTHORED
VULN-001,Gestión de vulnerabilidades,SECURITY,"Identificar, priorizar, remediar y verificar vulnerabilidades técnicas.",preventive,hybrid,continuous,governed_process,evidence_review,Registro o evidencia verificable de ejecución.,COMPLIANCE_MANAGER,tcdx_baseline,PLATFORM_CONTROL,1,published_candidate,TCDX_AUTHORED,TCDX_AUTHORED
CONFIG-001,Gestión de configuración segura,SECURITY,Definir y mantener configuraciones seguras y controladas.,preventive,hybrid,continuous,governed_process,evidence_review,Registro o evidencia verificable de ejecución.,COMPLIANCE_MANAGER,tcdx_baseline,PLATFORM_CONTROL,1,published_candidate,TCDX_AUTHORED,TCDX_AUTHORED
MAL-001,Protección contra malware,SECURITY,"Prevenir, detectar y responder a software malicioso.",preventive,hybrid,continuous,governed_process,evidence_review,Registro o evidencia verificable de ejecución.,COMPLIANCE_MANAGER,tcdx_baseline,PLATFORM_CONTROL,1,published_candidate,TCDX_AUTHORED,TCDX_AUTHORED
LOG-001,Registro de eventos,SECURITY,Generar y proteger logs suficientes para trazabilidad y seguridad.,preventive,hybrid,continuous,governed_process,evidence_review,Registro o evidencia verificable de ejecución.,COMPLIANCE_MANAGER,tcdx_baseline,PLATFORM_CONTROL,1,published_candidate,TCDX_AUTHORED,TCDX_AUTHORED
MON-001,Monitoreo de seguridad,SECURITY,Monitorear eventos y detectar comportamientos anómalos o incidentes.,detective,hybrid,continuous,governed_process,evidence_review,Registro o evidencia verificable de ejecución.,COMPLIANCE_MANAGER,tcdx_baseline,PLATFORM_CONTROL,1,published_candidate,TCDX_AUTHORED,TCDX_AUTHORED
NET-001,Seguridad de redes,SECURITY,"Proteger redes, servicios y segmentación de comunicaciones.",preventive,hybrid,continuous,governed_process,evidence_review,Registro o evidencia verificable de ejecución.,COMPLIANCE_MANAGER,tcdx_baseline,PLATFORM_CONTROL,1,published_candidate,TCDX_AUTHORED,TCDX_AUTHORED
DEV-001,Ciclo de desarrollo seguro,DEV,"Integrar requisitos, diseño, codificación, pruebas y cambios seguros.",preventive,hybrid,continuous,governed_process,evidence_review,Registro o evidencia verificable de ejecución.,COMPLIANCE_MANAGER,tcdx_baseline,PLATFORM_CONTROL,1,published_candidate,TCDX_AUTHORED,TCDX_AUTHORED
TEST-001,Pruebas y validación,DEV,"Verificar y validar requisitos funcionales, calidad, seguridad y cumplimiento.",preventive,hybrid,continuous,governed_process,evidence_review,Registro o evidencia verificable de ejecución.,COMPLIANCE_MANAGER,tcdx_baseline,PLATFORM_CONTROL,1,published_candidate,TCDX_AUTHORED,TCDX_AUTHORED
BACKUP-001,Respaldo y restauración,RESILIENCE,Mantener respaldos protegidos y demostrar restauración efectiva.,preventive,hybrid,continuous,governed_process,evidence_review,Registro o evidencia verificable de ejecución.,COMPLIANCE_MANAGER,tcdx_baseline,PLATFORM_CONTROL,1,published_candidate,TCDX_AUTHORED,TCDX_AUTHORED
BCM-001,Continuidad operacional,RESILIENCE,"Mantener estrategias, planes y pruebas de continuidad y recuperación.",preventive,hybrid,continuous,governed_process,evidence_review,Registro o evidencia verificable de ejecución.,COMPLIANCE_MANAGER,tcdx_baseline,PLATFORM_CONTROL,1,published_candidate,TCDX_AUTHORED,TCDX_AUTHORED
INCIDENT-001,Gestión de incidentes,INCIDENT,"Preparar, detectar, clasificar, responder, aprender y conservar evidencia de incidentes.",preventive,hybrid,continuous,governed_process,evidence_review,Registro o evidencia verificable de ejecución.,COMPLIANCE_MANAGER,tcdx_baseline,PLATFORM_CONTROL,1,published_candidate,TCDX_AUTHORED,TCDX_AUTHORED
EVIDENCE-001,Protección de evidencias y registros,EVIDENCE,"Preservar autenticidad, integridad, cadena de custodia y disponibilidad de evidencia.",preventive,hybrid,continuous,governed_process,evidence_review,Registro o evidencia verificable de ejecución.,COMPLIANCE_MANAGER,tcdx_baseline,PLATFORM_CONTROL,1,published_candidate,TCDX_AUTHORED,TCDX_AUTHORED
RETENTION-001,Retención y eliminación,DATA,Aplicar períodos de conservación y disposición segura según obligación y propósito.,preventive,hybrid,continuous,governed_process,evidence_review,Registro o evidencia verificable de ejecución.,COMPLIANCE_MANAGER,tcdx_baseline,PLATFORM_CONTROL,1,published_candidate,TCDX_AUTHORED,TCDX_AUTHORED
PRIV-001,Inventario de tratamientos de datos,PRIVACY,"Mantener inventario de tratamientos, finalidades, categorías, bases y destinatarios.",preventive,hybrid,continuous,governed_process,evidence_review,Registro o evidencia verificable de ejecución.,COMPLIANCE_MANAGER,tcdx_baseline,PLATFORM_CONTROL,1,published_candidate,TCDX_AUTHORED,TCDX_AUTHORED
PRIV-002,Bases de licitud y consentimiento,PRIVACY,Determinar base jurídica y gestionar consentimiento cuando corresponda.,preventive,hybrid,continuous,governed_process,evidence_review,Registro o evidencia verificable de ejecución.,COMPLIANCE_MANAGER,tcdx_baseline,PLATFORM_CONTROL,1,published_candidate,TCDX_AUTHORED,TCDX_AUTHORED
PRIV-003,Transparencia y avisos de privacidad,PRIVACY,Entregar información clara y accesible sobre tratamientos y derechos.,preventive,hybrid,continuous,governed_process,evidence_review,Registro o evidencia verificable de ejecución.,COMPLIANCE_MANAGER,tcdx_baseline,PLATFORM_CONTROL,1,published_candidate,TCDX_AUTHORED,TCDX_AUTHORED
PRIV-004,Gestión de derechos de titulares,PRIVACY,"Recibir, autenticar, resolver y evidenciar solicitudes de derechos.",preventive,hybrid,continuous,governed_process,evidence_review,Registro o evidencia verificable de ejecución.,COMPLIANCE_MANAGER,tcdx_baseline,PLATFORM_CONTROL,1,published_candidate,TCDX_AUTHORED,TCDX_AUTHORED
PRIV-005,Privacidad desde diseño y por defecto,PRIVACY,"Integrar minimización, necesidad y salvaguardas desde diseño y por defecto.",preventive,hybrid,continuous,governed_process,evidence_review,Registro o evidencia verificable de ejecución.,COMPLIANCE_MANAGER,tcdx_baseline,PLATFORM_CONTROL,1,published_candidate,TCDX_AUTHORED,TCDX_AUTHORED
PRIV-006,Seguridad de datos personales,PRIVACY,Aplicar medidas técnicas y organizativas adecuadas al riesgo de datos personales.,preventive,hybrid,continuous,governed_process,evidence_review,Registro o evidencia verificable de ejecución.,COMPLIANCE_MANAGER,tcdx_baseline,PLATFORM_CONTROL,1,published_candidate,TCDX_AUTHORED,TCDX_AUTHORED
PRIV-007,Gestión de encargados,PRIVACY,Evaluar y gobernar encargados/subencargados mediante instrucciones y contratos.,preventive,hybrid,continuous,governed_process,evidence_review,Registro o evidencia verificable de ejecución.,COMPLIANCE_MANAGER,tcdx_baseline,PLATFORM_CONTROL,1,published_candidate,TCDX_AUTHORED,TCDX_AUTHORED
PRIV-008,Transferencias internacionales,PRIVACY,Evaluar y documentar mecanismos y garantías de transferencias internacionales.,preventive,hybrid,continuous,governed_process,evidence_review,Registro o evidencia verificable de ejecución.,COMPLIANCE_MANAGER,tcdx_baseline,PLATFORM_CONTROL,1,published_candidate,TCDX_AUTHORED,TCDX_AUTHORED
PRIV-009,Gestión de vulneraciones de datos,PRIVACY,"Detectar, evaluar, registrar y comunicar vulneraciones de datos según obligación.",preventive,hybrid,continuous,governed_process,evidence_review,Registro o evidencia verificable de ejecución.,COMPLIANCE_MANAGER,tcdx_baseline,PLATFORM_CONTROL,1,published_candidate,TCDX_AUTHORED,TCDX_AUTHORED
PRIV-010,Calidad y minimización de datos,PRIVACY,"Mantener datos pertinentes, exactos, actualizados y limitados a lo necesario.",preventive,hybrid,continuous,governed_process,evidence_review,Registro o evidencia verificable de ejecución.,COMPLIANCE_MANAGER,tcdx_baseline,PLATFORM_CONTROL,1,published_candidate,TCDX_AUTHORED,TCDX_AUTHORED
PRIV-011,Datos sensibles y grupos vulnerables,PRIVACY,Aplicar salvaguardas reforzadas a datos sensibles y titulares vulnerables.,preventive,hybrid,continuous,governed_process,evidence_review,Registro o evidencia verificable de ejecución.,COMPLIANCE_MANAGER,tcdx_baseline,PLATFORM_CONTROL,1,published_candidate,TCDX_AUTHORED,TCDX_AUTHORED
PRIV-012,Decisiones automatizadas y perfilamiento,PRIVACY,"Gobernar decisiones automatizadas, transparencia, explicación, intervención y revisión.",preventive,hybrid,continuous,governed_process,evidence_review,Registro o evidencia verificable de ejecución.,COMPLIANCE_MANAGER,tcdx_baseline,PLATFORM_CONTROL,1,published_candidate,TCDX_AUTHORED,TCDX_AUTHORED
AI-001,Política de IA,AI,"Establecer, alinear y revisar política para desarrollo y uso responsable de IA.",preventive,hybrid,continuous,governed_process,evidence_review,Registro o evidencia verificable de ejecución.,COMPLIANCE_MANAGER,tcdx_baseline,PLATFORM_CONTROL,1,published_candidate,TCDX_AUTHORED,TCDX_AUTHORED
AI-002,Roles y accountability de IA,AI,Asignar responsabilidades y canales de reporte para sistemas de IA.,preventive,hybrid,continuous,governed_process,evidence_review,Registro o evidencia verificable de ejecución.,COMPLIANCE_MANAGER,tcdx_baseline,PLATFORM_CONTROL,1,published_candidate,TCDX_AUTHORED,TCDX_AUTHORED
AI-003,Inventario de sistemas de IA,AI,"Mantener inventario, propietario, finalidad, estado y criticidad de sistemas IA.",preventive,hybrid,continuous,governed_process,evidence_review,Registro o evidencia verificable de ejecución.,COMPLIANCE_MANAGER,tcdx_baseline,PLATFORM_CONTROL,1,published_candidate,TCDX_AUTHORED,TCDX_AUTHORED
AI-004,Recursos de IA,AI,"Documentar datos, herramientas, cómputo y recursos humanos de sistemas IA.",preventive,hybrid,continuous,governed_process,evidence_review,Registro o evidencia verificable de ejecución.,COMPLIANCE_MANAGER,tcdx_baseline,PLATFORM_CONTROL,1,published_candidate,TCDX_AUTHORED,TCDX_AUTHORED
AI-005,Evaluación de impacto de IA,AI,"Evaluar y documentar impactos sobre individuos, grupos y sociedad.",preventive,hybrid,continuous,governed_process,evidence_review,Registro o evidencia verificable de ejecución.,COMPLIANCE_MANAGER,tcdx_baseline,PLATFORM_CONTROL,1,published_candidate,TCDX_AUTHORED,TCDX_AUTHORED
AI-006,Gestión de riesgos de IA,AI,"Identificar, evaluar, tratar y monitorear riesgos específicos de IA.",preventive,hybrid,continuous,governed_process,evidence_review,Registro o evidencia verificable de ejecución.,COMPLIANCE_MANAGER,tcdx_baseline,PLATFORM_CONTROL,1,published_candidate,TCDX_AUTHORED,TCDX_AUTHORED
AI-007,Requisitos y diseño responsable de IA,AI,"Definir requisitos, objetivos y criterios de diseño responsable para IA.",preventive,hybrid,continuous,governed_process,evidence_review,Registro o evidencia verificable de ejecución.,COMPLIANCE_MANAGER,tcdx_baseline,PLATFORM_CONTROL,1,published_candidate,TCDX_AUTHORED,TCDX_AUTHORED
AI-008,Verificación y validación de IA,AI,Verificar y validar sistemas IA antes y durante operación.,detective,hybrid,continuous,governed_process,evidence_review,Registro o evidencia verificable de ejecución.,COMPLIANCE_MANAGER,tcdx_baseline,PLATFORM_CONTROL,1,published_candidate,TCDX_AUTHORED,TCDX_AUTHORED
AI-009,Despliegue y cambios de IA,AI,"Controlar despliegue, versiones, cambios y rollback de sistemas IA.",preventive,hybrid,continuous,governed_process,evidence_review,Registro o evidencia verificable de ejecución.,COMPLIANCE_MANAGER,tcdx_baseline,PLATFORM_CONTROL,1,published_candidate,TCDX_AUTHORED,TCDX_AUTHORED
AI-010,Monitoreo y logging de IA,AI,Monitorear desempeño/comportamiento y conservar eventos relevantes de IA.,detective,hybrid,continuous,governed_process,evidence_review,Registro o evidencia verificable de ejecución.,COMPLIANCE_MANAGER,tcdx_baseline,PLATFORM_CONTROL,1,published_candidate,TCDX_AUTHORED,TCDX_AUTHORED
AI-011,Documentación técnica y para usuarios,AI,"Mantener documentación técnica, limitaciones, uso previsto e información para usuarios.",preventive,hybrid,continuous,governed_process,evidence_review,Registro o evidencia verificable de ejecución.,COMPLIANCE_MANAGER,tcdx_baseline,PLATFORM_CONTROL,1,published_candidate,TCDX_AUTHORED,TCDX_AUTHORED
AI-012,Gobierno de datos para IA,AI,"Gestionar adquisición, calidad, proveniencia, preparación y uso de datos IA.",preventive,hybrid,continuous,governed_process,evidence_review,Registro o evidencia verificable de ejecución.,COMPLIANCE_MANAGER,tcdx_baseline,PLATFORM_CONTROL,1,published_candidate,TCDX_AUTHORED,TCDX_AUTHORED
AI-013,Uso responsable y límites de uso,AI,"Definir uso previsto, restricciones y procesos para uso responsable de IA.",preventive,hybrid,continuous,governed_process,evidence_review,Registro o evidencia verificable de ejecución.,COMPLIANCE_MANAGER,tcdx_baseline,PLATFORM_CONTROL,1,published_candidate,TCDX_AUTHORED,TCDX_AUTHORED
AI-014,Incidentes y preocupaciones de IA,AI,"Habilitar reporte, respuesta y comunicación de incidentes/preocupaciones IA.",preventive,hybrid,continuous,governed_process,evidence_review,Registro o evidencia verificable de ejecución.,COMPLIANCE_MANAGER,tcdx_baseline,PLATFORM_CONTROL,1,published_candidate,TCDX_AUTHORED,TCDX_AUTHORED
AI-015,Terceros y cadena de suministro IA,AI,Asignar responsabilidades y gobernar proveedores/clientes en la cadena de IA.,preventive,hybrid,continuous,governed_process,evidence_review,Registro o evidencia verificable de ejecución.,COMPLIANCE_MANAGER,tcdx_baseline,PLATFORM_CONTROL,1,published_candidate,TCDX_AUTHORED,TCDX_AUTHORED
QUALITY-001,Gestión de requisitos de clientes,QUALITY,"Determinar, revisar y controlar requisitos de productos/servicios y comunicaciones con clientes.",preventive,hybrid,continuous,governed_process,evidence_review,Registro o evidencia verificable de ejecución.,COMPLIANCE_MANAGER,tcdx_baseline,PLATFORM_CONTROL,1,published_candidate,TCDX_AUTHORED,TCDX_AUTHORED
QUALITY-002,Diseño y desarrollo de productos/servicios,QUALITY,"Planificar y controlar diseño, entradas, revisiones, verificación, validación y cambios.",preventive,hybrid,continuous,governed_process,evidence_review,Registro o evidencia verificable de ejecución.,COMPLIANCE_MANAGER,tcdx_baseline,PLATFORM_CONTROL,1,published_candidate,TCDX_AUTHORED,TCDX_AUTHORED
QUALITY-003,Control de provisión externa,QUALITY,"Definir criterios de selección, evaluación y control de proveedores externos.",preventive,hybrid,continuous,governed_process,evidence_review,Registro o evidencia verificable de ejecución.,COMPLIANCE_MANAGER,tcdx_baseline,PLATFORM_CONTROL,1,published_candidate,TCDX_AUTHORED,TCDX_AUTHORED
QUALITY-004,Control operacional de provisión,QUALITY,Ejecutar provisión bajo condiciones controladas y criterios definidos.,preventive,hybrid,continuous,governed_process,evidence_review,Registro o evidencia verificable de ejecución.,COMPLIANCE_MANAGER,tcdx_baseline,PLATFORM_CONTROL,1,published_candidate,TCDX_AUTHORED,TCDX_AUTHORED
QUALITY-005,Liberación de productos/servicios,QUALITY,Verificar cumplimiento de criterios antes de liberación.,preventive,hybrid,continuous,governed_process,evidence_review,Registro o evidencia verificable de ejecución.,COMPLIANCE_MANAGER,tcdx_baseline,PLATFORM_CONTROL,1,published_candidate,TCDX_AUTHORED,TCDX_AUTHORED
QUALITY-006,Control de salidas no conformes,QUALITY,"Identificar, contener, corregir y disponer salidas no conformes.",preventive,hybrid,continuous,governed_process,evidence_review,Registro o evidencia verificable de ejecución.,COMPLIANCE_MANAGER,tcdx_baseline,PLATFORM_CONTROL,1,published_candidate,TCDX_AUTHORED,TCDX_AUTHORED
QUALITY-007,Satisfacción del cliente,QUALITY,Monitorear percepción y satisfacción del cliente y actuar sobre resultados.,detective,hybrid,continuous,governed_process,evidence_review,Registro o evidencia verificable de ejecución.,COMPLIANCE_MANAGER,tcdx_baseline,PLATFORM_CONTROL,1,published_candidate,TCDX_AUTHORED,TCDX_AUTHORED
PHYS-001,Seguridad física y ambiental,SECURITY,"Proteger instalaciones, áreas, equipos y medios frente a acceso y amenazas físicas.",preventive,hybrid,continuous,governed_process,evidence_review,Registro o evidencia verificable de ejecución.,COMPLIANCE_MANAGER,tcdx_baseline,PLATFORM_CONTROL,1,published_candidate,TCDX_AUTHORED,TCDX_AUTHORED
CLOUD-001,Gobierno de servicios cloud,SECURITY,"Evaluar, contratar, configurar, monitorear y terminar servicios cloud de forma segura.",preventive,hybrid,continuous,governed_process,evidence_review,Registro o evidencia verificable de ejecución.,COMPLIANCE_MANAGER,tcdx_baseline,PLATFORM_CONTROL,1,published_candidate,TCDX_AUTHORED,TCDX_AUTHORED
DLP-001,Prevención de fuga de información,DATA,Prevenir y detectar divulgación o extracción no autorizada de información.,preventive,hybrid,continuous,governed_process,evidence_review,Registro o evidencia verificable de ejecución.,COMPLIANCE_MANAGER,tcdx_baseline,PLATFORM_CONTROL,1,published_candidate,TCDX_AUTHORED,TCDX_AUTHORED
